subject,group,config,version,evaluation,TH,M,scored_hours,n_test_BL_eval,n_test_lunch_eval,n_test_lunch_touched,TP,FP,FN,days,sensitivity,precision,F1,FP_per_day,delay_mean_min,delay_median_min,TP_breakfast,TP_lunch,TP_lunch_touched,delays,cc_peak_minus_meal_median_min
CGMacros-001,healthy,window,persTMA,C05,680.440185934759,11,44.5,8,4,0,5,6,3,4.545138888888889,0.625,0.45454545454545453,0.5263157894736842,1.3200916730328494,28.4,24.0,2,3,0,"[2.0, 41.0, 24.0, 73.0, 2.0]",
CGMacros-001,healthy,window,persTMA,C05-15,680.440185934759,11,44.5,8,4,0,7,4,1,4.545138888888889,0.875,0.6363636363636364,0.7368421052631579,0.8800611153552329,19.428571428571427,2.0,4,3,0,"[-3.0, 2.0, 41.0, 24.0, 73.0, -3.0, 2.0]",
CGMacros-001,healthy,window,persTMA,native,680.440185934759,11,56.166666666666664,8,4,0,7,6,1,4.545138888888889,0.875,0.5384615384615384,0.6666666666666666,1.3200916730328494,7.857142857142857,0.0,4,3,0,"[-5.0, 0.0, -25.0, 20.0, 70.0, -5.0, 0.0]",25.0
CGMacros-001,healthy,mask,persTMA,C05,680.440185934759,11,44.416666666666664,8,4,0,5,6,3,4.545138888888889,0.625,0.45454545454545453,0.5263157894736842,1.3200916730328494,28.4,24.0,2,3,0,"[2.0, 41.0, 24.0, 73.0, 2.0]",
CGMacros-001,healthy,mask,persTMA,C05-15,680.440185934759,11,44.416666666666664,8,4,0,7,4,1,4.545138888888889,0.875,0.6363636363636364,0.7368421052631579,0.8800611153552329,19.428571428571427,2.0,4,3,0,"[-3.0, 2.0, 41.0, 24.0, 73.0, -3.0, 2.0]",
CGMacros-001,healthy,mask,persTMA,native,680.440185934759,11,56.083333333333336,8,4,0,7,6,1,4.545138888888889,0.875,0.5384615384615384,0.6666666666666666,1.3200916730328494,7.857142857142857,0.0,4,3,0,"[-5.0, 0.0, -25.0, 20.0, 70.0, -5.0, 0.0]",25.0
CGMacros-001,healthy,mask_nocarve,persTMA,C05,680.440185934759,11,44.416666666666664,8,4,0,5,6,3,4.545138888888889,0.625,0.45454545454545453,0.5263157894736842,1.3200916730328494,28.4,24.0,2,3,0,"[2.0, 41.0, 24.0, 73.0, 2.0]",
CGMacros-001,healthy,mask_nocarve,persTMA,C05-15,680.440185934759,11,44.416666666666664,8,4,0,7,4,1,4.545138888888889,0.875,0.6363636363636364,0.7368421052631579,0.8800611153552329,19.428571428571427,2.0,4,3,0,"[-3.0, 2.0, 41.0, 24.0, 73.0, -3.0, 2.0]",
CGMacros-001,healthy,mask_nocarve,persTMA,native,680.440185934759,11,56.083333333333336,8,4,0,7,6,1,4.545138888888889,0.875,0.5384615384615384,0.6666666666666666,1.3200916730328494,7.857142857142857,0.0,4,3,0,"[-5.0, 0.0, -25.0, 20.0, 70.0, -5.0, 0.0]",25.0
CGMacros-001,healthy,mask_retuned,persTMA,C05,680.440185934759,11,44.416666666666664,8,4,0,5,6,3,4.545138888888889,0.625,0.45454545454545453,0.5263157894736842,1.3200916730328494,28.4,24.0,2,3,0,"[2.0, 41.0, 24.0, 73.0, 2.0]",
CGMacros-001,healthy,mask_retuned,persTMA,C05-15,680.440185934759,11,44.416666666666664,8,4,0,7,4,1,4.545138888888889,0.875,0.6363636363636364,0.7368421052631579,0.8800611153552329,19.428571428571427,2.0,4,3,0,"[-3.0, 2.0, 41.0, 24.0, 73.0, -3.0, 2.0]",
CGMacros-001,healthy,mask_retuned,persTMA,native,680.440185934759,11,56.083333333333336,8,4,0,7,6,1,4.545138888888889,0.875,0.5384615384615384,0.6666666666666666,1.3200916730328494,7.857142857142857,0.0,4,3,0,"[-5.0, 0.0, -25.0, 20.0, 70.0, -5.0, 0.0]",25.0
CGMacros-001,healthy,window,popTMA,C05,3964.560463689071,29,44.5,8,4,0,1,3,7,4.545138888888889,0.125,0.25,0.16666666666666666,0.6600458365164247,4.0,4.0,1,0,0,[4.0],
CGMacros-001,healthy,window,popTMA,C05-15,3964.560463689071,29,44.5,8,4,0,2,2,6,4.545138888888889,0.25,0.5,0.3333333333333333,0.44003055767761645,-4.5,-4.5,2,0,0,"[-13.0, 4.0]",
CGMacros-001,healthy,window,popTMA,native,3964.560463689071,29,56.166666666666664,8,4,0,4,1,4,4.545138888888889,0.5,0.8,0.6153846153846154,0.22001527883880823,-15.0,-17.5,3,1,0,"[-15.0, 0.0, -25.0, -20.0]",52.5
CGMacros-001,healthy,mask,popTMA,C05,3964.560463689071,29,44.416666666666664,8,4,0,1,3,7,4.545138888888889,0.125,0.25,0.16666666666666666,0.6600458365164247,4.0,4.0,1,0,0,[4.0],
CGMacros-001,healthy,mask,popTMA,C05-15,3964.560463689071,29,44.416666666666664,8,4,0,2,2,6,4.545138888888889,0.25,0.5,0.3333333333333333,0.44003055767761645,-4.5,-4.5,2,0,0,"[-13.0, 4.0]",
CGMacros-001,healthy,mask,popTMA,native,3964.560463689071,29,56.083333333333336,8,4,0,4,1,4,4.545138888888889,0.5,0.8,0.6153846153846154,0.22001527883880823,-15.0,-17.5,3,1,0,"[-15.0, 0.0, -25.0, -20.0]",52.5
CGMacros-001,healthy,mask_nocarve,popTMA,C05,3964.560463689071,29,44.416666666666664,8,4,0,1,3,7,4.545138888888889,0.125,0.25,0.16666666666666666,0.6600458365164247,4.0,4.0,1,0,0,[4.0],
CGMacros-001,healthy,mask_nocarve,popTMA,C05-15,3964.560463689071,29,44.416666666666664,8,4,0,2,2,6,4.545138888888889,0.25,0.5,0.3333333333333333,0.44003055767761645,-4.5,-4.5,2,0,0,"[-13.0, 4.0]",
CGMacros-001,healthy,mask_nocarve,popTMA,native,3964.560463689071,29,56.083333333333336,8,4,0,4,1,4,4.545138888888889,0.5,0.8,0.6153846153846154,0.22001527883880823,-15.0,-17.5,3,1,0,"[-15.0, 0.0, -25.0, -20.0]",52.5
CGMacros-001,healthy,mask_retuned,popTMA,C05,3964.560463689071,29,44.416666666666664,8,4,0,1,3,7,4.545138888888889,0.125,0.25,0.16666666666666666,0.6600458365164247,4.0,4.0,1,0,0,[4.0],
CGMacros-001,healthy,mask_retuned,popTMA,C05-15,3964.560463689071,29,44.416666666666664,8,4,0,2,2,6,4.545138888888889,0.25,0.5,0.3333333333333333,0.44003055767761645,-4.5,-4.5,2,0,0,"[-13.0, 4.0]",
CGMacros-001,healthy,mask_retuned,popTMA,native,3964.560463689071,29,56.083333333333336,8,4,0,4,1,4,4.545138888888889,0.5,0.8,0.6153846153846154,0.22001527883880823,-15.0,-17.5,3,1,0,"[-15.0, 0.0, -25.0, -20.0]",52.5
CGMacros-002,healthy,window,persTMA,C05,5743.297997738071,23,34.083333333333336,6,3,0,6,1,0,3.670138888888889,1.0,0.8571428571428571,0.9230769230769231,0.27246925260170296,15.666666666666666,19.5,3,3,0,"[1.0, 18.0, 25.0, 24.0, 5.0, 21.0]",
CGMacros-002,healthy,window,persTMA,C05-15,5743.297997738071,23,34.083333333333336,6,3,0,6,1,0,3.670138888888889,1.0,0.8571428571428571,0.9230769230769231,0.27246925260170296,15.666666666666666,19.5,3,3,0,"[1.0, 18.0, 25.0, 24.0, 5.0, 21.0]",
CGMacros-002,healthy,window,persTMA,native,5743.297997738071,23,43.416666666666664,6,3,0,6,1,0,3.670138888888889,1.0,0.8571428571428571,0.9230769230769231,0.27246925260170296,14.166666666666666,17.5,3,3,0,"[0.0, 15.0, 25.0, 20.0, 5.0, 20.0]",72.5
CGMacros-002,healthy,mask,persTMA,C05,5743.297997738071,23,33.25,6,3,0,6,1,0,3.670138888888889,1.0,0.8571428571428571,0.9230769230769231,0.27246925260170296,15.666666666666666,19.5,3,3,0,"[1.0, 18.0, 25.0, 24.0, 5.0, 21.0]",
CGMacros-002,healthy,mask,persTMA,C05-15,5743.297997738071,23,33.25,6,3,0,6,1,0,3.670138888888889,1.0,0.8571428571428571,0.9230769230769231,0.27246925260170296,15.666666666666666,19.5,3,3,0,"[1.0, 18.0, 25.0, 24.0, 5.0, 21.0]",
CGMacros-002,healthy,mask,persTMA,native,5743.297997738071,23,42.583333333333336,6,3,0,6,1,0,3.670138888888889,1.0,0.8571428571428571,0.9230769230769231,0.27246925260170296,14.166666666666666,17.5,3,3,0,"[0.0, 15.0, 25.0, 20.0, 5.0, 20.0]",72.5
CGMacros-002,healthy,mask_nocarve,persTMA,C05,5743.297997738071,23,33.25,6,3,0,6,1,0,3.670138888888889,1.0,0.8571428571428571,0.9230769230769231,0.27246925260170296,15.666666666666666,19.5,3,3,0,"[1.0, 18.0, 25.0, 24.0, 5.0, 21.0]",
CGMacros-002,healthy,mask_nocarve,persTMA,C05-15,5743.297997738071,23,33.25,6,3,0,6,1,0,3.670138888888889,1.0,0.8571428571428571,0.9230769230769231,0.27246925260170296,15.666666666666666,19.5,3,3,0,"[1.0, 18.0, 25.0, 24.0, 5.0, 21.0]",
CGMacros-002,healthy,mask_nocarve,persTMA,native,5743.297997738071,23,42.583333333333336,6,3,0,6,1,0,3.670138888888889,1.0,0.8571428571428571,0.9230769230769231,0.27246925260170296,14.166666666666666,17.5,3,3,0,"[0.0, 15.0, 25.0, 20.0, 5.0, 20.0]",72.5
CGMacros-002,healthy,mask_retuned,persTMA,C05,5743.297997738071,23,33.25,6,3,0,6,1,0,3.670138888888889,1.0,0.8571428571428571,0.9230769230769231,0.27246925260170296,15.666666666666666,19.5,3,3,0,"[1.0, 18.0, 25.0, 24.0, 5.0, 21.0]",
CGMacros-002,healthy,mask_retuned,persTMA,C05-15,5743.297997738071,23,33.25,6,3,0,6,1,0,3.670138888888889,1.0,0.8571428571428571,0.9230769230769231,0.27246925260170296,15.666666666666666,19.5,3,3,0,"[1.0, 18.0, 25.0, 24.0, 5.0, 21.0]",
CGMacros-002,healthy,mask_retuned,persTMA,native,5743.297997738071,23,42.583333333333336,6,3,0,6,1,0,3.670138888888889,1.0,0.8571428571428571,0.9230769230769231,0.27246925260170296,14.166666666666666,17.5,3,3,0,"[0.0, 15.0, 25.0, 20.0, 5.0, 20.0]",72.5
CGMacros-002,healthy,window,popTMA,C05,4133.007516377173,29,34.083333333333336,6,3,0,4,3,2,3.670138888888889,0.6666666666666666,0.5714285714285714,0.6153846153846154,0.8174077578051088,7.0,7.5,1,3,0,"[3.0, 10.0, 9.0, 6.0]",
CGMacros-002,healthy,window,popTMA,C05-15,4133.007516377173,29,34.083333333333336,6,3,0,5,2,1,3.670138888888889,0.8333333333333334,0.7142857142857143,0.7692307692307693,0.5449385052034059,3.6,6.0,2,3,0,"[3.0, 10.0, 9.0, -10.0, 6.0]",
CGMacros-002,healthy,window,popTMA,native,4133.007516377173,29,43.416666666666664,6,3,0,6,1,0,3.670138888888889,1.0,0.8571428571428571,0.9230769230769231,0.27246925260170296,-1.6666666666666667,2.5,3,3,0,"[-20.0, 0.0, 10.0, 5.0, -10.0, 5.0]",72.5
CGMacros-002,healthy,mask,popTMA,C05,4133.007516377173,29,33.25,6,3,0,4,3,2,3.670138888888889,0.6666666666666666,0.5714285714285714,0.6153846153846154,0.8174077578051088,7.0,7.5,1,3,0,"[3.0, 10.0, 9.0, 6.0]",
CGMacros-002,healthy,mask,popTMA,C05-15,4133.007516377173,29,33.25,6,3,0,5,2,1,3.670138888888889,0.8333333333333334,0.7142857142857143,0.7692307692307693,0.5449385052034059,3.6,6.0,2,3,0,"[3.0, 10.0, 9.0, -10.0, 6.0]",
CGMacros-002,healthy,mask,popTMA,native,4133.007516377173,29,42.583333333333336,6,3,0,6,1,0,3.670138888888889,1.0,0.8571428571428571,0.9230769230769231,0.27246925260170296,-1.6666666666666667,2.5,3,3,0,"[-20.0, 0.0, 10.0, 5.0, -10.0, 5.0]",72.5
CGMacros-002,healthy,mask_nocarve,popTMA,C05,4133.007516377173,29,33.25,6,3,0,4,3,2,3.670138888888889,0.6666666666666666,0.5714285714285714,0.6153846153846154,0.8174077578051088,7.0,7.5,1,3,0,"[3.0, 10.0, 9.0, 6.0]",
CGMacros-002,healthy,mask_nocarve,popTMA,C05-15,4133.007516377173,29,33.25,6,3,0,5,2,1,3.670138888888889,0.8333333333333334,0.7142857142857143,0.7692307692307693,0.5449385052034059,3.6,6.0,2,3,0,"[3.0, 10.0, 9.0, -10.0, 6.0]",
CGMacros-002,healthy,mask_nocarve,popTMA,native,4133.007516377173,29,42.583333333333336,6,3,0,6,1,0,3.670138888888889,1.0,0.8571428571428571,0.9230769230769231,0.27246925260170296,-1.6666666666666667,2.5,3,3,0,"[-20.0, 0.0, 10.0, 5.0, -10.0, 5.0]",72.5
CGMacros-002,healthy,mask_retuned,popTMA,C05,3791.7648210753796,29,33.25,6,3,0,4,3,2,3.670138888888889,0.6666666666666666,0.5714285714285714,0.6153846153846154,0.8174077578051088,7.0,7.5,1,3,0,"[3.0, 10.0, 9.0, 6.0]",
CGMacros-002,healthy,mask_retuned,popTMA,C05-15,3791.7648210753796,29,33.25,6,3,0,5,2,1,3.670138888888889,0.8333333333333334,0.7142857142857143,0.7692307692307693,0.5449385052034059,3.6,6.0,2,3,0,"[3.0, 10.0, 9.0, -10.0, 6.0]",
CGMacros-002,healthy,mask_retuned,popTMA,native,3791.7648210753796,29,42.583333333333336,6,3,0,6,1,0,3.670138888888889,1.0,0.8571428571428571,0.9230769230769231,0.27246925260170296,-1.6666666666666667,2.5,3,3,0,"[-20.0, 0.0, 10.0, 5.0, -10.0, 5.0]",72.5
CGMacros-003,T2D,window,persTMA,C05,5944.93337641198,25,33.416666666666664,7,3,0,4,2,3,3.642361111111111,0.5714285714285714,0.6666666666666666,0.6153846153846154,0.5490943755958055,22.75,15.0,2,2,0,"[4.0, 16.0, 57.0, 14.0]",
CGMacros-003,T2D,window,persTMA,C05-15,5944.93337641198,25,33.416666666666664,7,3,0,5,1,2,3.642361111111111,0.7142857142857143,0.8333333333333334,0.7692307692307693,0.27454718779790277,17.4,14.0,3,2,0,"[4.0, 16.0, 57.0, -4.0, 14.0]",
CGMacros-003,T2D,window,persTMA,native,5944.93337641198,25,42.75,7,3,0,5,0,2,3.642361111111111,0.7142857142857143,1.0,0.8333333333333334,0.0,15.0,10.0,3,2,0,"[0.0, 15.0, 55.0, -5.0, 10.0]",70.0
CGMacros-003,T2D,mask,persTMA,C05,5944.93337641198,25,31.0,7,3,0,4,1,3,3.642361111111111,0.5714285714285714,0.8,0.6666666666666666,0.27454718779790277,22.75,15.0,2,2,0,"[4.0, 16.0, 57.0, 14.0]",
CGMacros-003,T2D,mask,persTMA,C05-15,5944.93337641198,25,31.0,7,3,0,5,0,2,3.642361111111111,0.7142857142857143,1.0,0.8333333333333334,0.0,17.4,14.0,3,2,0,"[4.0, 16.0, 57.0, -4.0, 14.0]",
CGMacros-003,T2D,mask,persTMA,native,5944.93337641198,25,40.333333333333336,7,3,0,5,0,2,3.642361111111111,0.7142857142857143,1.0,0.8333333333333334,0.0,15.0,10.0,3,2,0,"[0.0, 15.0, 55.0, -5.0, 10.0]",70.0
CGMacros-003,T2D,mask_nocarve,persTMA,C05,5944.93337641198,25,31.0,7,3,0,4,1,3,3.642361111111111,0.5714285714285714,0.8,0.6666666666666666,0.27454718779790277,22.75,15.0,2,2,0,"[4.0, 16.0, 57.0, 14.0]",
CGMacros-003,T2D,mask_nocarve,persTMA,C05-15,5944.93337641198,25,31.0,7,3,0,5,0,2,3.642361111111111,0.7142857142857143,1.0,0.8333333333333334,0.0,17.4,14.0,3,2,0,"[4.0, 16.0, 57.0, -4.0, 14.0]",
CGMacros-003,T2D,mask_nocarve,persTMA,native,5944.93337641198,25,40.333333333333336,7,3,0,5,0,2,3.642361111111111,0.7142857142857143,1.0,0.8333333333333334,0.0,15.0,10.0,3,2,0,"[0.0, 15.0, 55.0, -5.0, 10.0]",70.0
CGMacros-003,T2D,mask_retuned,persTMA,C05,5944.93337641198,25,31.0,7,3,0,4,1,3,3.642361111111111,0.5714285714285714,0.8,0.6666666666666666,0.27454718779790277,22.75,15.0,2,2,0,"[4.0, 16.0, 57.0, 14.0]",
CGMacros-003,T2D,mask_retuned,persTMA,C05-15,5944.93337641198,25,31.0,7,3,0,5,0,2,3.642361111111111,0.7142857142857143,1.0,0.8333333333333334,0.0,17.4,14.0,3,2,0,"[4.0, 16.0, 57.0, -4.0, 14.0]",
CGMacros-003,T2D,mask_retuned,persTMA,native,5944.93337641198,25,40.333333333333336,7,3,0,5,0,2,3.642361111111111,0.7142857142857143,1.0,0.8333333333333334,0.0,15.0,10.0,3,2,0,"[0.0, 15.0, 55.0, -5.0, 10.0]",70.0
CGMacros-003,T2D,window,popTMA,C05,3718.338386823685,29,33.416666666666664,7,3,0,2,4,5,3.642361111111111,0.2857142857142857,0.3333333333333333,0.3076923076923077,1.098188751191611,21.5,21.5,1,1,0,"[1.0, 42.0]",
CGMacros-003,T2D,window,popTMA,C05-15,3718.338386823685,29,33.416666666666664,7,3,0,4,2,3,3.642361111111111,0.5714285714285714,0.6666666666666666,0.6153846153846154,0.5490943755958055,7.75,0.0,2,2,0,"[-11.0, 1.0, 42.0, -1.0]",
CGMacros-003,T2D,window,popTMA,native,3718.338386823685,29,42.75,7,3,0,5,0,2,3.642361111111111,0.7142857142857143,1.0,0.8333333333333334,0.0,0.0,-5.0,3,2,0,"[-15.0, 0.0, 40.0, -20.0, -5.0]",65.0
CGMacros-003,T2D,mask,popTMA,C05,3718.338386823685,29,31.0,7,3,0,2,3,5,3.642361111111111,0.2857142857142857,0.4,0.3333333333333333,0.8236415633937083,21.5,21.5,1,1,0,"[1.0, 42.0]",
CGMacros-003,T2D,mask,popTMA,C05-15,3718.338386823685,29,31.0,7,3,0,4,1,3,3.642361111111111,0.5714285714285714,0.8,0.6666666666666666,0.27454718779790277,7.75,0.0,2,2,0,"[-11.0, 1.0, 42.0, -1.0]",
CGMacros-003,T2D,mask,popTMA,native,3718.338386823685,29,40.333333333333336,7,3,0,5,0,2,3.642361111111111,0.7142857142857143,1.0,0.8333333333333334,0.0,0.0,-5.0,3,2,0,"[-15.0, 0.0, 40.0, -20.0, -5.0]",65.0
CGMacros-003,T2D,mask_nocarve,popTMA,C05,3718.338386823685,29,31.0,7,3,0,2,3,5,3.642361111111111,0.2857142857142857,0.4,0.3333333333333333,0.8236415633937083,21.5,21.5,1,1,0,"[1.0, 42.0]",
CGMacros-003,T2D,mask_nocarve,popTMA,C05-15,3718.338386823685,29,31.0,7,3,0,4,1,3,3.642361111111111,0.5714285714285714,0.8,0.6666666666666666,0.27454718779790277,7.75,0.0,2,2,0,"[-11.0, 1.0, 42.0, -1.0]",
CGMacros-003,T2D,mask_nocarve,popTMA,native,3718.338386823685,29,40.333333333333336,7,3,0,5,0,2,3.642361111111111,0.7142857142857143,1.0,0.8333333333333334,0.0,0.0,-5.0,3,2,0,"[-15.0, 0.0, 40.0, -20.0, -5.0]",65.0
CGMacros-003,T2D,mask_retuned,popTMA,C05,3718.338386823685,29,31.0,7,3,0,2,3,5,3.642361111111111,0.2857142857142857,0.4,0.3333333333333333,0.8236415633937083,21.5,21.5,1,1,0,"[1.0, 42.0]",
CGMacros-003,T2D,mask_retuned,popTMA,C05-15,3718.338386823685,29,31.0,7,3,0,4,1,3,3.642361111111111,0.5714285714285714,0.8,0.6666666666666666,0.27454718779790277,7.75,0.0,2,2,0,"[-11.0, 1.0, 42.0, -1.0]",
CGMacros-003,T2D,mask_retuned,popTMA,native,3718.338386823685,29,40.333333333333336,7,3,0,5,0,2,3.642361111111111,0.7142857142857143,1.0,0.8333333333333334,0.0,0.0,-5.0,3,2,0,"[-15.0, 0.0, 40.0, -20.0, -5.0]",65.0
CGMacros-004,healthy,window,persTMA,C05,5187.596425251195,25,32.25,6,3,0,2,2,4,3.513888888888889,0.3333333333333333,0.5,0.4,0.5691699604743083,31.0,31.0,1,1,0,"[51.0, 11.0]",
CGMacros-004,healthy,window,persTMA,C05-15,5187.596425251195,25,32.25,6,3,0,3,1,3,3.513888888888889,0.5,0.75,0.6,0.2845849802371542,19.666666666666668,11.0,2,1,0,"[-3.0, 51.0, 11.0]",
CGMacros-004,healthy,window,persTMA,native,5187.596425251195,25,41.583333333333336,6,3,0,4,0,2,3.513888888888889,0.6666666666666666,1.0,0.8,0.0,7.5,2.5,3,1,0,"[-5.0, 50.0, -25.0, 10.0]",62.5
CGMacros-004,healthy,mask,persTMA,C05,5187.596425251195,25,27.083333333333332,6,3,0,2,2,4,3.513888888888889,0.3333333333333333,0.5,0.4,0.5691699604743083,31.0,31.0,1,1,0,"[51.0, 11.0]",
CGMacros-004,healthy,mask,persTMA,C05-15,5187.596425251195,25,27.083333333333332,6,3,0,3,1,3,3.513888888888889,0.5,0.75,0.6,0.2845849802371542,19.666666666666668,11.0,2,1,0,"[-3.0, 51.0, 11.0]",
CGMacros-004,healthy,mask,persTMA,native,5187.596425251195,25,36.416666666666664,6,3,0,4,0,2,3.513888888888889,0.6666666666666666,1.0,0.8,0.0,7.5,2.5,3,1,0,"[-5.0, 50.0, -25.0, 10.0]",62.5
CGMacros-004,healthy,mask_nocarve,persTMA,C05,5187.596425251195,25,27.083333333333332,6,3,0,2,2,4,3.513888888888889,0.3333333333333333,0.5,0.4,0.5691699604743083,31.0,31.0,1,1,0,"[51.0, 11.0]",
CGMacros-004,healthy,mask_nocarve,persTMA,C05-15,5187.596425251195,25,27.083333333333332,6,3,0,3,1,3,3.513888888888889,0.5,0.75,0.6,0.2845849802371542,19.666666666666668,11.0,2,1,0,"[-3.0, 51.0, 11.0]",
CGMacros-004,healthy,mask_nocarve,persTMA,native,5187.596425251195,25,36.416666666666664,6,3,0,4,0,2,3.513888888888889,0.6666666666666666,1.0,0.8,0.0,7.5,2.5,3,1,0,"[-5.0, 50.0, -25.0, 10.0]",62.5
CGMacros-004,healthy,mask_retuned,persTMA,C05,3266.1764585534565,25,27.083333333333332,6,3,0,2,2,4,3.513888888888889,0.3333333333333333,0.5,0.4,0.5691699604743083,31.0,31.0,1,1,0,"[51.0, 11.0]",
CGMacros-004,healthy,mask_retuned,persTMA,C05-15,3266.1764585534565,25,27.083333333333332,6,3,0,3,1,3,3.513888888888889,0.5,0.75,0.6,0.2845849802371542,19.666666666666668,11.0,2,1,0,"[-3.0, 51.0, 11.0]",
CGMacros-004,healthy,mask_retuned,persTMA,native,3266.1764585534565,25,36.416666666666664,6,3,0,4,0,2,3.513888888888889,0.6666666666666666,1.0,0.8,0.0,7.5,2.5,3,1,0,"[-5.0, 50.0, -25.0, 10.0]",62.5
CGMacros-004,healthy,window,popTMA,C05,3391.3597975061784,28,32.25,6,3,0,2,4,4,3.513888888888889,0.3333333333333333,0.3333333333333333,0.3333333333333333,1.1383399209486167,28.5,28.5,1,1,0,"[46.0, 11.0]",
CGMacros-004,healthy,window,popTMA,C05-15,3391.3597975061784,28,32.25,6,3,0,4,2,2,3.513888888888889,0.6666666666666666,0.6666666666666666,0.6666666666666666,0.5691699604743083,10.25,4.0,2,2,0,"[-3.0, 46.0, -13.0, 11.0]",
CGMacros-004,healthy,window,popTMA,native,3391.3597975061784,28,41.583333333333336,6,3,0,5,1,1,3.513888888888889,0.8333333333333334,0.8333333333333334,0.8333333333333334,0.2845849802371542,2.0,-5.0,3,2,0,"[-5.0, 45.0, -15.0, -25.0, 10.0]",65.0
CGMacros-004,healthy,mask,popTMA,C05,3391.3597975061784,28,27.083333333333332,6,3,0,2,3,4,3.513888888888889,0.3333333333333333,0.4,0.36363636363636365,0.8537549407114625,28.5,28.5,1,1,0,"[46.0, 11.0]",
CGMacros-004,healthy,mask,popTMA,C05-15,3391.3597975061784,28,27.083333333333332,6,3,0,4,1,2,3.513888888888889,0.6666666666666666,0.8,0.7272727272727273,0.2845849802371542,10.25,4.0,2,2,0,"[-3.0, 46.0, -13.0, 11.0]",
CGMacros-004,healthy,mask,popTMA,native,3391.3597975061784,28,36.416666666666664,6,3,0,5,0,1,3.513888888888889,0.8333333333333334,1.0,0.9090909090909091,0.0,2.0,-5.0,3,2,0,"[-5.0, 45.0, -15.0, -25.0, 10.0]",65.0
CGMacros-004,healthy,mask_nocarve,popTMA,C05,3391.3597975061784,28,27.083333333333332,6,3,0,2,3,4,3.513888888888889,0.3333333333333333,0.4,0.36363636363636365,0.8537549407114625,28.5,28.5,1,1,0,"[46.0, 11.0]",
CGMacros-004,healthy,mask_nocarve,popTMA,C05-15,3391.3597975061784,28,27.083333333333332,6,3,0,4,1,2,3.513888888888889,0.6666666666666666,0.8,0.7272727272727273,0.2845849802371542,10.25,4.0,2,2,0,"[-3.0, 46.0, -13.0, 11.0]",
CGMacros-004,healthy,mask_nocarve,popTMA,native,3391.3597975061784,28,36.416666666666664,6,3,0,5,0,1,3.513888888888889,0.8333333333333334,1.0,0.9090909090909091,0.0,2.0,-5.0,3,2,0,"[-5.0, 45.0, -15.0, -25.0, 10.0]",65.0
CGMacros-004,healthy,mask_retuned,popTMA,C05,3092.304809958121,28,27.083333333333332,6,3,0,2,4,4,3.513888888888889,0.3333333333333333,0.3333333333333333,0.3333333333333333,1.1383399209486167,28.5,28.5,1,1,0,"[46.0, 11.0]",
CGMacros-004,healthy,mask_retuned,popTMA,C05-15,3092.304809958121,28,27.083333333333332,6,3,0,4,2,2,3.513888888888889,0.6666666666666666,0.6666666666666666,0.6666666666666666,0.5691699604743083,10.25,4.0,2,2,0,"[-3.0, 46.0, -13.0, 11.0]",
CGMacros-004,healthy,mask_retuned,popTMA,native,3092.304809958121,28,36.416666666666664,6,3,0,5,1,1,3.513888888888889,0.8333333333333334,0.8333333333333334,0.8333333333333334,0.2845849802371542,-11.0,-15.0,3,2,0,"[-5.0, -20.0, -15.0, -25.0, 10.0]",55.0
CGMacros-005,T2D,window,persTMA,C05,192.61283951963054,7,39.416666666666664,7,3,0,5,0,2,3.892361111111111,0.7142857142857143,1.0,0.8333333333333334,0.0,87.8,84.0,3,2,0,"[84.0, 101.0, 90.0, 84.0, 80.0]",
CGMacros-005,T2D,window,persTMA,C05-15,192.61283951963054,7,39.416666666666664,7,3,0,5,0,2,3.892361111111111,0.7142857142857143,1.0,0.8333333333333334,0.0,87.8,84.0,3,2,0,"[84.0, 101.0, 90.0, 84.0, 80.0]",
CGMacros-005,T2D,window,persTMA,native,192.61283951963054,7,48.75,7,3,0,5,1,2,3.892361111111111,0.7142857142857143,0.8333333333333334,0.7692307692307693,0.2569134701159679,86.0,80.0,3,2,0,"[80.0, 100.0, 90.0, 80.0, 80.0]",95.0
CGMacros-005,T2D,mask,persTMA,C05,192.61283951963054,7,37.333333333333336,7,3,0,5,0,2,3.892361111111111,0.7142857142857143,1.0,0.8333333333333334,0.0,87.8,84.0,3,2,0,"[84.0, 101.0, 90.0, 84.0, 80.0]",
CGMacros-005,T2D,mask,persTMA,C05-15,192.61283951963054,7,37.333333333333336,7,3,0,5,0,2,3.892361111111111,0.7142857142857143,1.0,0.8333333333333334,0.0,87.8,84.0,3,2,0,"[84.0, 101.0, 90.0, 84.0, 80.0]",
CGMacros-005,T2D,mask,persTMA,native,192.61283951963054,7,46.666666666666664,7,3,0,5,1,2,3.892361111111111,0.7142857142857143,0.8333333333333334,0.7692307692307693,0.2569134701159679,86.0,80.0,3,2,0,"[80.0, 100.0, 90.0, 80.0, 80.0]",95.0
CGMacros-005,T2D,mask_nocarve,persTMA,C05,192.61283951963054,7,37.333333333333336,7,3,0,5,0,2,3.892361111111111,0.7142857142857143,1.0,0.8333333333333334,0.0,87.8,84.0,3,2,0,"[84.0, 101.0, 90.0, 84.0, 80.0]",
CGMacros-005,T2D,mask_nocarve,persTMA,C05-15,192.61283951963054,7,37.333333333333336,7,3,0,5,0,2,3.892361111111111,0.7142857142857143,1.0,0.8333333333333334,0.0,87.8,84.0,3,2,0,"[84.0, 101.0, 90.0, 84.0, 80.0]",
CGMacros-005,T2D,mask_nocarve,persTMA,native,192.61283951963054,7,46.666666666666664,7,3,0,5,1,2,3.892361111111111,0.7142857142857143,0.8333333333333334,0.7692307692307693,0.2569134701159679,86.0,80.0,3,2,0,"[80.0, 100.0, 90.0, 80.0, 80.0]",95.0
CGMacros-005,T2D,mask_retuned,persTMA,C05,192.61283951963054,7,37.333333333333336,7,3,0,5,0,2,3.892361111111111,0.7142857142857143,1.0,0.8333333333333334,0.0,87.8,84.0,3,2,0,"[84.0, 101.0, 90.0, 84.0, 80.0]",
CGMacros-005,T2D,mask_retuned,persTMA,C05-15,192.61283951963054,7,37.333333333333336,7,3,0,5,0,2,3.892361111111111,0.7142857142857143,1.0,0.8333333333333334,0.0,87.8,84.0,3,2,0,"[84.0, 101.0, 90.0, 84.0, 80.0]",
CGMacros-005,T2D,mask_retuned,persTMA,native,192.61283951963054,7,46.666666666666664,7,3,0,5,1,2,3.892361111111111,0.7142857142857143,0.8333333333333334,0.7692307692307693,0.2569134701159679,86.0,80.0,3,2,0,"[80.0, 100.0, 90.0, 80.0, 80.0]",95.0
CGMacros-005,T2D,window,popTMA,C05,4353.487045587452,28,39.416666666666664,7,3,0,6,1,1,3.892361111111111,0.8571428571428571,0.8571428571428571,0.8571428571428571,0.2569134701159679,61.0,63.5,3,3,0,"[49.0, 71.0, 65.0, 62.0, 54.0, 65.0]",
CGMacros-005,T2D,window,popTMA,C05-15,4353.487045587452,28,39.416666666666664,7,3,0,6,1,1,3.892361111111111,0.8571428571428571,0.8571428571428571,0.8571428571428571,0.2569134701159679,61.0,63.5,3,3,0,"[49.0, 71.0, 65.0, 62.0, 54.0, 65.0]",
CGMacros-005,T2D,window,popTMA,native,4353.487045587452,28,48.75,7,3,0,2,4,5,3.892361111111111,0.2857142857142857,0.3333333333333333,0.3076923076923077,1.0276538804638715,47.5,47.5,2,0,0,"[45.0, 50.0]",117.5
CGMacros-005,T2D,mask,popTMA,C05,4353.487045587452,28,37.333333333333336,7,3,0,6,1,1,3.892361111111111,0.8571428571428571,0.8571428571428571,0.8571428571428571,0.2569134701159679,61.0,63.5,3,3,0,"[49.0, 71.0, 65.0, 62.0, 54.0, 65.0]",
CGMacros-005,T2D,mask,popTMA,C05-15,4353.487045587452,28,37.333333333333336,7,3,0,6,1,1,3.892361111111111,0.8571428571428571,0.8571428571428571,0.8571428571428571,0.2569134701159679,61.0,63.5,3,3,0,"[49.0, 71.0, 65.0, 62.0, 54.0, 65.0]",
CGMacros-005,T2D,mask,popTMA,native,4353.487045587452,28,46.666666666666664,7,3,0,2,4,5,3.892361111111111,0.2857142857142857,0.3333333333333333,0.3076923076923077,1.0276538804638715,47.5,47.5,2,0,0,"[45.0, 50.0]",117.5
CGMacros-005,T2D,mask_nocarve,popTMA,C05,4353.487045587452,28,37.333333333333336,7,3,0,6,1,1,3.892361111111111,0.8571428571428571,0.8571428571428571,0.8571428571428571,0.2569134701159679,61.0,63.5,3,3,0,"[49.0, 71.0, 65.0, 62.0, 54.0, 65.0]",
CGMacros-005,T2D,mask_nocarve,popTMA,C05-15,4353.487045587452,28,37.333333333333336,7,3,0,6,1,1,3.892361111111111,0.8571428571428571,0.8571428571428571,0.8571428571428571,0.2569134701159679,61.0,63.5,3,3,0,"[49.0, 71.0, 65.0, 62.0, 54.0, 65.0]",
CGMacros-005,T2D,mask_nocarve,popTMA,native,4353.487045587452,28,46.666666666666664,7,3,0,2,4,5,3.892361111111111,0.2857142857142857,0.3333333333333333,0.3076923076923077,1.0276538804638715,47.5,47.5,2,0,0,"[45.0, 50.0]",117.5
CGMacros-005,T2D,mask_retuned,popTMA,C05,3168.758157163018,28,37.333333333333336,7,3,0,6,1,1,3.892361111111111,0.8571428571428571,0.8571428571428571,0.8571428571428571,0.2569134701159679,61.0,63.5,3,3,0,"[49.0, 71.0, 65.0, 62.0, 54.0, 65.0]",
CGMacros-005,T2D,mask_retuned,popTMA,C05-15,3168.758157163018,28,37.333333333333336,7,3,0,6,1,1,3.892361111111111,0.8571428571428571,0.8571428571428571,0.8571428571428571,0.2569134701159679,61.0,63.5,3,3,0,"[49.0, 71.0, 65.0, 62.0, 54.0, 65.0]",
CGMacros-005,T2D,mask_retuned,popTMA,native,3168.758157163018,28,46.666666666666664,7,3,0,2,4,5,3.892361111111111,0.2857142857142857,0.3333333333333333,0.3076923076923077,1.0276538804638715,47.5,47.5,2,0,0,"[45.0, 50.0]",117.5
CGMacros-006,healthy,window,persTMA,C05,371.33801166099283,11,34.166666666666664,7,3,0,4,2,3,3.2916666666666665,0.5714285714285714,0.6666666666666666,0.6153846153846154,0.6075949367088608,7.25,7.0,3,1,0,"[2.0, 1.0, 14.0, 12.0]",
CGMacros-006,healthy,window,persTMA,C05-15,371.33801166099283,11,34.166666666666664,7,3,0,4,2,3,3.2916666666666665,0.5714285714285714,0.6666666666666666,0.6153846153846154,0.6075949367088608,7.25,7.0,3,1,0,"[2.0, 1.0, 14.0, 12.0]",
CGMacros-006,healthy,window,persTMA,native,371.33801166099283,11,43.166666666666664,7,3,0,4,3,3,3.2916666666666665,0.5714285714285714,0.5714285714285714,0.5714285714285714,0.9113924050632912,5.0,5.0,3,1,0,"[0.0, 0.0, 10.0, 10.0]",30.0
CGMacros-006,healthy,mask,persTMA,C05,371.33801166099283,11,33.0,7,3,0,4,2,3,3.2916666666666665,0.5714285714285714,0.6666666666666666,0.6153846153846154,0.6075949367088608,7.25,7.0,3,1,0,"[2.0, 1.0, 14.0, 12.0]",
CGMacros-006,healthy,mask,persTMA,C05-15,371.33801166099283,11,33.0,7,3,0,4,2,3,3.2916666666666665,0.5714285714285714,0.6666666666666666,0.6153846153846154,0.6075949367088608,7.25,7.0,3,1,0,"[2.0, 1.0, 14.0, 12.0]",
CGMacros-006,healthy,mask,persTMA,native,371.33801166099283,11,42.0,7,3,0,4,3,3,3.2916666666666665,0.5714285714285714,0.5714285714285714,0.5714285714285714,0.9113924050632912,5.0,5.0,3,1,0,"[0.0, 0.0, 10.0, 10.0]",30.0
CGMacros-006,healthy,mask_nocarve,persTMA,C05,371.33801166099283,11,33.0,7,3,0,4,2,3,3.2916666666666665,0.5714285714285714,0.6666666666666666,0.6153846153846154,0.6075949367088608,7.25,7.0,3,1,0,"[2.0, 1.0, 14.0, 12.0]",
CGMacros-006,healthy,mask_nocarve,persTMA,C05-15,371.33801166099283,11,33.0,7,3,0,4,2,3,3.2916666666666665,0.5714285714285714,0.6666666666666666,0.6153846153846154,0.6075949367088608,7.25,7.0,3,1,0,"[2.0, 1.0, 14.0, 12.0]",
CGMacros-006,healthy,mask_nocarve,persTMA,native,371.33801166099283,11,42.0,7,3,0,4,3,3,3.2916666666666665,0.5714285714285714,0.5714285714285714,0.5714285714285714,0.9113924050632912,5.0,5.0,3,1,0,"[0.0, 0.0, 10.0, 10.0]",30.0
CGMacros-006,healthy,mask_retuned,persTMA,C05,371.33801166099283,11,33.0,7,3,0,4,2,3,3.2916666666666665,0.5714285714285714,0.6666666666666666,0.6153846153846154,0.6075949367088608,7.25,7.0,3,1,0,"[2.0, 1.0, 14.0, 12.0]",
CGMacros-006,healthy,mask_retuned,persTMA,C05-15,371.33801166099283,11,33.0,7,3,0,4,2,3,3.2916666666666665,0.5714285714285714,0.6666666666666666,0.6153846153846154,0.6075949367088608,7.25,7.0,3,1,0,"[2.0, 1.0, 14.0, 12.0]",
CGMacros-006,healthy,mask_retuned,persTMA,native,371.33801166099283,11,42.0,7,3,0,4,3,3,3.2916666666666665,0.5714285714285714,0.5714285714285714,0.5714285714285714,0.9113924050632912,5.0,5.0,3,1,0,"[0.0, 0.0, 10.0, 10.0]",30.0
CGMacros-006,healthy,window,popTMA,C05,4634.385419534483,29,34.166666666666664,7,3,0,0,2,7,3.2916666666666665,0.0,0.0,0.0,0.6075949367088608,,,0,0,0,[],
CGMacros-006,healthy,window,popTMA,C05-15,4634.385419534483,29,34.166666666666664,7,3,0,1,1,6,3.2916666666666665,0.14285714285714285,0.5,0.2222222222222222,0.3037974683544304,-6.0,-6.0,0,1,0,[-6.0],
CGMacros-006,healthy,window,popTMA,native,4634.385419534483,29,43.166666666666664,7,3,0,1,0,6,3.2916666666666665,0.14285714285714285,1.0,0.25,0.0,-10.0,-10.0,0,1,0,[-10.0],60.0
CGMacros-006,healthy,mask,popTMA,C05,4634.385419534483,29,33.0,7,3,0,0,1,7,3.2916666666666665,0.0,0.0,0.0,0.3037974683544304,,,0,0,0,[],
CGMacros-006,healthy,mask,popTMA,C05-15,4634.385419534483,29,33.0,7,3,0,1,0,6,3.2916666666666665,0.14285714285714285,1.0,0.25,0.0,-6.0,-6.0,0,1,0,[-6.0],
CGMacros-006,healthy,mask,popTMA,native,4634.385419534483,29,42.0,7,3,0,1,0,6,3.2916666666666665,0.14285714285714285,1.0,0.25,0.0,-10.0,-10.0,0,1,0,[-10.0],60.0
CGMacros-006,healthy,mask_nocarve,popTMA,C05,4634.385419534483,29,33.0,7,3,0,0,1,7,3.2916666666666665,0.0,0.0,0.0,0.3037974683544304,,,0,0,0,[],
CGMacros-006,healthy,mask_nocarve,popTMA,C05-15,4634.385419534483,29,33.0,7,3,0,1,0,6,3.2916666666666665,0.14285714285714285,1.0,0.25,0.0,-6.0,-6.0,0,1,0,[-6.0],
CGMacros-006,healthy,mask_nocarve,popTMA,native,4634.385419534483,29,42.0,7,3,0,1,0,6,3.2916666666666665,0.14285714285714285,1.0,0.25,0.0,-10.0,-10.0,0,1,0,[-10.0],60.0
CGMacros-006,healthy,mask_retuned,popTMA,C05,3934.4373016592,29,33.0,7,3,0,0,2,7,3.2916666666666665,0.0,0.0,0.0,0.6075949367088608,,,0,0,0,[],
CGMacros-006,healthy,mask_retuned,popTMA,C05-15,3934.4373016592,29,33.0,7,3,0,1,1,6,3.2916666666666665,0.14285714285714285,0.5,0.2222222222222222,0.3037974683544304,-6.0,-6.0,0,1,0,[-6.0],
CGMacros-006,healthy,mask_retuned,popTMA,native,3934.4373016592,29,42.0,7,3,0,2,0,5,3.2916666666666665,0.2857142857142857,1.0,0.4444444444444444,0.0,-17.5,-17.5,1,1,0,"[-25.0, -10.0]",52.5
CGMacros-007,prediabetes,window,popTMA,C05,3857.391290964497,29,30.333333333333332,2,1,0,0,1,2,1.5659722222222223,0.0,0.0,0.0,0.6385809312638581,,,0,0,0,[],
CGMacros-007,prediabetes,window,popTMA,C05-15,3857.391290964497,29,30.333333333333332,2,1,0,1,0,1,1.5659722222222223,0.5,1.0,0.6666666666666666,0.0,-6.0,-6.0,1,0,0,[-6.0],
CGMacros-007,prediabetes,window,popTMA,native,3857.391290964497,29,37.083333333333336,2,1,0,1,0,1,1.5659722222222223,0.5,1.0,0.6666666666666666,0.0,-10.0,-10.0,1,0,0,[-10.0],60.0
CGMacros-007,prediabetes,mask,popTMA,C05,3857.391290964497,29,30.25,2,1,0,0,1,2,1.5659722222222223,0.0,0.0,0.0,0.6385809312638581,,,0,0,0,[],
CGMacros-007,prediabetes,mask,popTMA,C05-15,3857.391290964497,29,30.25,2,1,0,1,0,1,1.5659722222222223,0.5,1.0,0.6666666666666666,0.0,-6.0,-6.0,1,0,0,[-6.0],
CGMacros-007,prediabetes,mask,popTMA,native,3857.391290964497,29,37.0,2,1,0,1,0,1,1.5659722222222223,0.5,1.0,0.6666666666666666,0.0,-10.0,-10.0,1,0,0,[-10.0],60.0
CGMacros-007,prediabetes,mask_nocarve,popTMA,C05,3857.391290964497,29,30.25,2,1,0,0,1,2,1.5659722222222223,0.0,0.0,0.0,0.6385809312638581,,,0,0,0,[],
CGMacros-007,prediabetes,mask_nocarve,popTMA,C05-15,3857.391290964497,29,30.25,2,1,0,1,0,1,1.5659722222222223,0.5,1.0,0.6666666666666666,0.0,-6.0,-6.0,1,0,0,[-6.0],
CGMacros-007,prediabetes,mask_nocarve,popTMA,native,3857.391290964497,29,37.0,2,1,0,1,0,1,1.5659722222222223,0.5,1.0,0.6666666666666666,0.0,-10.0,-10.0,1,0,0,[-10.0],60.0
CGMacros-007,prediabetes,mask_retuned,popTMA,C05,3857.391290964497,29,30.25,2,1,0,0,1,2,1.5659722222222223,0.0,0.0,0.0,0.6385809312638581,,,0,0,0,[],
CGMacros-007,prediabetes,mask_retuned,popTMA,C05-15,3857.391290964497,29,30.25,2,1,0,1,0,1,1.5659722222222223,0.5,1.0,0.6666666666666666,0.0,-6.0,-6.0,1,0,0,[-6.0],
CGMacros-007,prediabetes,mask_retuned,popTMA,native,3857.391290964497,29,37.0,2,1,0,1,0,1,1.5659722222222223,0.5,1.0,0.6666666666666666,0.0,-10.0,-10.0,1,0,0,[-10.0],60.0
CGMacros-008,prediabetes,window,persTMA,C05,6467.849673932165,22,39.333333333333336,8,4,0,5,1,3,3.8819444444444446,0.625,0.8333333333333334,0.7142857142857143,0.257602862254025,43.0,25.0,3,2,0,"[108.0, 25.0, 21.0, 17.0, 44.0]",
CGMacros-008,prediabetes,window,persTMA,C05-15,6467.849673932165,22,39.333333333333336,8,4,0,5,1,3,3.8819444444444446,0.625,0.8333333333333334,0.7142857142857143,0.257602862254025,43.0,25.0,3,2,0,"[108.0, 25.0, 21.0, 17.0, 44.0]",
CGMacros-008,prediabetes,window,persTMA,native,6467.849673932165,22,48.666666666666664,8,4,0,4,4,4,3.8819444444444446,0.5,0.5,0.5,1.0304114490161,25.0,22.5,3,1,0,"[25.0, 20.0, 15.0, 40.0]",77.5
CGMacros-008,prediabetes,mask,persTMA,C05,6467.849673932165,22,38.333333333333336,8,4,0,5,1,3,3.8819444444444446,0.625,0.8333333333333334,0.7142857142857143,0.257602862254025,43.0,25.0,3,2,0,"[108.0, 25.0, 21.0, 17.0, 44.0]",
CGMacros-008,prediabetes,mask,persTMA,C05-15,6467.849673932165,22,38.333333333333336,8,4,0,5,1,3,3.8819444444444446,0.625,0.8333333333333334,0.7142857142857143,0.257602862254025,43.0,25.0,3,2,0,"[108.0, 25.0, 21.0, 17.0, 44.0]",
CGMacros-008,prediabetes,mask,persTMA,native,6467.849673932165,22,47.666666666666664,8,4,0,4,4,4,3.8819444444444446,0.5,0.5,0.5,1.0304114490161,25.0,22.5,3,1,0,"[25.0, 20.0, 15.0, 40.0]",77.5
CGMacros-008,prediabetes,mask_nocarve,persTMA,C05,6467.849673932165,22,38.333333333333336,8,4,0,5,1,3,3.8819444444444446,0.625,0.8333333333333334,0.7142857142857143,0.257602862254025,43.0,25.0,3,2,0,"[108.0, 25.0, 21.0, 17.0, 44.0]",
CGMacros-008,prediabetes,mask_nocarve,persTMA,C05-15,6467.849673932165,22,38.333333333333336,8,4,0,5,1,3,3.8819444444444446,0.625,0.8333333333333334,0.7142857142857143,0.257602862254025,43.0,25.0,3,2,0,"[108.0, 25.0, 21.0, 17.0, 44.0]",
CGMacros-008,prediabetes,mask_nocarve,persTMA,native,6467.849673932165,22,47.666666666666664,8,4,0,4,4,4,3.8819444444444446,0.5,0.5,0.5,1.0304114490161,25.0,22.5,3,1,0,"[25.0, 20.0, 15.0, 40.0]",77.5
CGMacros-008,prediabetes,mask_retuned,persTMA,C05,6467.849673932165,22,38.333333333333336,8,4,0,5,1,3,3.8819444444444446,0.625,0.8333333333333334,0.7142857142857143,0.257602862254025,43.0,25.0,3,2,0,"[108.0, 25.0, 21.0, 17.0, 44.0]",
CGMacros-008,prediabetes,mask_retuned,persTMA,C05-15,6467.849673932165,22,38.333333333333336,8,4,0,5,1,3,3.8819444444444446,0.625,0.8333333333333334,0.7142857142857143,0.257602862254025,43.0,25.0,3,2,0,"[108.0, 25.0, 21.0, 17.0, 44.0]",
CGMacros-008,prediabetes,mask_retuned,persTMA,native,6467.849673932165,22,47.666666666666664,8,4,0,4,4,4,3.8819444444444446,0.5,0.5,0.5,1.0304114490161,25.0,22.5,3,1,0,"[25.0, 20.0, 15.0, 40.0]",77.5
CGMacros-008,prediabetes,window,popTMA,C05,4452.504039014348,29,39.333333333333336,8,4,0,4,4,4,3.8819444444444446,0.5,0.5,0.5,1.0304114490161,12.25,11.5,0,4,0,"[18.0, 9.0, 8.0, 14.0]",
CGMacros-008,prediabetes,window,popTMA,C05-15,4452.504039014348,29,39.333333333333336,8,4,0,7,1,1,3.8819444444444446,0.875,0.875,0.875,0.257602862254025,3.142857142857143,8.0,3,4,0,"[18.0, -5.0, 9.0, -9.0, 8.0, -13.0, 14.0]",
CGMacros-008,prediabetes,window,popTMA,native,4452.504039014348,29,48.666666666666664,8,4,0,7,0,1,3.8819444444444446,0.875,1.0,0.9333333333333333,0.0,0.7142857142857143,5.0,3,4,0,"[15.0, -5.0, 5.0, -10.0, 5.0, -15.0, 10.0]",75.0
CGMacros-008,prediabetes,mask,popTMA,C05,4452.504039014348,29,38.333333333333336,8,4,0,4,3,4,3.8819444444444446,0.5,0.5714285714285714,0.5333333333333333,0.7728085867620751,12.25,11.5,0,4,0,"[18.0, 9.0, 8.0, 14.0]",
CGMacros-008,prediabetes,mask,popTMA,C05-15,4452.504039014348,29,38.333333333333336,8,4,0,7,0,1,3.8819444444444446,0.875,1.0,0.9333333333333333,0.0,3.142857142857143,8.0,3,4,0,"[18.0, -5.0, 9.0, -9.0, 8.0, -13.0, 14.0]",
CGMacros-008,prediabetes,mask,popTMA,native,4452.504039014348,29,47.666666666666664,8,4,0,7,0,1,3.8819444444444446,0.875,1.0,0.9333333333333333,0.0,0.7142857142857143,5.0,3,4,0,"[15.0, -5.0, 5.0, -10.0, 5.0, -15.0, 10.0]",75.0
CGMacros-008,prediabetes,mask_nocarve,popTMA,C05,4452.504039014348,29,38.333333333333336,8,4,0,4,3,4,3.8819444444444446,0.5,0.5714285714285714,0.5333333333333333,0.7728085867620751,12.25,11.5,0,4,0,"[18.0, 9.0, 8.0, 14.0]",
CGMacros-008,prediabetes,mask_nocarve,popTMA,C05-15,4452.504039014348,29,38.333333333333336,8,4,0,7,0,1,3.8819444444444446,0.875,1.0,0.9333333333333333,0.0,3.142857142857143,8.0,3,4,0,"[18.0, -5.0, 9.0, -9.0, 8.0, -13.0, 14.0]",
CGMacros-008,prediabetes,mask_nocarve,popTMA,native,4452.504039014348,29,47.666666666666664,8,4,0,7,0,1,3.8819444444444446,0.875,1.0,0.9333333333333333,0.0,0.7142857142857143,5.0,3,4,0,"[15.0, -5.0, 5.0, -10.0, 5.0, -15.0, 10.0]",75.0
CGMacros-008,prediabetes,mask_retuned,popTMA,C05,3761.378476644495,29,38.333333333333336,8,4,0,4,3,4,3.8819444444444446,0.5,0.5714285714285714,0.5333333333333333,0.7728085867620751,12.25,11.5,0,4,0,"[18.0, 9.0, 8.0, 14.0]",
CGMacros-008,prediabetes,mask_retuned,popTMA,C05-15,3761.378476644495,29,38.333333333333336,8,4,0,7,0,1,3.8819444444444446,0.875,1.0,0.9333333333333333,0.0,3.142857142857143,8.0,3,4,0,"[18.0, -5.0, 9.0, -9.0, 8.0, -13.0, 14.0]",
CGMacros-008,prediabetes,mask_retuned,popTMA,native,3761.378476644495,29,47.666666666666664,8,4,0,7,0,1,3.8819444444444446,0.875,1.0,0.9333333333333333,0.0,0.7142857142857143,5.0,3,4,0,"[15.0, -5.0, 5.0, -10.0, 5.0, -15.0, 10.0]",75.0
CGMacros-009,prediabetes,window,persTMA,C05,1256.7321960237932,25,43.583333333333336,9,4,0,1,11,8,4.232638888888889,0.1111111111111111,0.08333333333333333,0.09523809523809523,2.5988515176374074,57.0,57.0,1,0,0,[57.0],
CGMacros-009,prediabetes,window,persTMA,C05-15,1256.7321960237932,25,43.583333333333336,9,4,0,2,10,7,4.232638888888889,0.2222222222222222,0.16666666666666666,0.19047619047619047,2.3625922887612796,21.0,21.0,1,1,0,"[57.0, -15.0]",
CGMacros-009,prediabetes,window,persTMA,native,1256.7321960237932,25,55.25,9,4,0,8,4,1,4.232638888888889,0.8888888888888888,0.6666666666666666,0.7619047619047619,0.9450369155045119,-32.5,-37.5,4,4,0,"[-20.0, -20.0, -40.0, -40.0, -35.0, -45.0, -45.0, -15.0]",22.5
CGMacros-009,prediabetes,mask,persTMA,C05,1256.7321960237932,25,39.75,9,4,0,1,9,8,4.232638888888889,0.1111111111111111,0.1,0.10526315789473684,2.1263330598851518,57.0,57.0,1,0,0,[57.0],
CGMacros-009,prediabetes,mask,persTMA,C05-15,1256.7321960237932,25,39.75,9,4,0,2,8,7,4.232638888888889,0.2222222222222222,0.2,0.21052631578947367,1.8900738310090237,21.0,21.0,1,1,0,"[57.0, -15.0]",
CGMacros-009,prediabetes,mask,persTMA,native,1256.7321960237932,25,51.416666666666664,9,4,0,8,3,1,4.232638888888889,0.8888888888888888,0.7272727272727273,0.8,0.7087776866283838,-32.5,-37.5,4,4,0,"[-20.0, -20.0, -40.0, -40.0, -35.0, -45.0, -45.0, -15.0]",22.5
CGMacros-009,prediabetes,mask_nocarve,persTMA,C05,1256.7321960237932,25,39.75,9,4,0,1,9,8,4.232638888888889,0.1111111111111111,0.1,0.10526315789473684,2.1263330598851518,57.0,57.0,1,0,0,[57.0],
CGMacros-009,prediabetes,mask_nocarve,persTMA,C05-15,1256.7321960237932,25,39.75,9,4,0,2,8,7,4.232638888888889,0.2222222222222222,0.2,0.21052631578947367,1.8900738310090237,21.0,21.0,1,1,0,"[57.0, -15.0]",
CGMacros-009,prediabetes,mask_nocarve,persTMA,native,1256.7321960237932,25,51.416666666666664,9,4,0,8,3,1,4.232638888888889,0.8888888888888888,0.7272727272727273,0.8,0.7087776866283838,-32.5,-37.5,4,4,0,"[-20.0, -20.0, -40.0, -40.0, -35.0, -45.0, -45.0, -15.0]",22.5
CGMacros-009,prediabetes,mask_retuned,persTMA,C05,1256.7321960237932,25,39.75,9,4,0,1,9,8,4.232638888888889,0.1111111111111111,0.1,0.10526315789473684,2.1263330598851518,57.0,57.0,1,0,0,[57.0],
CGMacros-009,prediabetes,mask_retuned,persTMA,C05-15,1256.7321960237932,25,39.75,9,4,0,2,8,7,4.232638888888889,0.2222222222222222,0.2,0.21052631578947367,1.8900738310090237,21.0,21.0,1,1,0,"[57.0, -15.0]",
CGMacros-009,prediabetes,mask_retuned,persTMA,native,1256.7321960237932,25,51.416666666666664,9,4,0,8,3,1,4.232638888888889,0.8888888888888888,0.7272727272727273,0.8,0.7087776866283838,-32.5,-37.5,4,4,0,"[-20.0, -20.0, -40.0, -40.0, -35.0, -45.0, -45.0, -15.0]",22.5
CGMacros-009,prediabetes,window,popTMA,C05,4457.301867482121,28,43.583333333333336,9,4,0,7,2,2,4.232638888888889,0.7777777777777778,0.7777777777777778,0.7777777777777778,0.4725184577522559,56.714285714285715,60.0,4,3,0,"[70.0, 66.0, 52.0, 60.0, 36.0, 43.0, 70.0]",
CGMacros-009,prediabetes,window,popTMA,C05-15,4457.301867482121,28,43.583333333333336,9,4,0,7,2,2,4.232638888888889,0.7777777777777778,0.7777777777777778,0.7777777777777778,0.4725184577522559,56.714285714285715,60.0,4,3,0,"[70.0, 66.0, 52.0, 60.0, 36.0, 43.0, 70.0]",
CGMacros-009,prediabetes,window,popTMA,native,4457.301867482121,28,55.25,9,4,0,3,5,6,4.232638888888889,0.3333333333333333,0.375,0.35294117647058826,1.1812961443806398,41.666666666666664,40.0,2,1,0,"[50.0, 35.0, 40.0]",110.0
CGMacros-009,prediabetes,mask,popTMA,C05,4457.301867482121,28,39.75,9,4,0,7,0,2,4.232638888888889,0.7777777777777778,1.0,0.875,0.0,56.714285714285715,60.0,4,3,0,"[70.0, 66.0, 52.0, 60.0, 36.0, 43.0, 70.0]",
CGMacros-009,prediabetes,mask,popTMA,C05-15,4457.301867482121,28,39.75,9,4,0,7,0,2,4.232638888888889,0.7777777777777778,1.0,0.875,0.0,56.714285714285715,60.0,4,3,0,"[70.0, 66.0, 52.0, 60.0, 36.0, 43.0, 70.0]",
CGMacros-009,prediabetes,mask,popTMA,native,4457.301867482121,28,51.416666666666664,9,4,0,3,4,6,4.232638888888889,0.3333333333333333,0.42857142857142855,0.375,0.9450369155045119,41.666666666666664,40.0,2,1,0,"[50.0, 35.0, 40.0]",110.0
CGMacros-009,prediabetes,mask_nocarve,popTMA,C05,4457.301867482121,28,39.75,9,4,0,7,0,2,4.232638888888889,0.7777777777777778,1.0,0.875,0.0,56.714285714285715,60.0,4,3,0,"[70.0, 66.0, 52.0, 60.0, 36.0, 43.0, 70.0]",
CGMacros-009,prediabetes,mask_nocarve,popTMA,C05-15,4457.301867482121,28,39.75,9,4,0,7,0,2,4.232638888888889,0.7777777777777778,1.0,0.875,0.0,56.714285714285715,60.0,4,3,0,"[70.0, 66.0, 52.0, 60.0, 36.0, 43.0, 70.0]",
CGMacros-009,prediabetes,mask_nocarve,popTMA,native,4457.301867482121,28,51.416666666666664,9,4,0,3,4,6,4.232638888888889,0.3333333333333333,0.42857142857142855,0.375,0.9450369155045119,41.666666666666664,40.0,2,1,0,"[50.0, 35.0, 40.0]",110.0
CGMacros-009,prediabetes,mask_retuned,popTMA,C05,2971.5342781368017,28,39.75,9,4,0,7,0,2,4.232638888888889,0.7777777777777778,1.0,0.875,0.0,56.714285714285715,60.0,4,3,0,"[70.0, 66.0, 52.0, 60.0, 36.0, 43.0, 70.0]",
CGMacros-009,prediabetes,mask_retuned,popTMA,C05-15,2971.5342781368017,28,39.75,9,4,0,7,0,2,4.232638888888889,0.7777777777777778,1.0,0.875,0.0,56.714285714285715,60.0,4,3,0,"[70.0, 66.0, 52.0, 60.0, 36.0, 43.0, 70.0]",
CGMacros-009,prediabetes,mask_retuned,popTMA,native,2971.5342781368017,28,51.416666666666664,9,4,0,3,4,6,4.232638888888889,0.3333333333333333,0.42857142857142855,0.375,0.9450369155045119,41.666666666666664,40.0,2,1,0,"[50.0, 35.0, 40.0]",110.0
CGMacros-010,prediabetes,window,persTMA,C05,6290.967901747783,18,43.583333333333336,8,4,0,1,3,4,4.052083333333333,0.2,0.25,0.2222222222222222,0.7403598971722366,21.0,21.0,0,1,0,[21.0],
CGMacros-010,prediabetes,window,persTMA,C05-15,6290.967901747783,18,43.583333333333336,8,4,0,1,3,4,4.052083333333333,0.2,0.25,0.2222222222222222,0.7403598971722366,21.0,21.0,0,1,0,[21.0],
CGMacros-010,prediabetes,window,persTMA,native,6290.967901747783,18,52.583333333333336,8,4,0,3,2,5,4.052083333333333,0.375,0.6,0.46153846153846156,0.49357326478149105,-6.666666666666667,10.0,1,2,0,"[20.0, 10.0, -50.0]",55.0
CGMacros-010,prediabetes,mask,persTMA,C05,6290.967901747783,18,31.25,8,4,0,1,1,4,4.052083333333333,0.2,0.5,0.2857142857142857,0.24678663239074553,21.0,21.0,0,1,0,[21.0],
CGMacros-010,prediabetes,mask,persTMA,C05-15,6290.967901747783,18,31.25,8,4,0,1,1,4,4.052083333333333,0.2,0.5,0.2857142857142857,0.24678663239074553,21.0,21.0,0,1,0,[21.0],
CGMacros-010,prediabetes,mask,persTMA,native,6290.967901747783,18,40.25,8,4,0,3,0,5,4.052083333333333,0.375,1.0,0.5454545454545454,0.0,-6.666666666666667,10.0,1,2,0,"[20.0, 10.0, -50.0]",55.0
CGMacros-010,prediabetes,mask_nocarve,persTMA,C05,6290.967901747783,18,31.25,8,4,0,1,1,4,4.052083333333333,0.2,0.5,0.2857142857142857,0.24678663239074553,21.0,21.0,0,1,0,[21.0],
CGMacros-010,prediabetes,mask_nocarve,persTMA,C05-15,6290.967901747783,18,31.25,8,4,0,1,1,4,4.052083333333333,0.2,0.5,0.2857142857142857,0.24678663239074553,21.0,21.0,0,1,0,[21.0],
CGMacros-010,prediabetes,mask_nocarve,persTMA,native,6290.967901747783,18,40.25,8,4,0,3,0,5,4.052083333333333,0.375,1.0,0.5454545454545454,0.0,-6.666666666666667,10.0,1,2,0,"[20.0, 10.0, -50.0]",55.0
CGMacros-010,prediabetes,mask_retuned,persTMA,C05,4419.831680138108,18,31.25,8,4,0,3,2,2,4.052083333333333,0.6,0.6,0.6,0.49357326478149105,19.0,20.0,0,3,0,"[21.0, 20.0, 16.0]",
CGMacros-010,prediabetes,mask_retuned,persTMA,C05-15,4419.831680138108,18,31.25,8,4,0,4,1,1,4.052083333333333,0.8,0.8,0.8,0.24678663239074553,14.0,18.0,1,3,0,"[21.0, 20.0, 16.0, -1.0]",
CGMacros-010,prediabetes,mask_retuned,persTMA,native,4419.831680138108,18,40.25,8,4,0,8,0,0,4.052083333333333,1.0,1.0,1.0,0.0,1.25,7.5,4,4,0,"[20.0, 10.0, 20.0, 5.0, 15.0, -5.0, -50.0, -5.0]",52.5
CGMacros-010,prediabetes,window,popTMA,C05,3855.4278480851863,29,43.583333333333336,8,4,0,3,4,2,4.052083333333333,0.6,0.42857142857142855,0.5,0.9871465295629821,7.333333333333333,6.0,0,3,0,"[11.0, 5.0, 6.0]",
CGMacros-010,prediabetes,window,popTMA,C05-15,3855.4278480851863,29,43.583333333333336,8,4,0,4,3,1,4.052083333333333,0.8,0.5714285714285714,0.6666666666666666,0.7403598971722366,2.75,5.5,1,3,0,"[11.0, 5.0, 6.0, -11.0]",
CGMacros-010,prediabetes,window,popTMA,native,3855.4278480851863,29,52.583333333333336,8,4,0,8,1,0,4.052083333333333,1.0,0.8888888888888888,0.9411764705882353,0.24678663239074553,-7.5,2.5,4,4,0,"[10.0, 0.0, 5.0, 5.0, 5.0, -15.0, -55.0, -15.0]",72.5
CGMacros-010,prediabetes,mask,popTMA,C05,3855.4278480851863,29,31.25,8,4,0,3,2,2,4.052083333333333,0.6,0.6,0.6,0.49357326478149105,7.333333333333333,6.0,0,3,0,"[11.0, 5.0, 6.0]",
CGMacros-010,prediabetes,mask,popTMA,C05-15,3855.4278480851863,29,31.25,8,4,0,4,1,1,4.052083333333333,0.8,0.8,0.8,0.24678663239074553,2.75,5.5,1,3,0,"[11.0, 5.0, 6.0, -11.0]",
CGMacros-010,prediabetes,mask,popTMA,native,3855.4278480851863,29,40.25,8,4,0,8,0,0,4.052083333333333,1.0,1.0,1.0,0.0,-7.5,2.5,4,4,0,"[10.0, 0.0, 5.0, 5.0, 5.0, -15.0, -55.0, -15.0]",72.5
CGMacros-010,prediabetes,mask_nocarve,popTMA,C05,3855.4278480851863,29,31.25,8,4,0,3,2,2,4.052083333333333,0.6,0.6,0.6,0.49357326478149105,7.333333333333333,6.0,0,3,0,"[11.0, 5.0, 6.0]",
CGMacros-010,prediabetes,mask_nocarve,popTMA,C05-15,3855.4278480851863,29,31.25,8,4,0,4,1,1,4.052083333333333,0.8,0.8,0.8,0.24678663239074553,2.75,5.5,1,3,0,"[11.0, 5.0, 6.0, -11.0]",
CGMacros-010,prediabetes,mask_nocarve,popTMA,native,3855.4278480851863,29,40.25,8,4,0,8,0,0,4.052083333333333,1.0,1.0,1.0,0.0,-7.5,2.5,4,4,0,"[10.0, 0.0, 5.0, 5.0, 5.0, -15.0, -55.0, -15.0]",72.5
CGMacros-010,prediabetes,mask_retuned,popTMA,C05,3855.4278480851863,29,31.25,8,4,0,3,2,2,4.052083333333333,0.6,0.6,0.6,0.49357326478149105,7.333333333333333,6.0,0,3,0,"[11.0, 5.0, 6.0]",
CGMacros-010,prediabetes,mask_retuned,popTMA,C05-15,3855.4278480851863,29,31.25,8,4,0,4,1,1,4.052083333333333,0.8,0.8,0.8,0.24678663239074553,2.75,5.5,1,3,0,"[11.0, 5.0, 6.0, -11.0]",
CGMacros-010,prediabetes,mask_retuned,popTMA,native,3855.4278480851863,29,40.25,8,4,0,8,0,0,4.052083333333333,1.0,1.0,1.0,0.0,-7.5,2.5,4,4,0,"[10.0, 0.0, 5.0, 5.0, 5.0, -15.0, -55.0, -15.0]",72.5
CGMacros-011,prediabetes,window,persTMA,C05,4640.831789519465,14,39.0,8,4,1,1,5,7,3.875,0.125,0.16666666666666666,0.14285714285714285,1.2903225806451613,5.0,5.0,0,1,1,[5.0],
CGMacros-011,prediabetes,window,persTMA,C05-15,4640.831789519465,14,39.0,8,4,1,4,2,4,3.875,0.5,0.6666666666666666,0.5714285714285714,0.5161290322580645,-3.75,-6.0,3,1,1,"[-8.0, -6.0, 5.0, -6.0]",
CGMacros-011,prediabetes,window,persTMA,native,4640.831789519465,14,48.333333333333336,8,4,1,5,0,3,3.875,0.625,1.0,0.7692307692307693,0.0,-13.0,-10.0,3,2,1,"[-10.0, -10.0, 5.0, -10.0, -40.0]",25.0
CGMacros-011,prediabetes,mask,persTMA,C05,4640.831789519465,14,34.666666666666664,8,4,1,1,4,7,3.875,0.125,0.2,0.15384615384615385,1.032258064516129,5.0,5.0,0,1,1,[5.0],
CGMacros-011,prediabetes,mask,persTMA,C05-15,4640.831789519465,14,34.666666666666664,8,4,1,4,1,4,3.875,0.5,0.8,0.6153846153846154,0.25806451612903225,-3.75,-6.0,3,1,1,"[-8.0, -6.0, 5.0, -6.0]",
CGMacros-011,prediabetes,mask,persTMA,native,4640.831789519465,14,44.0,8,4,1,5,0,3,3.875,0.625,1.0,0.7692307692307693,0.0,-13.0,-10.0,3,2,1,"[-10.0, -10.0, 5.0, -10.0, -40.0]",25.0
CGMacros-011,prediabetes,mask_nocarve,persTMA,C05,4640.831789519465,14,32.333333333333336,8,4,1,0,4,8,3.875,0.0,0.0,0.0,1.032258064516129,,,0,0,0,[],
CGMacros-011,prediabetes,mask_nocarve,persTMA,C05-15,4640.831789519465,14,32.333333333333336,8,4,1,3,1,5,3.875,0.375,0.75,0.5,0.25806451612903225,-6.666666666666667,-6.0,3,0,0,"[-8.0, -6.0, -6.0]",
CGMacros-011,prediabetes,mask_nocarve,persTMA,native,4640.831789519465,14,41.666666666666664,8,4,1,4,0,4,3.875,0.5,1.0,0.6666666666666666,0.0,-17.5,-10.0,3,1,0,"[-10.0, -10.0, -10.0, -40.0]",25.0
CGMacros-011,prediabetes,mask_retuned,persTMA,C05,2845.984612738899,14,34.666666666666664,8,4,1,3,6,5,3.875,0.375,0.3333333333333333,0.35294117647058826,1.5483870967741935,58.666666666666664,64.0,0,3,1,"[64.0, 5.0, 107.0]",
CGMacros-011,prediabetes,mask_retuned,persTMA,C05-15,2845.984612738899,14,34.666666666666664,8,4,1,6,3,2,3.875,0.75,0.6666666666666666,0.7058823529411765,0.7741935483870968,26.0,-0.5,3,3,1,"[64.0, -8.0, -6.0, 5.0, -6.0, 107.0]",
CGMacros-011,prediabetes,mask_retuned,persTMA,native,2845.984612738899,14,44.0,8,4,1,7,2,1,3.875,0.875,0.7777777777777778,0.8235294117647058,0.5161290322580645,-5.0,-10.0,4,3,1,"[60.0, -10.0, -10.0, 5.0, -10.0, -40.0, -30.0]",25.0
CGMacros-011,prediabetes,window,popTMA,C05,4570.690865413118,29,39.0,8,4,1,1,6,7,3.875,0.125,0.14285714285714285,0.13333333333333333,1.5483870967741935,54.0,54.0,0,1,0,[54.0],
CGMacros-011,prediabetes,window,popTMA,C05-15,4570.690865413118,29,39.0,8,4,1,3,4,5,3.875,0.375,0.42857142857142855,0.4,1.032258064516129,12.666666666666666,-5.0,1,2,1,"[54.0, -11.0, -5.0]",
CGMacros-011,prediabetes,window,popTMA,native,4570.690865413118,29,48.333333333333336,8,4,1,6,0,2,3.875,0.75,1.0,0.8571428571428571,0.0,-8.333333333333334,-17.5,3,3,1,"[50.0, -20.0, -15.0, -5.0, -20.0, -40.0]",52.5
CGMacros-011,prediabetes,mask,popTMA,C05,4570.690865413118,29,34.666666666666664,8,4,1,1,5,7,3.875,0.125,0.16666666666666666,0.14285714285714285,1.2903225806451613,54.0,54.0,0,1,0,[54.0],
CGMacros-011,prediabetes,mask,popTMA,C05-15,4570.690865413118,29,34.666666666666664,8,4,1,3,3,5,3.875,0.375,0.5,0.42857142857142855,0.7741935483870968,12.666666666666666,-5.0,1,2,1,"[54.0, -11.0, -5.0]",
CGMacros-011,prediabetes,mask,popTMA,native,4570.690865413118,29,44.0,8,4,1,6,0,2,3.875,0.75,1.0,0.8571428571428571,0.0,-8.333333333333334,-17.5,3,3,1,"[50.0, -20.0, -15.0, -5.0, -20.0, -40.0]",52.5
CGMacros-011,prediabetes,mask_nocarve,popTMA,C05,4570.690865413118,29,32.333333333333336,8,4,1,1,4,7,3.875,0.125,0.2,0.15384615384615385,1.032258064516129,54.0,54.0,0,1,0,[54.0],
CGMacros-011,prediabetes,mask_nocarve,popTMA,C05-15,4570.690865413118,29,32.333333333333336,8,4,1,2,3,6,3.875,0.25,0.4,0.3076923076923077,0.7741935483870968,21.5,21.5,1,1,0,"[54.0, -11.0]",
CGMacros-011,prediabetes,mask_nocarve,popTMA,native,4570.690865413118,29,41.666666666666664,8,4,1,5,0,3,3.875,0.625,1.0,0.7692307692307693,0.0,-9.0,-20.0,3,2,0,"[50.0, -20.0, -15.0, -20.0, -40.0]",50.0
CGMacros-011,prediabetes,mask_retuned,popTMA,C05,3872.5686667619666,29,34.666666666666664,8,4,1,1,6,7,3.875,0.125,0.14285714285714285,0.13333333333333333,1.5483870967741935,54.0,54.0,0,1,0,[54.0],
CGMacros-011,prediabetes,mask_retuned,popTMA,C05-15,3872.5686667619666,29,34.666666666666664,8,4,1,3,4,5,3.875,0.375,0.42857142857142855,0.4,1.032258064516129,12.666666666666666,-5.0,1,2,1,"[54.0, -11.0, -5.0]",
CGMacros-011,prediabetes,mask_retuned,popTMA,native,3872.5686667619666,29,44.0,8,4,1,6,1,2,3.875,0.75,0.8571428571428571,0.8,0.25806451612903225,-25.833333333333332,-20.0,3,3,1,"[-55.0, -20.0, -15.0, -5.0, -20.0, -40.0]",50.0
CGMacros-012,T2D,window,persTMA,C05,6679.586917451452,27,37.916666666666664,7,4,0,4,2,3,3.8159722222222223,0.5714285714285714,0.6666666666666666,0.6153846153846154,0.5241128298453139,18.0,18.0,2,2,0,"[29.0, 7.0, 8.0, 28.0]",
CGMacros-012,T2D,window,persTMA,C05-15,6679.586917451452,27,37.916666666666664,7,4,0,5,1,2,3.8159722222222223,0.7142857142857143,0.8333333333333334,0.7692307692307693,0.26205641492265697,13.6,8.0,3,2,0,"[29.0, 7.0, -4.0, 8.0, 28.0]",
CGMacros-012,T2D,window,persTMA,native,6679.586917451452,27,46.916666666666664,7,4,0,5,1,2,3.8159722222222223,0.7142857142857143,0.8333333333333334,0.7692307692307693,0.26205641492265697,11.0,5.0,3,2,0,"[25.0, 5.0, -5.0, 5.0, 25.0]",70.0
CGMacros-012,T2D,mask,persTMA,C05,6679.586917451452,27,37.916666666666664,7,4,0,4,2,3,3.8159722222222223,0.5714285714285714,0.6666666666666666,0.6153846153846154,0.5241128298453139,18.0,18.0,2,2,0,"[29.0, 7.0, 8.0, 28.0]",
CGMacros-012,T2D,mask,persTMA,C05-15,6679.586917451452,27,37.916666666666664,7,4,0,5,1,2,3.8159722222222223,0.7142857142857143,0.8333333333333334,0.7692307692307693,0.26205641492265697,13.6,8.0,3,2,0,"[29.0, 7.0, -4.0, 8.0, 28.0]",
CGMacros-012,T2D,mask,persTMA,native,6679.586917451452,27,46.916666666666664,7,4,0,5,1,2,3.8159722222222223,0.7142857142857143,0.8333333333333334,0.7692307692307693,0.26205641492265697,11.0,5.0,3,2,0,"[25.0, 5.0, -5.0, 5.0, 25.0]",70.0
CGMacros-012,T2D,mask_nocarve,persTMA,C05,6679.586917451452,27,37.916666666666664,7,4,0,4,2,3,3.8159722222222223,0.5714285714285714,0.6666666666666666,0.6153846153846154,0.5241128298453139,18.0,18.0,2,2,0,"[29.0, 7.0, 8.0, 28.0]",
CGMacros-012,T2D,mask_nocarve,persTMA,C05-15,6679.586917451452,27,37.916666666666664,7,4,0,5,1,2,3.8159722222222223,0.7142857142857143,0.8333333333333334,0.7692307692307693,0.26205641492265697,13.6,8.0,3,2,0,"[29.0, 7.0, -4.0, 8.0, 28.0]",
CGMacros-012,T2D,mask_nocarve,persTMA,native,6679.586917451452,27,46.916666666666664,7,4,0,5,1,2,3.8159722222222223,0.7142857142857143,0.8333333333333334,0.7692307692307693,0.26205641492265697,11.0,5.0,3,2,0,"[25.0, 5.0, -5.0, 5.0, 25.0]",70.0
CGMacros-012,T2D,mask_retuned,persTMA,C05,6679.586917451452,27,37.916666666666664,7,4,0,4,2,3,3.8159722222222223,0.5714285714285714,0.6666666666666666,0.6153846153846154,0.5241128298453139,18.0,18.0,2,2,0,"[29.0, 7.0, 8.0, 28.0]",
CGMacros-012,T2D,mask_retuned,persTMA,C05-15,6679.586917451452,27,37.916666666666664,7,4,0,5,1,2,3.8159722222222223,0.7142857142857143,0.8333333333333334,0.7692307692307693,0.26205641492265697,13.6,8.0,3,2,0,"[29.0, 7.0, -4.0, 8.0, 28.0]",
CGMacros-012,T2D,mask_retuned,persTMA,native,6679.586917451452,27,46.916666666666664,7,4,0,5,1,2,3.8159722222222223,0.7142857142857143,0.8333333333333334,0.7692307692307693,0.26205641492265697,11.0,5.0,3,2,0,"[25.0, 5.0, -5.0, 5.0, 25.0]",70.0
CGMacros-012,T2D,window,popTMA,C05,4576.130465290687,28,37.916666666666664,7,4,0,4,2,3,3.8159722222222223,0.5714285714285714,0.6666666666666666,0.6153846153846154,0.5241128298453139,11.75,11.0,2,2,0,"[19.0, 2.0, 3.0, 23.0]",
CGMacros-012,T2D,window,popTMA,C05-15,4576.130465290687,28,37.916666666666664,7,4,0,5,1,2,3.8159722222222223,0.7142857142857143,0.8333333333333334,0.7692307692307693,0.26205641492265697,7.6,3.0,3,2,0,"[19.0, 2.0, -9.0, 3.0, 23.0]",
CGMacros-012,T2D,window,popTMA,native,4576.130465290687,28,46.916666666666664,7,4,0,5,1,2,3.8159722222222223,0.7142857142857143,0.8333333333333334,0.7692307692307693,0.26205641492265697,5.0,0.0,3,2,0,"[15.0, 0.0, -10.0, 0.0, 20.0]",70.0
CGMacros-012,T2D,mask,popTMA,C05,4576.130465290687,28,37.916666666666664,7,4,0,4,2,3,3.8159722222222223,0.5714285714285714,0.6666666666666666,0.6153846153846154,0.5241128298453139,11.75,11.0,2,2,0,"[19.0, 2.0, 3.0, 23.0]",
CGMacros-012,T2D,mask,popTMA,C05-15,4576.130465290687,28,37.916666666666664,7,4,0,5,1,2,3.8159722222222223,0.7142857142857143,0.8333333333333334,0.7692307692307693,0.26205641492265697,7.6,3.0,3,2,0,"[19.0, 2.0, -9.0, 3.0, 23.0]",
CGMacros-012,T2D,mask,popTMA,native,4576.130465290687,28,46.916666666666664,7,4,0,5,1,2,3.8159722222222223,0.7142857142857143,0.8333333333333334,0.7692307692307693,0.26205641492265697,5.0,0.0,3,2,0,"[15.0, 0.0, -10.0, 0.0, 20.0]",70.0
CGMacros-012,T2D,mask_nocarve,popTMA,C05,4576.130465290687,28,37.916666666666664,7,4,0,4,2,3,3.8159722222222223,0.5714285714285714,0.6666666666666666,0.6153846153846154,0.5241128298453139,11.75,11.0,2,2,0,"[19.0, 2.0, 3.0, 23.0]",
CGMacros-012,T2D,mask_nocarve,popTMA,C05-15,4576.130465290687,28,37.916666666666664,7,4,0,5,1,2,3.8159722222222223,0.7142857142857143,0.8333333333333334,0.7692307692307693,0.26205641492265697,7.6,3.0,3,2,0,"[19.0, 2.0, -9.0, 3.0, 23.0]",
CGMacros-012,T2D,mask_nocarve,popTMA,native,4576.130465290687,28,46.916666666666664,7,4,0,5,1,2,3.8159722222222223,0.7142857142857143,0.8333333333333334,0.7692307692307693,0.26205641492265697,5.0,0.0,3,2,0,"[15.0, 0.0, -10.0, 0.0, 20.0]",70.0
CGMacros-012,T2D,mask_retuned,popTMA,C05,3105.1240195868413,28,37.916666666666664,7,4,0,6,2,1,3.8159722222222223,0.8571428571428571,0.75,0.8,0.5241128298453139,11.333333333333334,10.5,2,4,0,"[19.0, 2.0, 10.0, 11.0, 3.0, 23.0]",
CGMacros-012,T2D,mask_retuned,popTMA,C05-15,3105.1240195868413,28,37.916666666666664,7,4,0,7,1,0,3.8159722222222223,1.0,0.875,0.9333333333333333,0.26205641492265697,8.428571428571429,10.0,3,4,0,"[19.0, 2.0, 10.0, -9.0, 11.0, 3.0, 23.0]",
CGMacros-012,T2D,mask_retuned,popTMA,native,3105.1240195868413,28,46.916666666666664,7,4,0,7,1,0,3.8159722222222223,1.0,0.875,0.9333333333333333,0.26205641492265697,6.428571428571429,10.0,3,4,0,"[15.0, 0.0, 10.0, -10.0, 10.0, 0.0, 20.0]",80.0
CGMacros-013,prediabetes,window,persTMA,C05,16544.611068423517,29,33.25,7,3,0,2,3,3,3.6354166666666665,0.4,0.4,0.4,0.8252148997134671,57.0,57.0,1,1,0,"[4.0, 110.0]",
CGMacros-013,prediabetes,window,persTMA,C05-15,16544.611068423517,29,33.25,7,3,0,2,3,3,3.6354166666666665,0.4,0.4,0.4,0.8252148997134671,57.0,57.0,1,1,0,"[4.0, 110.0]",
CGMacros-013,prediabetes,window,persTMA,native,16544.611068423517,29,42.583333333333336,7,3,0,5,1,2,3.6354166666666665,0.7142857142857143,0.8333333333333334,0.7692307692307693,0.27507163323782235,-40.0,-30.0,2,3,0,"[-20.0, 0.0, -30.0, -80.0, -70.0]",40.0
CGMacros-013,prediabetes,mask,persTMA,C05,16544.611068423517,29,24.75,7,3,0,2,1,3,3.6354166666666665,0.4,0.6666666666666666,0.5,0.27507163323782235,57.0,57.0,1,1,0,"[4.0, 110.0]",
CGMacros-013,prediabetes,mask,persTMA,C05-15,16544.611068423517,29,24.75,7,3,0,2,1,3,3.6354166666666665,0.4,0.6666666666666666,0.5,0.27507163323782235,57.0,57.0,1,1,0,"[4.0, 110.0]",
CGMacros-013,prediabetes,mask,persTMA,native,16544.611068423517,29,34.083333333333336,7,3,0,5,0,2,3.6354166666666665,0.7142857142857143,1.0,0.8333333333333334,0.0,-40.0,-30.0,2,3,0,"[-20.0, 0.0, -30.0, -80.0, -70.0]",40.0
CGMacros-013,prediabetes,mask_nocarve,persTMA,C05,16544.611068423517,29,24.75,7,3,0,2,1,3,3.6354166666666665,0.4,0.6666666666666666,0.5,0.27507163323782235,57.0,57.0,1,1,0,"[4.0, 110.0]",
CGMacros-013,prediabetes,mask_nocarve,persTMA,C05-15,16544.611068423517,29,24.75,7,3,0,2,1,3,3.6354166666666665,0.4,0.6666666666666666,0.5,0.27507163323782235,57.0,57.0,1,1,0,"[4.0, 110.0]",
CGMacros-013,prediabetes,mask_nocarve,persTMA,native,16544.611068423517,29,34.083333333333336,7,3,0,5,0,2,3.6354166666666665,0.7142857142857143,1.0,0.8333333333333334,0.0,-40.0,-30.0,2,3,0,"[-20.0, 0.0, -30.0, -80.0, -70.0]",40.0
CGMacros-013,prediabetes,mask_retuned,persTMA,C05,8310.134987424906,29,24.75,7,3,0,2,1,3,3.6354166666666665,0.4,0.6666666666666666,0.5,0.27507163323782235,57.0,57.0,1,1,0,"[4.0, 110.0]",
CGMacros-013,prediabetes,mask_retuned,persTMA,C05-15,8310.134987424906,29,24.75,7,3,0,2,1,3,3.6354166666666665,0.4,0.6666666666666666,0.5,0.27507163323782235,57.0,57.0,1,1,0,"[4.0, 110.0]",
CGMacros-013,prediabetes,mask_retuned,persTMA,native,8310.134987424906,29,34.083333333333336,7,3,0,7,0,0,3.6354166666666665,1.0,1.0,1.0,0.0,-42.857142857142854,-30.0,4,3,0,"[-20.0, 0.0, -25.0, -30.0, -80.0, -70.0, -75.0]",40.0
CGMacros-013,prediabetes,window,popTMA,C05,4127.952530068847,28,33.25,7,3,0,3,7,2,3.6354166666666665,0.6,0.3,0.4,1.9255014326647566,42.333333333333336,44.0,0,3,0,"[74.0, 44.0, 9.0]",
CGMacros-013,prediabetes,window,popTMA,C05-15,4127.952530068847,28,33.25,7,3,0,4,6,1,3.6354166666666665,0.8,0.4,0.5333333333333333,1.6504297994269341,30.5,26.5,1,3,0,"[74.0, 44.0, -5.0, 9.0]",
CGMacros-013,prediabetes,window,popTMA,native,4127.952530068847,28,42.583333333333336,7,3,0,4,4,3,3.6354166666666665,0.5714285714285714,0.5,0.5333333333333333,1.1002865329512894,22.5,22.5,2,2,0,"[50.0, 40.0, -5.0, 5.0]",92.5
CGMacros-013,prediabetes,mask,popTMA,C05,4127.952530068847,28,24.75,7,3,0,3,4,2,3.6354166666666665,0.6,0.42857142857142855,0.5,1.1002865329512894,42.333333333333336,44.0,0,3,0,"[74.0, 44.0, 9.0]",
CGMacros-013,prediabetes,mask,popTMA,C05-15,4127.952530068847,28,24.75,7,3,0,4,3,1,3.6354166666666665,0.8,0.5714285714285714,0.6666666666666666,0.8252148997134671,30.5,26.5,1,3,0,"[74.0, 44.0, -5.0, 9.0]",
CGMacros-013,prediabetes,mask,popTMA,native,4127.952530068847,28,34.083333333333336,7,3,0,4,3,3,3.6354166666666665,0.5714285714285714,0.5714285714285714,0.5714285714285714,0.8252148997134671,22.5,22.5,2,2,0,"[50.0, 40.0, -5.0, 5.0]",92.5
CGMacros-013,prediabetes,mask_nocarve,popTMA,C05,4127.952530068847,28,24.75,7,3,0,3,4,2,3.6354166666666665,0.6,0.42857142857142855,0.5,1.1002865329512894,42.333333333333336,44.0,0,3,0,"[74.0, 44.0, 9.0]",
CGMacros-013,prediabetes,mask_nocarve,popTMA,C05-15,4127.952530068847,28,24.75,7,3,0,4,3,1,3.6354166666666665,0.8,0.5714285714285714,0.6666666666666666,0.8252148997134671,30.5,26.5,1,3,0,"[74.0, 44.0, -5.0, 9.0]",
CGMacros-013,prediabetes,mask_nocarve,popTMA,native,4127.952530068847,28,34.083333333333336,7,3,0,4,3,3,3.6354166666666665,0.5714285714285714,0.5714285714285714,0.5714285714285714,0.8252148997134671,22.5,22.5,2,2,0,"[50.0, 40.0, -5.0, 5.0]",92.5
CGMacros-013,prediabetes,mask_retuned,popTMA,C05,2971.2015744248056,28,24.75,7,3,0,3,4,2,3.6354166666666665,0.6,0.42857142857142855,0.5,1.1002865329512894,42.333333333333336,44.0,0,3,0,"[74.0, 44.0, 9.0]",
CGMacros-013,prediabetes,mask_retuned,popTMA,C05-15,2971.2015744248056,28,24.75,7,3,0,4,3,1,3.6354166666666665,0.8,0.5714285714285714,0.6666666666666666,0.8252148997134671,30.5,26.5,1,3,0,"[74.0, 44.0, -5.0, 9.0]",
CGMacros-013,prediabetes,mask_retuned,popTMA,native,2971.2015744248056,28,34.083333333333336,7,3,0,4,3,3,3.6354166666666665,0.5714285714285714,0.5714285714285714,0.5714285714285714,0.8252148997134671,22.5,22.5,2,2,0,"[50.0, 40.0, -5.0, 5.0]",92.5
CGMacros-014,T2D,window,persTMA,C05,1458.2201711532925,21,35.833333333333336,6,3,0,6,4,0,3.7430555555555554,1.0,0.6,0.75,1.0686456400742115,46.166666666666664,38.5,3,3,0,"[24.0, 58.0, 23.0, 53.0, 22.0, 97.0]",
CGMacros-014,T2D,window,persTMA,C05-15,1458.2201711532925,21,35.833333333333336,6,3,0,6,4,0,3.7430555555555554,1.0,0.6,0.75,1.0686456400742115,46.166666666666664,38.5,3,3,0,"[24.0, 58.0, 23.0, 53.0, 22.0, 97.0]",
CGMacros-014,T2D,window,persTMA,native,1458.2201711532925,21,44.833333333333336,6,3,0,5,7,1,3.7430555555555554,0.8333333333333334,0.4166666666666667,0.5555555555555556,1.8701298701298703,33.0,20.0,3,2,0,"[20.0, 55.0, 20.0, 50.0, 20.0]",70.0
CGMacros-014,T2D,mask,persTMA,C05,1458.2201711532925,21,34.166666666666664,6,3,0,6,3,0,3.7430555555555554,1.0,0.6666666666666666,0.8,0.8014842300556587,46.166666666666664,38.5,3,3,0,"[24.0, 58.0, 23.0, 53.0, 22.0, 97.0]",
CGMacros-014,T2D,mask,persTMA,C05-15,1458.2201711532925,21,34.166666666666664,6,3,0,6,3,0,3.7430555555555554,1.0,0.6666666666666666,0.8,0.8014842300556587,46.166666666666664,38.5,3,3,0,"[24.0, 58.0, 23.0, 53.0, 22.0, 97.0]",
CGMacros-014,T2D,mask,persTMA,native,1458.2201711532925,21,43.166666666666664,6,3,0,5,7,1,3.7430555555555554,0.8333333333333334,0.4166666666666667,0.5555555555555556,1.8701298701298703,33.0,20.0,3,2,0,"[20.0, 55.0, 20.0, 50.0, 20.0]",70.0
CGMacros-014,T2D,mask_nocarve,persTMA,C05,1458.2201711532925,21,34.166666666666664,6,3,0,6,3,0,3.7430555555555554,1.0,0.6666666666666666,0.8,0.8014842300556587,46.166666666666664,38.5,3,3,0,"[24.0, 58.0, 23.0, 53.0, 22.0, 97.0]",
CGMacros-014,T2D,mask_nocarve,persTMA,C05-15,1458.2201711532925,21,34.166666666666664,6,3,0,6,3,0,3.7430555555555554,1.0,0.6666666666666666,0.8,0.8014842300556587,46.166666666666664,38.5,3,3,0,"[24.0, 58.0, 23.0, 53.0, 22.0, 97.0]",
CGMacros-014,T2D,mask_nocarve,persTMA,native,1458.2201711532925,21,43.166666666666664,6,3,0,5,7,1,3.7430555555555554,0.8333333333333334,0.4166666666666667,0.5555555555555556,1.8701298701298703,33.0,20.0,3,2,0,"[20.0, 55.0, 20.0, 50.0, 20.0]",70.0
CGMacros-014,T2D,mask_retuned,persTMA,C05,1458.2201711532925,21,34.166666666666664,6,3,0,6,3,0,3.7430555555555554,1.0,0.6666666666666666,0.8,0.8014842300556587,46.166666666666664,38.5,3,3,0,"[24.0, 58.0, 23.0, 53.0, 22.0, 97.0]",
CGMacros-014,T2D,mask_retuned,persTMA,C05-15,1458.2201711532925,21,34.166666666666664,6,3,0,6,3,0,3.7430555555555554,1.0,0.6666666666666666,0.8,0.8014842300556587,46.166666666666664,38.5,3,3,0,"[24.0, 58.0, 23.0, 53.0, 22.0, 97.0]",
CGMacros-014,T2D,mask_retuned,persTMA,native,1458.2201711532925,21,43.166666666666664,6,3,0,5,7,1,3.7430555555555554,0.8333333333333334,0.4166666666666667,0.5555555555555556,1.8701298701298703,33.0,20.0,3,2,0,"[20.0, 55.0, 20.0, 50.0, 20.0]",70.0
CGMacros-014,T2D,window,popTMA,C05,3410.5596539670114,28,35.833333333333336,6,3,0,3,5,3,3.7430555555555554,0.5,0.375,0.42857142857142855,1.3358070500927643,14.333333333333334,13.0,0,3,0,"[13.0, 13.0, 17.0]",
CGMacros-014,T2D,window,popTMA,C05-15,3410.5596539670114,28,35.833333333333336,6,3,0,5,3,1,3.7430555555555554,0.8333333333333334,0.625,0.7142857142857143,0.8014842300556587,4.6,13.0,2,3,0,"[13.0, -7.0, 13.0, -13.0, 17.0]",
CGMacros-014,T2D,window,popTMA,native,3410.5596539670114,28,44.833333333333336,6,3,0,6,0,0,3.7430555555555554,1.0,1.0,1.0,0.0,-1.6666666666666667,0.0,3,3,0,"[-20.0, 10.0, -10.0, 10.0, -15.0, 15.0]",70.0
CGMacros-014,T2D,mask,popTMA,C05,3410.5596539670114,28,34.166666666666664,6,3,0,3,4,3,3.7430555555555554,0.5,0.42857142857142855,0.46153846153846156,1.0686456400742115,14.333333333333334,13.0,0,3,0,"[13.0, 13.0, 17.0]",
CGMacros-014,T2D,mask,popTMA,C05-15,3410.5596539670114,28,34.166666666666664,6,3,0,5,2,1,3.7430555555555554,0.8333333333333334,0.7142857142857143,0.7692307692307693,0.5343228200371057,4.6,13.0,2,3,0,"[13.0, -7.0, 13.0, -13.0, 17.0]",
CGMacros-014,T2D,mask,popTMA,native,3410.5596539670114,28,43.166666666666664,6,3,0,6,0,0,3.7430555555555554,1.0,1.0,1.0,0.0,-1.6666666666666667,0.0,3,3,0,"[-20.0, 10.0, -10.0, 10.0, -15.0, 15.0]",70.0
CGMacros-014,T2D,mask_nocarve,popTMA,C05,3410.5596539670114,28,34.166666666666664,6,3,0,3,4,3,3.7430555555555554,0.5,0.42857142857142855,0.46153846153846156,1.0686456400742115,14.333333333333334,13.0,0,3,0,"[13.0, 13.0, 17.0]",
CGMacros-014,T2D,mask_nocarve,popTMA,C05-15,3410.5596539670114,28,34.166666666666664,6,3,0,5,2,1,3.7430555555555554,0.8333333333333334,0.7142857142857143,0.7692307692307693,0.5343228200371057,4.6,13.0,2,3,0,"[13.0, -7.0, 13.0, -13.0, 17.0]",
CGMacros-014,T2D,mask_nocarve,popTMA,native,3410.5596539670114,28,43.166666666666664,6,3,0,6,0,0,3.7430555555555554,1.0,1.0,1.0,0.0,-1.6666666666666667,0.0,3,3,0,"[-20.0, 10.0, -10.0, 10.0, -15.0, 15.0]",70.0
CGMacros-014,T2D,mask_retuned,popTMA,C05,3108.0102248696967,28,34.166666666666664,6,3,0,3,5,3,3.7430555555555554,0.5,0.375,0.42857142857142855,1.3358070500927643,14.333333333333334,13.0,0,3,0,"[13.0, 13.0, 17.0]",
CGMacros-014,T2D,mask_retuned,popTMA,C05-15,3108.0102248696967,28,34.166666666666664,6,3,0,5,3,1,3.7430555555555554,0.8333333333333334,0.625,0.7142857142857143,0.8014842300556587,4.6,13.0,2,3,0,"[13.0, -7.0, 13.0, -13.0, 17.0]",
CGMacros-014,T2D,mask_retuned,popTMA,native,3108.0102248696967,28,43.166666666666664,6,3,0,6,1,0,3.7430555555555554,1.0,0.8571428571428571,0.9230769230769231,0.26716141001855287,-1.6666666666666667,0.0,3,3,0,"[-20.0, 10.0, -10.0, 10.0, -15.0, 15.0]",70.0
CGMacros-015,healthy,window,persTMA,C05,1223.5210157912416,12,33.666666666666664,6,3,0,2,4,4,3.5972222222222223,0.3333333333333333,0.3333333333333333,0.3333333333333333,1.111969111969112,10.5,10.5,1,1,0,"[5.0, 16.0]",
CGMacros-015,healthy,window,persTMA,C05-15,1223.5210157912416,12,33.666666666666664,6,3,0,3,3,3,3.5972222222222223,0.5,0.5,0.5,0.833976833976834,2.3333333333333335,5.0,2,1,0,"[-14.0, 5.0, 16.0]",
CGMacros-015,healthy,window,persTMA,native,1223.5210157912416,12,42.666666666666664,6,3,0,3,3,3,3.5972222222222223,0.5,0.5,0.5,0.833976833976834,1.6666666666666667,5.0,2,1,0,"[-15.0, 5.0, 15.0]",35.0
CGMacros-015,healthy,mask,persTMA,C05,1223.5210157912416,12,26.5,6,3,0,2,1,4,3.5972222222222223,0.3333333333333333,0.6666666666666666,0.4444444444444444,0.277992277992278,10.5,10.5,1,1,0,"[5.0, 16.0]",
CGMacros-015,healthy,mask,persTMA,C05-15,1223.5210157912416,12,26.5,6,3,0,3,0,3,3.5972222222222223,0.5,1.0,0.6666666666666666,0.0,2.3333333333333335,5.0,2,1,0,"[-14.0, 5.0, 16.0]",
CGMacros-015,healthy,mask,persTMA,native,1223.5210157912416,12,35.5,6,3,0,3,1,3,3.5972222222222223,0.5,0.75,0.6,0.277992277992278,1.6666666666666667,5.0,2,1,0,"[-15.0, 5.0, 15.0]",35.0
CGMacros-015,healthy,mask_nocarve,persTMA,C05,1223.5210157912416,12,26.5,6,3,0,2,1,4,3.5972222222222223,0.3333333333333333,0.6666666666666666,0.4444444444444444,0.277992277992278,10.5,10.5,1,1,0,"[5.0, 16.0]",
CGMacros-015,healthy,mask_nocarve,persTMA,C05-15,1223.5210157912416,12,26.5,6,3,0,3,0,3,3.5972222222222223,0.5,1.0,0.6666666666666666,0.0,2.3333333333333335,5.0,2,1,0,"[-14.0, 5.0, 16.0]",
CGMacros-015,healthy,mask_nocarve,persTMA,native,1223.5210157912416,12,35.5,6,3,0,3,1,3,3.5972222222222223,0.5,0.75,0.6,0.277992277992278,1.6666666666666667,5.0,2,1,0,"[-15.0, 5.0, 15.0]",35.0
CGMacros-015,healthy,mask_retuned,persTMA,C05,1223.5210157912416,12,26.5,6,3,0,2,1,4,3.5972222222222223,0.3333333333333333,0.6666666666666666,0.4444444444444444,0.277992277992278,10.5,10.5,1,1,0,"[5.0, 16.0]",
CGMacros-015,healthy,mask_retuned,persTMA,C05-15,1223.5210157912416,12,26.5,6,3,0,3,0,3,3.5972222222222223,0.5,1.0,0.6666666666666666,0.0,2.3333333333333335,5.0,2,1,0,"[-14.0, 5.0, 16.0]",
CGMacros-015,healthy,mask_retuned,persTMA,native,1223.5210157912416,12,35.5,6,3,0,3,1,3,3.5972222222222223,0.5,0.75,0.6,0.277992277992278,1.6666666666666667,5.0,2,1,0,"[-15.0, 5.0, 15.0]",35.0
CGMacros-015,healthy,window,popTMA,C05,3928.7634013736024,29,33.666666666666664,6,3,0,1,6,5,3.5972222222222223,0.16666666666666666,0.14285714285714285,0.15384615384615385,1.667953667953668,6.0,6.0,0,1,0,[6.0],
CGMacros-015,healthy,window,popTMA,C05-15,3928.7634013736024,29,33.666666666666664,6,3,0,3,4,3,3.5972222222222223,0.5,0.42857142857142855,0.46153846153846156,1.111969111969112,-1.6666666666666667,-5.0,2,1,0,"[-5.0, -6.0, 6.0]",
CGMacros-015,healthy,window,popTMA,native,3928.7634013736024,29,42.666666666666664,6,3,0,4,2,2,3.5972222222222223,0.6666666666666666,0.6666666666666666,0.6666666666666666,0.555984555984556,-11.25,-7.5,3,1,0,"[-35.0, -5.0, -10.0, 5.0]",62.5
CGMacros-015,healthy,mask,popTMA,C05,3928.7634013736024,29,26.5,6,3,0,1,3,5,3.5972222222222223,0.16666666666666666,0.25,0.2,0.833976833976834,6.0,6.0,0,1,0,[6.0],
CGMacros-015,healthy,mask,popTMA,C05-15,3928.7634013736024,29,26.5,6,3,0,3,1,3,3.5972222222222223,0.5,0.75,0.6,0.277992277992278,-1.6666666666666667,-5.0,2,1,0,"[-5.0, -6.0, 6.0]",
CGMacros-015,healthy,mask,popTMA,native,3928.7634013736024,29,35.5,6,3,0,4,0,2,3.5972222222222223,0.6666666666666666,1.0,0.8,0.0,-11.25,-7.5,3,1,0,"[-35.0, -5.0, -10.0, 5.0]",62.5
CGMacros-015,healthy,mask_nocarve,popTMA,C05,3928.7634013736024,29,26.5,6,3,0,1,3,5,3.5972222222222223,0.16666666666666666,0.25,0.2,0.833976833976834,6.0,6.0,0,1,0,[6.0],
CGMacros-015,healthy,mask_nocarve,popTMA,C05-15,3928.7634013736024,29,26.5,6,3,0,3,1,3,3.5972222222222223,0.5,0.75,0.6,0.277992277992278,-1.6666666666666667,-5.0,2,1,0,"[-5.0, -6.0, 6.0]",
CGMacros-015,healthy,mask_nocarve,popTMA,native,3928.7634013736024,29,35.5,6,3,0,4,0,2,3.5972222222222223,0.6666666666666666,1.0,0.8,0.0,-11.25,-7.5,3,1,0,"[-35.0, -5.0, -10.0, 5.0]",62.5
CGMacros-015,healthy,mask_retuned,popTMA,C05,3928.7634013736024,29,26.5,6,3,0,1,3,5,3.5972222222222223,0.16666666666666666,0.25,0.2,0.833976833976834,6.0,6.0,0,1,0,[6.0],
CGMacros-015,healthy,mask_retuned,popTMA,C05-15,3928.7634013736024,29,26.5,6,3,0,3,1,3,3.5972222222222223,0.5,0.75,0.6,0.277992277992278,-1.6666666666666667,-5.0,2,1,0,"[-5.0, -6.0, 6.0]",
CGMacros-015,healthy,mask_retuned,popTMA,native,3928.7634013736024,29,35.5,6,3,0,4,0,2,3.5972222222222223,0.6666666666666666,1.0,0.8,0.0,-11.25,-7.5,3,1,0,"[-35.0, -5.0, -10.0, 5.0]",62.5
CGMacros-016,prediabetes,window,persTMA,C05,1782.81994740145,15,32.75,7,3,0,1,5,6,3.236111111111111,0.14285714285714285,0.16666666666666666,0.15384615384615385,1.5450643776824033,0.0,0.0,0,1,0,[0.0],
CGMacros-016,prediabetes,window,persTMA,C05-15,1782.81994740145,15,32.75,7,3,0,5,1,2,3.236111111111111,0.7142857142857143,0.8333333333333334,0.7692307692307693,0.30901287553648066,-3.8,-2.0,3,2,0,"[-6.0, -2.0, -1.0, -10.0, 0.0]",
CGMacros-016,prediabetes,window,persTMA,native,1782.81994740145,15,42.083333333333336,7,3,0,5,1,2,3.236111111111111,0.7142857142857143,0.8333333333333334,0.7692307692307693,0.30901287553648066,-6.0,-5.0,3,2,0,"[-10.0, -5.0, -5.0, -10.0, 0.0]",30.0
CGMacros-016,prediabetes,mask,persTMA,C05,1782.81994740145,15,30.25,7,3,0,1,4,6,3.236111111111111,0.14285714285714285,0.2,0.16666666666666666,1.2360515021459226,0.0,0.0,0,1,0,[0.0],
CGMacros-016,prediabetes,mask,persTMA,C05-15,1782.81994740145,15,30.25,7,3,0,5,0,2,3.236111111111111,0.7142857142857143,1.0,0.8333333333333334,0.0,-3.8,-2.0,3,2,0,"[-6.0, -2.0, -1.0, -10.0, 0.0]",
CGMacros-016,prediabetes,mask,persTMA,native,1782.81994740145,15,39.583333333333336,7,3,0,5,0,2,3.236111111111111,0.7142857142857143,1.0,0.8333333333333334,0.0,-6.0,-5.0,3,2,0,"[-10.0, -5.0, -5.0, -10.0, 0.0]",30.0
CGMacros-016,prediabetes,mask_nocarve,persTMA,C05,1782.81994740145,15,30.25,7,3,0,1,4,6,3.236111111111111,0.14285714285714285,0.2,0.16666666666666666,1.2360515021459226,0.0,0.0,0,1,0,[0.0],
CGMacros-016,prediabetes,mask_nocarve,persTMA,C05-15,1782.81994740145,15,30.25,7,3,0,5,0,2,3.236111111111111,0.7142857142857143,1.0,0.8333333333333334,0.0,-3.8,-2.0,3,2,0,"[-6.0, -2.0, -1.0, -10.0, 0.0]",
CGMacros-016,prediabetes,mask_nocarve,persTMA,native,1782.81994740145,15,39.583333333333336,7,3,0,5,0,2,3.236111111111111,0.7142857142857143,1.0,0.8333333333333334,0.0,-6.0,-5.0,3,2,0,"[-10.0, -5.0, -5.0, -10.0, 0.0]",30.0
CGMacros-016,prediabetes,mask_retuned,persTMA,C05,1782.81994740145,15,30.25,7,3,0,1,4,6,3.236111111111111,0.14285714285714285,0.2,0.16666666666666666,1.2360515021459226,0.0,0.0,0,1,0,[0.0],
CGMacros-016,prediabetes,mask_retuned,persTMA,C05-15,1782.81994740145,15,30.25,7,3,0,5,0,2,3.236111111111111,0.7142857142857143,1.0,0.8333333333333334,0.0,-3.8,-2.0,3,2,0,"[-6.0, -2.0, -1.0, -10.0, 0.0]",
CGMacros-016,prediabetes,mask_retuned,persTMA,native,1782.81994740145,15,39.583333333333336,7,3,0,5,0,2,3.236111111111111,0.7142857142857143,1.0,0.8333333333333334,0.0,-6.0,-5.0,3,2,0,"[-10.0, -5.0, -5.0, -10.0, 0.0]",30.0
CGMacros-016,prediabetes,window,popTMA,C05,3933.2936841641204,29,32.75,7,3,0,0,7,7,3.236111111111111,0.0,0.0,0.0,2.163090128755365,,,0,0,0,[],
CGMacros-016,prediabetes,window,popTMA,C05-15,3933.2936841641204,29,32.75,7,3,0,3,4,4,3.236111111111111,0.42857142857142855,0.42857142857142855,0.42857142857142855,1.2360515021459226,-11.0,-11.0,1,2,0,"[-12.0, -11.0, -10.0]",
CGMacros-016,prediabetes,window,popTMA,native,3933.2936841641204,29,42.083333333333336,7,3,0,5,1,2,3.236111111111111,0.7142857142857143,0.8333333333333334,0.7692307692307693,0.30901287553648066,-17.0,-15.0,3,2,0,"[-20.0, -15.0, -15.0, -25.0, -10.0]",55.0
CGMacros-016,prediabetes,mask,popTMA,C05,3933.2936841641204,29,30.25,7,3,0,0,6,7,3.236111111111111,0.0,0.0,0.0,1.854077253218884,,,0,0,0,[],
CGMacros-016,prediabetes,mask,popTMA,C05-15,3933.2936841641204,29,30.25,7,3,0,3,3,4,3.236111111111111,0.42857142857142855,0.5,0.46153846153846156,0.927038626609442,-11.0,-11.0,1,2,0,"[-12.0, -11.0, -10.0]",
CGMacros-016,prediabetes,mask,popTMA,native,3933.2936841641204,29,39.583333333333336,7,3,0,5,0,2,3.236111111111111,0.7142857142857143,1.0,0.8333333333333334,0.0,-17.0,-15.0,3,2,0,"[-20.0, -15.0, -15.0, -25.0, -10.0]",55.0
CGMacros-016,prediabetes,mask_nocarve,popTMA,C05,3933.2936841641204,29,30.25,7,3,0,0,6,7,3.236111111111111,0.0,0.0,0.0,1.854077253218884,,,0,0,0,[],
CGMacros-016,prediabetes,mask_nocarve,popTMA,C05-15,3933.2936841641204,29,30.25,7,3,0,3,3,4,3.236111111111111,0.42857142857142855,0.5,0.46153846153846156,0.927038626609442,-11.0,-11.0,1,2,0,"[-12.0, -11.0, -10.0]",
CGMacros-016,prediabetes,mask_nocarve,popTMA,native,3933.2936841641204,29,39.583333333333336,7,3,0,5,0,2,3.236111111111111,0.7142857142857143,1.0,0.8333333333333334,0.0,-17.0,-15.0,3,2,0,"[-20.0, -15.0, -15.0, -25.0, -10.0]",55.0
CGMacros-016,prediabetes,mask_retuned,popTMA,C05,3933.2936841641204,29,30.25,7,3,0,0,6,7,3.236111111111111,0.0,0.0,0.0,1.854077253218884,,,0,0,0,[],
CGMacros-016,prediabetes,mask_retuned,popTMA,C05-15,3933.2936841641204,29,30.25,7,3,0,3,3,4,3.236111111111111,0.42857142857142855,0.5,0.46153846153846156,0.927038626609442,-11.0,-11.0,1,2,0,"[-12.0, -11.0, -10.0]",
CGMacros-016,prediabetes,mask_retuned,popTMA,native,3933.2936841641204,29,39.583333333333336,7,3,0,5,0,2,3.236111111111111,0.7142857142857143,1.0,0.8333333333333334,0.0,-17.0,-15.0,3,2,0,"[-20.0, -15.0, -15.0, -25.0, -10.0]",55.0
CGMacros-017,healthy,window,persTMA,C05,2157.286858200241,14,43.25,7,3,2,3,1,4,4.253472222222222,0.42857142857142855,0.75,0.5454545454545454,0.23510204081632652,19.666666666666668,15.0,2,1,1,"[40.0, 4.0, 15.0]",
CGMacros-017,healthy,window,persTMA,C05-15,2157.286858200241,14,43.25,7,3,2,3,1,4,4.253472222222222,0.42857142857142855,0.75,0.5454545454545454,0.23510204081632652,19.666666666666668,15.0,2,1,1,"[40.0, 4.0, 15.0]",
CGMacros-017,healthy,window,persTMA,native,2157.286858200241,14,54.5,7,3,2,3,2,4,4.253472222222222,0.42857142857142855,0.6,0.5,0.47020408163265304,18.333333333333332,15.0,2,1,1,"[40.0, 0.0, 15.0]",50.0
CGMacros-017,healthy,mask,persTMA,C05,2157.286858200241,14,41.833333333333336,7,3,2,3,1,4,4.253472222222222,0.42857142857142855,0.75,0.5454545454545454,0.23510204081632652,19.666666666666668,15.0,2,1,1,"[40.0, 4.0, 15.0]",
CGMacros-017,healthy,mask,persTMA,C05-15,2157.286858200241,14,41.833333333333336,7,3,2,3,1,4,4.253472222222222,0.42857142857142855,0.75,0.5454545454545454,0.23510204081632652,19.666666666666668,15.0,2,1,1,"[40.0, 4.0, 15.0]",
CGMacros-017,healthy,mask,persTMA,native,2157.286858200241,14,53.083333333333336,7,3,2,3,2,4,4.253472222222222,0.42857142857142855,0.6,0.5,0.47020408163265304,18.333333333333332,15.0,2,1,1,"[40.0, 0.0, 15.0]",50.0
CGMacros-017,healthy,mask_nocarve,persTMA,C05,2157.286858200241,14,36.916666666666664,7,3,2,2,1,5,4.253472222222222,0.2857142857142857,0.6666666666666666,0.4,0.23510204081632652,22.0,22.0,2,0,0,"[40.0, 4.0]",
CGMacros-017,healthy,mask_nocarve,persTMA,C05-15,2157.286858200241,14,36.916666666666664,7,3,2,2,1,5,4.253472222222222,0.2857142857142857,0.6666666666666666,0.4,0.23510204081632652,22.0,22.0,2,0,0,"[40.0, 4.0]",
CGMacros-017,healthy,mask_nocarve,persTMA,native,2157.286858200241,14,48.166666666666664,7,3,2,2,2,5,4.253472222222222,0.2857142857142857,0.5,0.36363636363636365,0.47020408163265304,20.0,20.0,2,0,0,"[40.0, 0.0]",55.0
CGMacros-017,healthy,mask_retuned,persTMA,C05,2157.286858200241,14,41.833333333333336,7,3,2,3,1,4,4.253472222222222,0.42857142857142855,0.75,0.5454545454545454,0.23510204081632652,19.666666666666668,15.0,2,1,1,"[40.0, 4.0, 15.0]",
CGMacros-017,healthy,mask_retuned,persTMA,C05-15,2157.286858200241,14,41.833333333333336,7,3,2,3,1,4,4.253472222222222,0.42857142857142855,0.75,0.5454545454545454,0.23510204081632652,19.666666666666668,15.0,2,1,1,"[40.0, 4.0, 15.0]",
CGMacros-017,healthy,mask_retuned,persTMA,native,2157.286858200241,14,53.083333333333336,7,3,2,3,2,4,4.253472222222222,0.42857142857142855,0.6,0.5,0.47020408163265304,18.333333333333332,15.0,2,1,1,"[40.0, 0.0, 15.0]",50.0
CGMacros-017,healthy,window,popTMA,C05,3929.9281169407986,29,43.25,7,3,2,3,4,4,4.253472222222222,0.42857142857142855,0.42857142857142855,0.42857142857142855,0.9404081632653061,35.666666666666664,14.0,2,1,0,"[0.0, 14.0, 93.0]",
CGMacros-017,healthy,window,popTMA,C05-15,3929.9281169407986,29,43.25,7,3,2,4,2,3,4.253472222222222,0.5714285714285714,0.6666666666666666,0.6153846153846154,0.47020408163265304,-0.75,-2.5,2,2,1,"[0.0, 14.0, -12.0, -5.0]",
CGMacros-017,healthy,window,popTMA,native,3929.9281169407986,29,54.5,7,3,2,6,1,1,4.253472222222222,0.8571428571428571,0.8571428571428571,0.8571428571428571,0.23510204081632652,-10.0,-10.0,4,2,1,"[0.0, 10.0, -25.0, -15.0, -25.0, -5.0]",60.0
CGMacros-017,healthy,mask,popTMA,C05,3929.9281169407986,29,41.833333333333336,7,3,2,3,4,4,4.253472222222222,0.42857142857142855,0.42857142857142855,0.42857142857142855,0.9404081632653061,35.666666666666664,14.0,2,1,0,"[0.0, 14.0, 93.0]",
CGMacros-017,healthy,mask,popTMA,C05-15,3929.9281169407986,29,41.833333333333336,7,3,2,4,2,3,4.253472222222222,0.5714285714285714,0.6666666666666666,0.6153846153846154,0.47020408163265304,-0.75,-2.5,2,2,1,"[0.0, 14.0, -12.0, -5.0]",
CGMacros-017,healthy,mask,popTMA,native,3929.9281169407986,29,53.083333333333336,7,3,2,6,1,1,4.253472222222222,0.8571428571428571,0.8571428571428571,0.8571428571428571,0.23510204081632652,-10.0,-10.0,4,2,1,"[0.0, 10.0, -25.0, -15.0, -25.0, -5.0]",60.0
CGMacros-017,healthy,mask_nocarve,popTMA,C05,3929.9281169407986,29,36.916666666666664,7,3,2,3,3,4,4.253472222222222,0.42857142857142855,0.5,0.46153846153846156,0.7053061224489796,35.666666666666664,14.0,2,1,0,"[0.0, 14.0, 93.0]",
CGMacros-017,healthy,mask_nocarve,popTMA,C05-15,3929.9281169407986,29,36.916666666666664,7,3,2,3,2,4,4.253472222222222,0.42857142857142855,0.6,0.5,0.47020408163265304,0.6666666666666666,0.0,2,1,0,"[0.0, 14.0, -12.0]",
CGMacros-017,healthy,mask_nocarve,popTMA,native,3929.9281169407986,29,48.166666666666664,7,3,2,5,1,2,4.253472222222222,0.7142857142857143,0.8333333333333334,0.7692307692307693,0.23510204081632652,-11.0,-15.0,4,1,0,"[0.0, 10.0, -25.0, -15.0, -25.0]",55.0
CGMacros-017,healthy,mask_retuned,popTMA,C05,3929.9281169407986,29,41.833333333333336,7,3,2,3,4,4,4.253472222222222,0.42857142857142855,0.42857142857142855,0.42857142857142855,0.9404081632653061,35.666666666666664,14.0,2,1,0,"[0.0, 14.0, 93.0]",
CGMacros-017,healthy,mask_retuned,popTMA,C05-15,3929.9281169407986,29,41.833333333333336,7,3,2,4,2,3,4.253472222222222,0.5714285714285714,0.6666666666666666,0.6153846153846154,0.47020408163265304,-0.75,-2.5,2,2,1,"[0.0, 14.0, -12.0, -5.0]",
CGMacros-017,healthy,mask_retuned,popTMA,native,3929.9281169407986,29,53.083333333333336,7,3,2,6,1,1,4.253472222222222,0.8571428571428571,0.8571428571428571,0.8571428571428571,0.23510204081632652,-10.0,-10.0,4,2,1,"[0.0, 10.0, -25.0, -15.0, -25.0, -5.0]",60.0
CGMacros-018,healthy,window,persTMA,C05,1865.9637847189024,13,47.25,9,4,0,6,2,3,4.381944444444445,0.6666666666666666,0.75,0.7058823529411765,0.456418383518225,17.666666666666668,13.5,5,1,0,"[11.0, 14.0, 15.0, 5.0, 13.0, 48.0]",
CGMacros-018,healthy,window,persTMA,C05-15,1865.9637847189024,13,47.25,9,4,0,6,1,3,4.381944444444445,0.6666666666666666,0.8571428571428571,0.75,0.2282091917591125,8.5,12.0,5,1,0,"[11.0, 14.0, 15.0, 5.0, 13.0, -7.0]",
CGMacros-018,healthy,window,persTMA,native,1865.9637847189024,13,58.5,9,4,0,7,2,2,4.381944444444445,0.7777777777777778,0.7777777777777778,0.7777777777777778,0.456418383518225,2.857142857142857,10.0,5,2,0,"[10.0, 10.0, 15.0, -20.0, 5.0, 10.0, -10.0]",40.0
CGMacros-018,healthy,mask,persTMA,C05,1865.9637847189024,13,46.083333333333336,9,4,0,6,2,3,4.381944444444445,0.6666666666666666,0.75,0.7058823529411765,0.456418383518225,17.666666666666668,13.5,5,1,0,"[11.0, 14.0, 15.0, 5.0, 13.0, 48.0]",
CGMacros-018,healthy,mask,persTMA,C05-15,1865.9637847189024,13,46.083333333333336,9,4,0,6,1,3,4.381944444444445,0.6666666666666666,0.8571428571428571,0.75,0.2282091917591125,8.5,12.0,5,1,0,"[11.0, 14.0, 15.0, 5.0, 13.0, -7.0]",
CGMacros-018,healthy,mask,persTMA,native,1865.9637847189024,13,57.333333333333336,9,4,0,7,2,2,4.381944444444445,0.7777777777777778,0.7777777777777778,0.7777777777777778,0.456418383518225,2.857142857142857,10.0,5,2,0,"[10.0, 10.0, 15.0, -20.0, 5.0, 10.0, -10.0]",40.0
CGMacros-018,healthy,mask_nocarve,persTMA,C05,1865.9637847189024,13,46.083333333333336,9,4,0,6,2,3,4.381944444444445,0.6666666666666666,0.75,0.7058823529411765,0.456418383518225,17.666666666666668,13.5,5,1,0,"[11.0, 14.0, 15.0, 5.0, 13.0, 48.0]",
CGMacros-018,healthy,mask_nocarve,persTMA,C05-15,1865.9637847189024,13,46.083333333333336,9,4,0,6,1,3,4.381944444444445,0.6666666666666666,0.8571428571428571,0.75,0.2282091917591125,8.5,12.0,5,1,0,"[11.0, 14.0, 15.0, 5.0, 13.0, -7.0]",
CGMacros-018,healthy,mask_nocarve,persTMA,native,1865.9637847189024,13,57.333333333333336,9,4,0,7,2,2,4.381944444444445,0.7777777777777778,0.7777777777777778,0.7777777777777778,0.456418383518225,2.857142857142857,10.0,5,2,0,"[10.0, 10.0, 15.0, -20.0, 5.0, 10.0, -10.0]",40.0
CGMacros-018,healthy,mask_retuned,persTMA,C05,1865.9637847189024,13,46.083333333333336,9,4,0,6,2,3,4.381944444444445,0.6666666666666666,0.75,0.7058823529411765,0.456418383518225,17.666666666666668,13.5,5,1,0,"[11.0, 14.0, 15.0, 5.0, 13.0, 48.0]",
CGMacros-018,healthy,mask_retuned,persTMA,C05-15,1865.9637847189024,13,46.083333333333336,9,4,0,6,1,3,4.381944444444445,0.6666666666666666,0.8571428571428571,0.75,0.2282091917591125,8.5,12.0,5,1,0,"[11.0, 14.0, 15.0, 5.0, 13.0, -7.0]",
CGMacros-018,healthy,mask_retuned,persTMA,native,1865.9637847189024,13,57.333333333333336,9,4,0,7,2,2,4.381944444444445,0.7777777777777778,0.7777777777777778,0.7777777777777778,0.456418383518225,2.857142857142857,10.0,5,2,0,"[10.0, 10.0, 15.0, -20.0, 5.0, 10.0, -10.0]",40.0
CGMacros-018,healthy,window,popTMA,C05,4594.254084035212,29,47.25,9,4,0,0,9,9,4.381944444444445,0.0,0.0,0.0,2.0538827258320125,,,0,0,0,[],
CGMacros-018,healthy,window,popTMA,C05-15,4594.254084035212,29,47.25,9,4,0,2,7,7,4.381944444444445,0.2222222222222222,0.2222222222222222,0.2222222222222222,1.5974643423137875,-14.5,-14.5,2,0,0,"[-14.0, -15.0]",
CGMacros-018,healthy,window,popTMA,native,4594.254084035212,29,58.5,9,4,0,8,0,1,4.381944444444445,0.8888888888888888,1.0,0.9411764705882353,0.0,-25.625,-25.0,5,3,0,"[-15.0, -35.0, -20.0, -15.0, -45.0, -25.0, -25.0, -25.0]",45.0
CGMacros-018,healthy,mask,popTMA,C05,4594.254084035212,29,46.083333333333336,9,4,0,0,9,9,4.381944444444445,0.0,0.0,0.0,2.0538827258320125,,,0,0,0,[],
CGMacros-018,healthy,mask,popTMA,C05-15,4594.254084035212,29,46.083333333333336,9,4,0,2,7,7,4.381944444444445,0.2222222222222222,0.2222222222222222,0.2222222222222222,1.5974643423137875,-14.5,-14.5,2,0,0,"[-14.0, -15.0]",
CGMacros-018,healthy,mask,popTMA,native,4594.254084035212,29,57.333333333333336,9,4,0,8,0,1,4.381944444444445,0.8888888888888888,1.0,0.9411764705882353,0.0,-25.625,-25.0,5,3,0,"[-15.0, -35.0, -20.0, -15.0, -45.0, -25.0, -25.0, -25.0]",45.0
CGMacros-018,healthy,mask_nocarve,popTMA,C05,4594.254084035212,29,46.083333333333336,9,4,0,0,9,9,4.381944444444445,0.0,0.0,0.0,2.0538827258320125,,,0,0,0,[],
CGMacros-018,healthy,mask_nocarve,popTMA,C05-15,4594.254084035212,29,46.083333333333336,9,4,0,2,7,7,4.381944444444445,0.2222222222222222,0.2222222222222222,0.2222222222222222,1.5974643423137875,-14.5,-14.5,2,0,0,"[-14.0, -15.0]",
CGMacros-018,healthy,mask_nocarve,popTMA,native,4594.254084035212,29,57.333333333333336,9,4,0,8,0,1,4.381944444444445,0.8888888888888888,1.0,0.9411764705882353,0.0,-25.625,-25.0,5,3,0,"[-15.0, -35.0, -20.0, -15.0, -45.0, -25.0, -25.0, -25.0]",45.0
CGMacros-018,healthy,mask_retuned,popTMA,C05,3891.5804473725257,29,46.083333333333336,9,4,0,1,10,8,4.381944444444445,0.1111111111111111,0.09090909090909091,0.1,2.282091917591125,58.0,58.0,0,1,0,[58.0],
CGMacros-018,healthy,mask_retuned,popTMA,C05-15,3891.5804473725257,29,46.083333333333336,9,4,0,3,8,6,4.381944444444445,0.3333333333333333,0.2727272727272727,0.3,1.8256735340729,9.666666666666666,-14.0,2,1,0,"[-14.0, -15.0, 58.0]",
CGMacros-018,healthy,mask_retuned,popTMA,native,3891.5804473725257,29,57.333333333333336,9,4,0,8,2,1,4.381944444444445,0.8888888888888888,0.8,0.8421052631578947,0.456418383518225,-25.625,-25.0,5,3,0,"[-15.0, -35.0, -20.0, -15.0, -45.0, -25.0, -25.0, -25.0]",45.0
CGMacros-019,healthy,window,persTMA,C05,1339.8316355171619,13,35.083333333333336,6,3,1,3,6,3,3.7118055555555554,0.5,0.3333333333333333,0.4,1.616463985032741,5.333333333333333,6.0,1,2,1,"[6.0, 8.0, 2.0]",
CGMacros-019,healthy,window,persTMA,C05-15,1339.8316355171619,13,35.083333333333336,6,3,1,6,3,0,3.7118055555555554,1.0,0.6666666666666666,0.8,0.8082319925163705,-1.1666666666666667,-1.0,3,3,1,"[-9.0, -10.0, 6.0, 8.0, -4.0, 2.0]",
CGMacros-019,healthy,window,persTMA,native,1339.8316355171619,13,44.083333333333336,6,3,1,6,4,0,3.7118055555555554,1.0,0.6,0.75,1.077642656688494,-2.5,-2.5,3,3,1,"[-10.0, -10.0, 5.0, 5.0, -5.0, 0.0]",27.5
CGMacros-019,healthy,mask,persTMA,C05,1339.8316355171619,13,28.25,6,3,1,3,3,3,3.7118055555555554,0.5,0.5,0.5,0.8082319925163705,5.333333333333333,6.0,1,2,1,"[6.0, 8.0, 2.0]",
CGMacros-019,healthy,mask,persTMA,C05-15,1339.8316355171619,13,28.25,6,3,1,6,0,0,3.7118055555555554,1.0,1.0,1.0,0.0,-1.1666666666666667,-1.0,3,3,1,"[-9.0, -10.0, 6.0, 8.0, -4.0, 2.0]",
CGMacros-019,healthy,mask,persTMA,native,1339.8316355171619,13,37.25,6,3,1,6,0,0,3.7118055555555554,1.0,1.0,1.0,0.0,-2.5,-2.5,3,3,1,"[-10.0, -10.0, 5.0, 5.0, -5.0, 0.0]",27.5
CGMacros-019,healthy,mask_nocarve,persTMA,C05,1339.8316355171619,13,27.416666666666668,6,3,1,3,3,3,3.7118055555555554,0.5,0.5,0.5,0.8082319925163705,5.333333333333333,6.0,1,2,1,"[6.0, 8.0, 2.0]",
CGMacros-019,healthy,mask_nocarve,persTMA,C05-15,1339.8316355171619,13,27.416666666666668,6,3,1,6,0,0,3.7118055555555554,1.0,1.0,1.0,0.0,-1.1666666666666667,-1.0,3,3,1,"[-9.0, -10.0, 6.0, 8.0, -4.0, 2.0]",
CGMacros-019,healthy,mask_nocarve,persTMA,native,1339.8316355171619,13,36.416666666666664,6,3,1,6,0,0,3.7118055555555554,1.0,1.0,1.0,0.0,-2.5,-2.5,3,3,1,"[-10.0, -10.0, 5.0, 5.0, -5.0, 0.0]",27.5
CGMacros-019,healthy,mask_retuned,persTMA,C05,1339.8316355171619,13,28.25,6,3,1,3,3,3,3.7118055555555554,0.5,0.5,0.5,0.8082319925163705,5.333333333333333,6.0,1,2,1,"[6.0, 8.0, 2.0]",
CGMacros-019,healthy,mask_retuned,persTMA,C05-15,1339.8316355171619,13,28.25,6,3,1,6,0,0,3.7118055555555554,1.0,1.0,1.0,0.0,-1.1666666666666667,-1.0,3,3,1,"[-9.0, -10.0, 6.0, 8.0, -4.0, 2.0]",
CGMacros-019,healthy,mask_retuned,persTMA,native,1339.8316355171619,13,37.25,6,3,1,6,0,0,3.7118055555555554,1.0,1.0,1.0,0.0,-2.5,-2.5,3,3,1,"[-10.0, -10.0, 5.0, 5.0, -5.0, 0.0]",27.5
CGMacros-019,healthy,window,popTMA,C05,4246.174013275209,29,35.083333333333336,6,3,1,1,6,5,3.7118055555555554,0.16666666666666666,0.14285714285714285,0.15384615384615385,1.616463985032741,113.0,113.0,0,1,1,[113.0],
CGMacros-019,healthy,window,popTMA,C05-15,4246.174013275209,29,35.083333333333336,6,3,1,3,3,3,3.7118055555555554,0.5,0.5,0.5,0.8082319925163705,-6.333333333333333,-7.0,1,2,1,"[-4.0, -7.0, -8.0]",
CGMacros-019,healthy,window,popTMA,native,4246.174013275209,29,44.083333333333336,6,3,1,4,1,2,3.7118055555555554,0.6666666666666666,0.8,0.7272727272727273,0.2694106641721235,-13.75,-10.0,2,2,1,"[-30.0, -5.0, -10.0, -10.0]",60.0
CGMacros-019,healthy,mask,popTMA,C05,4246.174013275209,29,28.25,6,3,1,1,5,5,3.7118055555555554,0.16666666666666666,0.16666666666666666,0.16666666666666666,1.3470533208606175,113.0,113.0,0,1,1,[113.0],
CGMacros-019,healthy,mask,popTMA,C05-15,4246.174013275209,29,28.25,6,3,1,3,2,3,3.7118055555555554,0.5,0.6,0.5454545454545454,0.538821328344247,-6.333333333333333,-7.0,1,2,1,"[-4.0, -7.0, -8.0]",
CGMacros-019,healthy,mask,popTMA,native,4246.174013275209,29,37.25,6,3,1,4,0,2,3.7118055555555554,0.6666666666666666,1.0,0.8,0.0,-13.75,-10.0,2,2,1,"[-30.0, -5.0, -10.0, -10.0]",60.0
CGMacros-019,healthy,mask_nocarve,popTMA,C05,4246.174013275209,29,27.416666666666668,6,3,1,0,5,6,3.7118055555555554,0.0,0.0,0.0,1.3470533208606175,,,0,0,0,[],
CGMacros-019,healthy,mask_nocarve,popTMA,C05-15,4246.174013275209,29,27.416666666666668,6,3,1,3,2,3,3.7118055555555554,0.5,0.6,0.5454545454545454,0.538821328344247,-6.333333333333333,-7.0,1,2,1,"[-4.0, -7.0, -8.0]",
CGMacros-019,healthy,mask_nocarve,popTMA,native,4246.174013275209,29,36.416666666666664,6,3,1,4,0,2,3.7118055555555554,0.6666666666666666,1.0,0.8,0.0,-13.75,-10.0,2,2,1,"[-30.0, -5.0, -10.0, -10.0]",60.0
CGMacros-019,healthy,mask_retuned,popTMA,C05,3893.80786368181,29,28.25,6,3,1,1,5,5,3.7118055555555554,0.16666666666666666,0.16666666666666666,0.16666666666666666,1.3470533208606175,113.0,113.0,0,1,1,[113.0],
CGMacros-019,healthy,mask_retuned,popTMA,C05-15,3893.80786368181,29,28.25,6,3,1,3,2,3,3.7118055555555554,0.5,0.6,0.5454545454545454,0.538821328344247,-6.333333333333333,-7.0,1,2,1,"[-4.0, -7.0, -8.0]",
CGMacros-019,healthy,mask_retuned,popTMA,native,3893.80786368181,29,37.25,6,3,1,4,0,2,3.7118055555555554,0.6666666666666666,1.0,0.8,0.0,-13.75,-10.0,2,2,1,"[-30.0, -5.0, -10.0, -10.0]",60.0
CGMacros-020,prediabetes,window,persTMA,C05,5060.385954325266,24,39.25,8,4,1,4,3,1,3.861111111111111,0.8,0.5714285714285714,0.6666666666666666,0.776978417266187,8.5,9.0,0,4,1,"[10.0, 3.0, 8.0, 13.0]",
CGMacros-020,prediabetes,window,persTMA,C05-15,5060.385954325266,24,39.25,8,4,1,5,2,0,3.861111111111111,1.0,0.7142857142857143,0.8333333333333334,0.5179856115107914,5.8,8.0,1,4,1,"[10.0, -5.0, 3.0, 8.0, 13.0]",
CGMacros-020,prediabetes,window,persTMA,native,5060.385954325266,24,48.0,8,4,1,7,3,1,3.861111111111111,0.875,0.7,0.7777777777777778,0.776978417266187,-2.857142857142857,0.0,3,4,1,"[10.0, -5.0, 0.0, -20.0, 5.0, -20.0, 10.0]",60.0
CGMacros-020,prediabetes,mask,persTMA,C05,5060.385954325266,24,34.416666666666664,8,4,1,4,2,1,3.861111111111111,0.8,0.6666666666666666,0.7272727272727273,0.5179856115107914,8.5,9.0,0,4,1,"[10.0, 3.0, 8.0, 13.0]",
CGMacros-020,prediabetes,mask,persTMA,C05-15,5060.385954325266,24,34.416666666666664,8,4,1,5,1,0,3.861111111111111,1.0,0.8333333333333334,0.9090909090909091,0.2589928057553957,5.8,8.0,1,4,1,"[10.0, -5.0, 3.0, 8.0, 13.0]",
CGMacros-020,prediabetes,mask,persTMA,native,5060.385954325266,24,43.166666666666664,8,4,1,7,2,1,3.861111111111111,0.875,0.7777777777777778,0.8235294117647058,0.5179856115107914,-2.857142857142857,0.0,3,4,1,"[10.0, -5.0, 0.0, -20.0, 5.0, -20.0, 10.0]",60.0
CGMacros-020,prediabetes,mask_nocarve,persTMA,C05,5060.385954325266,24,33.166666666666664,8,4,1,3,2,2,3.861111111111111,0.6,0.6,0.6,0.5179856115107914,8.666666666666666,10.0,0,3,0,"[10.0, 3.0, 13.0]",
CGMacros-020,prediabetes,mask_nocarve,persTMA,C05-15,5060.385954325266,24,33.166666666666664,8,4,1,4,1,1,3.861111111111111,0.8,0.8,0.8,0.2589928057553957,5.25,6.5,1,3,0,"[10.0, -5.0, 3.0, 13.0]",
CGMacros-020,prediabetes,mask_nocarve,persTMA,native,5060.385954325266,24,41.916666666666664,8,4,1,7,2,1,3.861111111111111,0.875,0.7777777777777778,0.8235294117647058,0.5179856115107914,-2.857142857142857,0.0,3,4,1,"[10.0, -5.0, 0.0, -20.0, 5.0, -20.0, 10.0]",60.0
CGMacros-020,prediabetes,mask_retuned,persTMA,C05,5060.385954325266,24,34.416666666666664,8,4,1,4,2,1,3.861111111111111,0.8,0.6666666666666666,0.7272727272727273,0.5179856115107914,8.5,9.0,0,4,1,"[10.0, 3.0, 8.0, 13.0]",
CGMacros-020,prediabetes,mask_retuned,persTMA,C05-15,5060.385954325266,24,34.416666666666664,8,4,1,5,1,0,3.861111111111111,1.0,0.8333333333333334,0.9090909090909091,0.2589928057553957,5.8,8.0,1,4,1,"[10.0, -5.0, 3.0, 8.0, 13.0]",
CGMacros-020,prediabetes,mask_retuned,persTMA,native,5060.385954325266,24,43.166666666666664,8,4,1,7,2,1,3.861111111111111,0.875,0.7777777777777778,0.8235294117647058,0.5179856115107914,-2.857142857142857,0.0,3,4,1,"[10.0, -5.0, 0.0, -20.0, 5.0, -20.0, 10.0]",60.0
CGMacros-020,prediabetes,window,popTMA,C05,3128.9807166175196,28,39.25,8,4,1,5,3,0,3.861111111111111,1.0,0.625,0.7692307692307693,0.776978417266187,10.8,13.0,1,4,1,"[15.0, 0.0, 8.0, 13.0, 18.0]",
CGMacros-020,prediabetes,window,popTMA,C05-15,3128.9807166175196,28,39.25,8,4,1,5,3,0,3.861111111111111,1.0,0.625,0.7692307692307693,0.776978417266187,10.8,13.0,1,4,1,"[15.0, 0.0, 8.0, 13.0, 18.0]",
CGMacros-020,prediabetes,window,popTMA,native,3128.9807166175196,28,48.0,8,4,1,7,3,1,3.861111111111111,0.875,0.7,0.7777777777777778,0.776978417266187,3.5714285714285716,5.0,3,4,1,"[15.0, 0.0, 5.0, -10.0, 10.0, -10.0, 15.0]",75.0
CGMacros-020,prediabetes,mask,popTMA,C05,3128.9807166175196,28,34.416666666666664,8,4,1,5,2,0,3.861111111111111,1.0,0.7142857142857143,0.8333333333333334,0.5179856115107914,10.8,13.0,1,4,1,"[15.0, 0.0, 8.0, 13.0, 18.0]",
CGMacros-020,prediabetes,mask,popTMA,C05-15,3128.9807166175196,28,34.416666666666664,8,4,1,5,2,0,3.861111111111111,1.0,0.7142857142857143,0.8333333333333334,0.5179856115107914,10.8,13.0,1,4,1,"[15.0, 0.0, 8.0, 13.0, 18.0]",
CGMacros-020,prediabetes,mask,popTMA,native,3128.9807166175196,28,43.166666666666664,8,4,1,7,3,1,3.861111111111111,0.875,0.7,0.7777777777777778,0.776978417266187,3.5714285714285716,5.0,3,4,1,"[15.0, 0.0, 5.0, -10.0, 10.0, -10.0, 15.0]",75.0
CGMacros-020,prediabetes,mask_nocarve,popTMA,C05,3128.9807166175196,28,33.166666666666664,8,4,1,4,2,1,3.861111111111111,0.8,0.6666666666666666,0.7272727272727273,0.5179856115107914,10.25,11.5,1,3,0,"[15.0, 0.0, 8.0, 18.0]",
CGMacros-020,prediabetes,mask_nocarve,popTMA,C05-15,3128.9807166175196,28,33.166666666666664,8,4,1,4,2,1,3.861111111111111,0.8,0.6666666666666666,0.7272727272727273,0.5179856115107914,10.25,11.5,1,3,0,"[15.0, 0.0, 8.0, 18.0]",
CGMacros-020,prediabetes,mask_nocarve,popTMA,native,3128.9807166175196,28,41.916666666666664,8,4,1,7,3,1,3.861111111111111,0.875,0.7,0.7777777777777778,0.776978417266187,3.5714285714285716,5.0,3,4,1,"[15.0, 0.0, 5.0, -10.0, 10.0, -10.0, 15.0]",75.0
CGMacros-020,prediabetes,mask_retuned,popTMA,C05,3128.9807166175196,28,34.416666666666664,8,4,1,5,2,0,3.861111111111111,1.0,0.7142857142857143,0.8333333333333334,0.5179856115107914,10.8,13.0,1,4,1,"[15.0, 0.0, 8.0, 13.0, 18.0]",
CGMacros-020,prediabetes,mask_retuned,popTMA,C05-15,3128.9807166175196,28,34.416666666666664,8,4,1,5,2,0,3.861111111111111,1.0,0.7142857142857143,0.8333333333333334,0.5179856115107914,10.8,13.0,1,4,1,"[15.0, 0.0, 8.0, 13.0, 18.0]",
CGMacros-020,prediabetes,mask_retuned,popTMA,native,3128.9807166175196,28,43.166666666666664,8,4,1,7,3,1,3.861111111111111,0.875,0.7,0.7777777777777778,0.776978417266187,3.5714285714285716,5.0,3,4,1,"[15.0, 0.0, 5.0, -10.0, 10.0, -10.0, 15.0]",75.0
CGMacros-021,healthy,window,persTMA,C05,2279.4207787134883,18,34.833333333333336,6,3,0,3,4,1,3.701388888888889,0.75,0.42857142857142855,0.5454545454545454,1.0806754221388368,25.666666666666668,25.0,1,2,0,"[9.0, 25.0, 43.0]",
CGMacros-021,healthy,window,persTMA,C05-15,2279.4207787134883,18,34.833333333333336,6,3,0,3,4,1,3.701388888888889,0.75,0.42857142857142855,0.5454545454545454,1.0806754221388368,25.666666666666668,25.0,1,2,0,"[9.0, 25.0, 43.0]",
CGMacros-021,healthy,window,persTMA,native,2279.4207787134883,18,44.166666666666664,6,3,0,5,3,1,3.701388888888889,0.8333333333333334,0.625,0.7142857142857143,0.8105065666041276,16.0,10.0,3,2,0,"[10.0, 5.0, 25.0, 0.0, 40.0]",55.0
CGMacros-021,healthy,mask,persTMA,C05,2279.4207787134883,18,33.833333333333336,6,3,0,3,4,1,3.701388888888889,0.75,0.42857142857142855,0.5454545454545454,1.0806754221388368,25.666666666666668,25.0,1,2,0,"[9.0, 25.0, 43.0]",
CGMacros-021,healthy,mask,persTMA,C05-15,2279.4207787134883,18,33.833333333333336,6,3,0,3,4,1,3.701388888888889,0.75,0.42857142857142855,0.5454545454545454,1.0806754221388368,25.666666666666668,25.0,1,2,0,"[9.0, 25.0, 43.0]",
CGMacros-021,healthy,mask,persTMA,native,2279.4207787134883,18,43.166666666666664,6,3,0,5,3,1,3.701388888888889,0.8333333333333334,0.625,0.7142857142857143,0.8105065666041276,16.0,10.0,3,2,0,"[10.0, 5.0, 25.0, 0.0, 40.0]",55.0
CGMacros-021,healthy,mask_nocarve,persTMA,C05,2279.4207787134883,18,33.833333333333336,6,3,0,3,4,1,3.701388888888889,0.75,0.42857142857142855,0.5454545454545454,1.0806754221388368,25.666666666666668,25.0,1,2,0,"[9.0, 25.0, 43.0]",
CGMacros-021,healthy,mask_nocarve,persTMA,C05-15,2279.4207787134883,18,33.833333333333336,6,3,0,3,4,1,3.701388888888889,0.75,0.42857142857142855,0.5454545454545454,1.0806754221388368,25.666666666666668,25.0,1,2,0,"[9.0, 25.0, 43.0]",
CGMacros-021,healthy,mask_nocarve,persTMA,native,2279.4207787134883,18,43.166666666666664,6,3,0,5,3,1,3.701388888888889,0.8333333333333334,0.625,0.7142857142857143,0.8105065666041276,16.0,10.0,3,2,0,"[10.0, 5.0, 25.0, 0.0, 40.0]",55.0
CGMacros-021,healthy,mask_retuned,persTMA,C05,2279.4207787134883,18,33.833333333333336,6,3,0,3,4,1,3.701388888888889,0.75,0.42857142857142855,0.5454545454545454,1.0806754221388368,25.666666666666668,25.0,1,2,0,"[9.0, 25.0, 43.0]",
CGMacros-021,healthy,mask_retuned,persTMA,C05-15,2279.4207787134883,18,33.833333333333336,6,3,0,3,4,1,3.701388888888889,0.75,0.42857142857142855,0.5454545454545454,1.0806754221388368,25.666666666666668,25.0,1,2,0,"[9.0, 25.0, 43.0]",
CGMacros-021,healthy,mask_retuned,persTMA,native,2279.4207787134883,18,43.166666666666664,6,3,0,5,3,1,3.701388888888889,0.8333333333333334,0.625,0.7142857142857143,0.8105065666041276,16.0,10.0,3,2,0,"[10.0, 5.0, 25.0, 0.0, 40.0]",55.0
CGMacros-021,healthy,window,popTMA,C05,4152.004587788691,29,34.833333333333336,6,3,0,2,3,2,3.701388888888889,0.5,0.4,0.4444444444444444,0.8105065666041276,45.0,45.0,0,2,0,"[87.0, 3.0]",
CGMacros-021,healthy,window,popTMA,C05-15,4152.004587788691,29,34.833333333333336,6,3,0,3,2,1,3.701388888888889,0.75,0.6,0.6666666666666666,0.5403377110694184,26.666666666666668,3.0,0,3,0,"[87.0, -10.0, 3.0]",
CGMacros-021,healthy,window,popTMA,native,4152.004587788691,29,44.166666666666664,6,3,0,5,2,1,3.701388888888889,0.8333333333333334,0.7142857142857143,0.7692307692307693,0.5403377110694184,-19.0,-25.0,3,2,0,"[-25.0, -30.0, -10.0, -30.0, 0.0]",45.0
CGMacros-021,healthy,mask,popTMA,C05,4152.004587788691,29,33.833333333333336,6,3,0,2,2,2,3.701388888888889,0.5,0.5,0.5,0.5403377110694184,45.0,45.0,0,2,0,"[87.0, 3.0]",
CGMacros-021,healthy,mask,popTMA,C05-15,4152.004587788691,29,33.833333333333336,6,3,0,3,1,1,3.701388888888889,0.75,0.75,0.75,0.2701688555347092,26.666666666666668,3.0,0,3,0,"[87.0, -10.0, 3.0]",
CGMacros-021,healthy,mask,popTMA,native,4152.004587788691,29,43.166666666666664,6,3,0,5,2,1,3.701388888888889,0.8333333333333334,0.7142857142857143,0.7692307692307693,0.5403377110694184,-19.0,-25.0,3,2,0,"[-25.0, -30.0, -10.0, -30.0, 0.0]",45.0
CGMacros-021,healthy,mask_nocarve,popTMA,C05,4152.004587788691,29,33.833333333333336,6,3,0,2,2,2,3.701388888888889,0.5,0.5,0.5,0.5403377110694184,45.0,45.0,0,2,0,"[87.0, 3.0]",
CGMacros-021,healthy,mask_nocarve,popTMA,C05-15,4152.004587788691,29,33.833333333333336,6,3,0,3,1,1,3.701388888888889,0.75,0.75,0.75,0.2701688555347092,26.666666666666668,3.0,0,3,0,"[87.0, -10.0, 3.0]",
CGMacros-021,healthy,mask_nocarve,popTMA,native,4152.004587788691,29,43.166666666666664,6,3,0,5,2,1,3.701388888888889,0.8333333333333334,0.7142857142857143,0.7692307692307693,0.5403377110694184,-19.0,-25.0,3,2,0,"[-25.0, -30.0, -10.0, -30.0, 0.0]",45.0
CGMacros-021,healthy,mask_retuned,popTMA,C05,3806.270483513643,29,33.833333333333336,6,3,0,2,2,2,3.701388888888889,0.5,0.5,0.5,0.5403377110694184,45.0,45.0,0,2,0,"[87.0, 3.0]",
CGMacros-021,healthy,mask_retuned,popTMA,C05-15,3806.270483513643,29,33.833333333333336,6,3,0,3,1,1,3.701388888888889,0.75,0.75,0.75,0.2701688555347092,26.666666666666668,3.0,0,3,0,"[87.0, -10.0, 3.0]",
CGMacros-021,healthy,mask_retuned,popTMA,native,3806.270483513643,29,43.166666666666664,6,3,0,5,2,1,3.701388888888889,0.8333333333333334,0.7142857142857143,0.7692307692307693,0.5403377110694184,-19.0,-25.0,3,2,0,"[-25.0, -30.0, -10.0, -30.0, 0.0]",45.0
CGMacros-022,prediabetes,window,persTMA,C05,1889.046714619008,12,38.5,7,4,0,2,1,5,3.8541666666666665,0.2857142857142857,0.6666666666666666,0.4,0.2594594594594595,16.5,16.5,2,0,0,"[16.0, 17.0]",
CGMacros-022,prediabetes,window,persTMA,C05-15,1889.046714619008,12,38.5,7,4,0,2,1,5,3.8541666666666665,0.2857142857142857,0.6666666666666666,0.4,0.2594594594594595,16.5,16.5,2,0,0,"[16.0, 17.0]",
CGMacros-022,prediabetes,window,persTMA,native,1889.046714619008,12,47.5,7,4,0,2,1,5,3.8541666666666665,0.2857142857142857,0.6666666666666666,0.4,0.2594594594594595,15.0,15.0,2,0,0,"[15.0, 15.0]",45.0
CGMacros-022,prediabetes,mask,persTMA,C05,1889.046714619008,12,30.25,7,4,0,2,1,5,3.8541666666666665,0.2857142857142857,0.6666666666666666,0.4,0.2594594594594595,16.5,16.5,2,0,0,"[16.0, 17.0]",
CGMacros-022,prediabetes,mask,persTMA,C05-15,1889.046714619008,12,30.25,7,4,0,2,1,5,3.8541666666666665,0.2857142857142857,0.6666666666666666,0.4,0.2594594594594595,16.5,16.5,2,0,0,"[16.0, 17.0]",
CGMacros-022,prediabetes,mask,persTMA,native,1889.046714619008,12,39.25,7,4,0,2,1,5,3.8541666666666665,0.2857142857142857,0.6666666666666666,0.4,0.2594594594594595,15.0,15.0,2,0,0,"[15.0, 15.0]",45.0
CGMacros-022,prediabetes,mask_nocarve,persTMA,C05,1889.046714619008,12,30.25,7,4,0,2,1,5,3.8541666666666665,0.2857142857142857,0.6666666666666666,0.4,0.2594594594594595,16.5,16.5,2,0,0,"[16.0, 17.0]",
CGMacros-022,prediabetes,mask_nocarve,persTMA,C05-15,1889.046714619008,12,30.25,7,4,0,2,1,5,3.8541666666666665,0.2857142857142857,0.6666666666666666,0.4,0.2594594594594595,16.5,16.5,2,0,0,"[16.0, 17.0]",
CGMacros-022,prediabetes,mask_nocarve,persTMA,native,1889.046714619008,12,39.25,7,4,0,2,1,5,3.8541666666666665,0.2857142857142857,0.6666666666666666,0.4,0.2594594594594595,15.0,15.0,2,0,0,"[15.0, 15.0]",45.0
CGMacros-022,prediabetes,mask_retuned,persTMA,C05,1150.3308141467692,12,30.25,7,4,0,5,2,2,3.8541666666666665,0.7142857142857143,0.7142857142857143,0.7142857142857143,0.518918918918919,14.4,17.0,3,2,0,"[18.0, 16.0, 20.0, 1.0, 17.0]",
CGMacros-022,prediabetes,mask_retuned,persTMA,C05-15,1150.3308141467692,12,30.25,7,4,0,5,2,2,3.8541666666666665,0.7142857142857143,0.7142857142857143,0.7142857142857143,0.518918918918919,14.4,17.0,3,2,0,"[18.0, 16.0, 20.0, 1.0, 17.0]",
CGMacros-022,prediabetes,mask_retuned,persTMA,native,1150.3308141467692,12,39.25,7,4,0,5,2,2,3.8541666666666665,0.7142857142857143,0.7142857142857143,0.7142857142857143,0.518918918918919,13.0,15.0,3,2,0,"[15.0, 15.0, 20.0, 0.0, 15.0]",45.0
CGMacros-022,prediabetes,window,popTMA,C05,3914.083691332282,29,38.5,7,4,0,2,8,5,3.8541666666666665,0.2857142857142857,0.2,0.23529411764705882,2.075675675675676,98.0,98.0,2,0,0,"[86.0, 110.0]",
CGMacros-022,prediabetes,window,popTMA,C05-15,3914.083691332282,29,38.5,7,4,0,3,7,4,3.8541666666666665,0.42857142857142855,0.3,0.35294117647058826,1.8162162162162163,64.33333333333333,86.0,2,1,0,"[86.0, 110.0, -3.0]",
CGMacros-022,prediabetes,window,popTMA,native,3914.083691332282,29,47.5,7,4,0,6,2,1,3.8541666666666665,0.8571428571428571,0.75,0.8,0.518918918918919,-30.0,-22.5,3,3,0,"[-25.0, -25.0, -20.0, -85.0, -20.0, -5.0]",47.5
CGMacros-022,prediabetes,mask,popTMA,C05,3914.083691332282,29,30.25,7,4,0,2,5,5,3.8541666666666665,0.2857142857142857,0.2857142857142857,0.2857142857142857,1.2972972972972974,98.0,98.0,2,0,0,"[86.0, 110.0]",
CGMacros-022,prediabetes,mask,popTMA,C05-15,3914.083691332282,29,30.25,7,4,0,3,4,4,3.8541666666666665,0.42857142857142855,0.42857142857142855,0.42857142857142855,1.037837837837838,64.33333333333333,86.0,2,1,0,"[86.0, 110.0, -3.0]",
CGMacros-022,prediabetes,mask,popTMA,native,3914.083691332282,29,39.25,7,4,0,6,1,1,3.8541666666666665,0.8571428571428571,0.8571428571428571,0.8571428571428571,0.2594594594594595,-30.0,-22.5,3,3,0,"[-25.0, -25.0, -20.0, -85.0, -20.0, -5.0]",47.5
CGMacros-022,prediabetes,mask_nocarve,popTMA,C05,3914.083691332282,29,30.25,7,4,0,2,5,5,3.8541666666666665,0.2857142857142857,0.2857142857142857,0.2857142857142857,1.2972972972972974,98.0,98.0,2,0,0,"[86.0, 110.0]",
CGMacros-022,prediabetes,mask_nocarve,popTMA,C05-15,3914.083691332282,29,30.25,7,4,0,3,4,4,3.8541666666666665,0.42857142857142855,0.42857142857142855,0.42857142857142855,1.037837837837838,64.33333333333333,86.0,2,1,0,"[86.0, 110.0, -3.0]",
CGMacros-022,prediabetes,mask_nocarve,popTMA,native,3914.083691332282,29,39.25,7,4,0,6,1,1,3.8541666666666665,0.8571428571428571,0.8571428571428571,0.8571428571428571,0.2594594594594595,-30.0,-22.5,3,3,0,"[-25.0, -25.0, -20.0, -85.0, -20.0, -5.0]",47.5
CGMacros-022,prediabetes,mask_retuned,popTMA,C05,3914.083691332282,29,30.25,7,4,0,2,5,5,3.8541666666666665,0.2857142857142857,0.2857142857142857,0.2857142857142857,1.2972972972972974,98.0,98.0,2,0,0,"[86.0, 110.0]",
CGMacros-022,prediabetes,mask_retuned,popTMA,C05-15,3914.083691332282,29,30.25,7,4,0,3,4,4,3.8541666666666665,0.42857142857142855,0.42857142857142855,0.42857142857142855,1.037837837837838,64.33333333333333,86.0,2,1,0,"[86.0, 110.0, -3.0]",
CGMacros-022,prediabetes,mask_retuned,popTMA,native,3914.083691332282,29,39.25,7,4,0,6,1,1,3.8541666666666665,0.8571428571428571,0.8571428571428571,0.8571428571428571,0.2594594594594595,-30.0,-22.5,3,3,0,"[-25.0, -25.0, -20.0, -85.0, -20.0, -5.0]",47.5
CGMacros-023,prediabetes,window,persTMA,C05,4949.481127663119,17,42.666666666666664,8,4,0,3,6,5,4.184027777777778,0.375,0.3333333333333333,0.35294117647058826,1.4340248962655602,27.0,6.0,1,2,0,"[72.0, 6.0, 3.0]",
CGMacros-023,prediabetes,window,persTMA,C05-15,4949.481127663119,17,42.666666666666664,8,4,0,6,3,2,4.184027777777778,0.75,0.6666666666666666,0.7058823529411765,0.7170124481327801,11.0,0.5,2,4,0,"[-11.0, -2.0, 72.0, 6.0, 3.0, -2.0]",
CGMacros-023,prediabetes,window,persTMA,native,4949.481127663119,17,54.333333333333336,8,4,0,7,3,1,4.184027777777778,0.875,0.7,0.7777777777777778,0.7170124481327801,-9.285714285714286,-5.0,3,4,0,"[-15.0, -5.0, -20.0, 5.0, -25.0, 0.0, -5.0]",35.0
CGMacros-023,prediabetes,mask,persTMA,C05,4949.481127663119,17,39.5,8,4,0,3,5,5,4.184027777777778,0.375,0.375,0.375,1.1950207468879668,27.0,6.0,1,2,0,"[72.0, 6.0, 3.0]",
CGMacros-023,prediabetes,mask,persTMA,C05-15,4949.481127663119,17,39.5,8,4,0,6,2,2,4.184027777777778,0.75,0.75,0.75,0.47800829875518674,11.0,0.5,2,4,0,"[-11.0, -2.0, 72.0, 6.0, 3.0, -2.0]",
CGMacros-023,prediabetes,mask,persTMA,native,4949.481127663119,17,51.166666666666664,8,4,0,7,2,1,4.184027777777778,0.875,0.7777777777777778,0.8235294117647058,0.47800829875518674,-9.285714285714286,-5.0,3,4,0,"[-15.0, -5.0, -20.0, 5.0, -25.0, 0.0, -5.0]",35.0
CGMacros-023,prediabetes,mask_nocarve,persTMA,C05,4949.481127663119,17,39.5,8,4,0,3,5,5,4.184027777777778,0.375,0.375,0.375,1.1950207468879668,27.0,6.0,1,2,0,"[72.0, 6.0, 3.0]",
CGMacros-023,prediabetes,mask_nocarve,persTMA,C05-15,4949.481127663119,17,39.5,8,4,0,6,2,2,4.184027777777778,0.75,0.75,0.75,0.47800829875518674,11.0,0.5,2,4,0,"[-11.0, -2.0, 72.0, 6.0, 3.0, -2.0]",
CGMacros-023,prediabetes,mask_nocarve,persTMA,native,4949.481127663119,17,51.166666666666664,8,4,0,7,2,1,4.184027777777778,0.875,0.7777777777777778,0.8235294117647058,0.47800829875518674,-9.285714285714286,-5.0,3,4,0,"[-15.0, -5.0, -20.0, 5.0, -25.0, 0.0, -5.0]",35.0
CGMacros-023,prediabetes,mask_retuned,persTMA,C05,4949.481127663119,17,39.5,8,4,0,3,5,5,4.184027777777778,0.375,0.375,0.375,1.1950207468879668,27.0,6.0,1,2,0,"[72.0, 6.0, 3.0]",
CGMacros-023,prediabetes,mask_retuned,persTMA,C05-15,4949.481127663119,17,39.5,8,4,0,6,2,2,4.184027777777778,0.75,0.75,0.75,0.47800829875518674,11.0,0.5,2,4,0,"[-11.0, -2.0, 72.0, 6.0, 3.0, -2.0]",
CGMacros-023,prediabetes,mask_retuned,persTMA,native,4949.481127663119,17,51.166666666666664,8,4,0,7,2,1,4.184027777777778,0.875,0.7777777777777778,0.8235294117647058,0.47800829875518674,-9.285714285714286,-5.0,3,4,0,"[-15.0, -5.0, -20.0, 5.0, -25.0, 0.0, -5.0]",35.0
CGMacros-023,prediabetes,window,popTMA,C05,4512.274738983182,29,42.666666666666664,8,4,0,3,6,5,4.184027777777778,0.375,0.3333333333333333,0.35294117647058826,1.4340248962655602,32.0,11.0,1,2,0,"[77.0, 11.0, 8.0]",
CGMacros-023,prediabetes,window,popTMA,C05-15,4512.274738983182,29,42.666666666666664,8,4,0,6,3,2,4.184027777777778,0.75,0.6666666666666666,0.7058823529411765,0.7170124481327801,13.5,3.0,2,4,0,"[-11.0, -2.0, 77.0, 11.0, 8.0, -2.0]",
CGMacros-023,prediabetes,window,popTMA,native,4512.274738983182,29,54.333333333333336,8,4,0,7,2,1,4.184027777777778,0.875,0.7777777777777778,0.8235294117647058,0.47800829875518674,-7.857142857142857,-5.0,3,4,0,"[-15.0, -5.0, -25.0, 10.0, -20.0, 5.0, -5.0]",65.0
CGMacros-023,prediabetes,mask,popTMA,C05,4512.274738983182,29,39.5,8,4,0,3,5,5,4.184027777777778,0.375,0.375,0.375,1.1950207468879668,32.0,11.0,1,2,0,"[77.0, 11.0, 8.0]",
CGMacros-023,prediabetes,mask,popTMA,C05-15,4512.274738983182,29,39.5,8,4,0,6,2,2,4.184027777777778,0.75,0.75,0.75,0.47800829875518674,13.5,3.0,2,4,0,"[-11.0, -2.0, 77.0, 11.0, 8.0, -2.0]",
CGMacros-023,prediabetes,mask,popTMA,native,4512.274738983182,29,51.166666666666664,8,4,0,7,2,1,4.184027777777778,0.875,0.7777777777777778,0.8235294117647058,0.47800829875518674,-7.857142857142857,-5.0,3,4,0,"[-15.0, -5.0, -25.0, 10.0, -20.0, 5.0, -5.0]",65.0
CGMacros-023,prediabetes,mask_nocarve,popTMA,C05,4512.274738983182,29,39.5,8,4,0,3,5,5,4.184027777777778,0.375,0.375,0.375,1.1950207468879668,32.0,11.0,1,2,0,"[77.0, 11.0, 8.0]",
CGMacros-023,prediabetes,mask_nocarve,popTMA,C05-15,4512.274738983182,29,39.5,8,4,0,6,2,2,4.184027777777778,0.75,0.75,0.75,0.47800829875518674,13.5,3.0,2,4,0,"[-11.0, -2.0, 77.0, 11.0, 8.0, -2.0]",
CGMacros-023,prediabetes,mask_nocarve,popTMA,native,4512.274738983182,29,51.166666666666664,8,4,0,7,2,1,4.184027777777778,0.875,0.7777777777777778,0.8235294117647058,0.47800829875518674,-7.857142857142857,-5.0,3,4,0,"[-15.0, -5.0, -25.0, 10.0, -20.0, 5.0, -5.0]",65.0
CGMacros-023,prediabetes,mask_retuned,popTMA,C05,3826.022791485306,29,39.5,8,4,0,3,5,5,4.184027777777778,0.375,0.375,0.375,1.1950207468879668,32.0,11.0,1,2,0,"[77.0, 11.0, 8.0]",
CGMacros-023,prediabetes,mask_retuned,popTMA,C05-15,3826.022791485306,29,39.5,8,4,0,6,2,2,4.184027777777778,0.75,0.75,0.75,0.47800829875518674,13.5,3.0,2,4,0,"[-11.0, -2.0, 77.0, 11.0, 8.0, -2.0]",
CGMacros-023,prediabetes,mask_retuned,popTMA,native,3826.022791485306,29,51.166666666666664,8,4,0,7,2,1,4.184027777777778,0.875,0.7777777777777778,0.8235294117647058,0.47800829875518674,-7.857142857142857,-5.0,3,4,0,"[-15.0, -5.0, -25.0, 10.0, -20.0, 5.0, -5.0]",65.0
CGMacros-026,prediabetes,window,persTMA,C05,2467.6095698037134,15,62.166666666666664,7,3,1,4,5,3,5.065972222222222,0.5714285714285714,0.4444444444444444,0.5,0.9869773817683345,9.5,9.0,3,1,0,"[5.0, 6.0, 15.0, 12.0]",
CGMacros-026,prediabetes,window,persTMA,C05-15,2467.6095698037134,15,62.166666666666664,7,3,1,4,5,3,5.065972222222222,0.5714285714285714,0.4444444444444444,0.5,0.9869773817683345,9.5,9.0,3,1,0,"[5.0, 6.0, 15.0, 12.0]",
CGMacros-026,prediabetes,window,persTMA,native,2467.6095698037134,15,75.66666666666667,7,3,1,4,8,3,5.065972222222222,0.5714285714285714,0.3333333333333333,0.42105263157894735,1.579163810829335,8.75,7.5,3,1,0,"[5.0, 5.0, 15.0, 10.0]",42.5
CGMacros-026,prediabetes,mask,persTMA,C05,2467.6095698037134,15,56.666666666666664,7,3,1,4,2,3,5.065972222222222,0.5714285714285714,0.6666666666666666,0.6153846153846154,0.3947909527073338,9.5,9.0,3,1,0,"[5.0, 6.0, 15.0, 12.0]",
CGMacros-026,prediabetes,mask,persTMA,C05-15,2467.6095698037134,15,56.666666666666664,7,3,1,4,2,3,5.065972222222222,0.5714285714285714,0.6666666666666666,0.6153846153846154,0.3947909527073338,9.5,9.0,3,1,0,"[5.0, 6.0, 15.0, 12.0]",
CGMacros-026,prediabetes,mask,persTMA,native,2467.6095698037134,15,70.16666666666667,7,3,1,4,6,3,5.065972222222222,0.5714285714285714,0.4,0.47058823529411764,1.1843728581220014,8.75,7.5,3,1,0,"[5.0, 5.0, 15.0, 10.0]",42.5
CGMacros-026,prediabetes,mask_nocarve,persTMA,C05,2467.6095698037134,15,56.333333333333336,7,3,1,4,2,3,5.065972222222222,0.5714285714285714,0.6666666666666666,0.6153846153846154,0.3947909527073338,9.5,9.0,3,1,0,"[5.0, 6.0, 15.0, 12.0]",
CGMacros-026,prediabetes,mask_nocarve,persTMA,C05-15,2467.6095698037134,15,56.333333333333336,7,3,1,4,2,3,5.065972222222222,0.5714285714285714,0.6666666666666666,0.6153846153846154,0.3947909527073338,9.5,9.0,3,1,0,"[5.0, 6.0, 15.0, 12.0]",
CGMacros-026,prediabetes,mask_nocarve,persTMA,native,2467.6095698037134,15,69.83333333333333,7,3,1,4,6,3,5.065972222222222,0.5714285714285714,0.4,0.47058823529411764,1.1843728581220014,8.75,7.5,3,1,0,"[5.0, 5.0, 15.0, 10.0]",42.5
CGMacros-026,prediabetes,mask_retuned,persTMA,C05,2467.6095698037134,15,56.666666666666664,7,3,1,4,2,3,5.065972222222222,0.5714285714285714,0.6666666666666666,0.6153846153846154,0.3947909527073338,9.5,9.0,3,1,0,"[5.0, 6.0, 15.0, 12.0]",
CGMacros-026,prediabetes,mask_retuned,persTMA,C05-15,2467.6095698037134,15,56.666666666666664,7,3,1,4,2,3,5.065972222222222,0.5714285714285714,0.6666666666666666,0.6153846153846154,0.3947909527073338,9.5,9.0,3,1,0,"[5.0, 6.0, 15.0, 12.0]",
CGMacros-026,prediabetes,mask_retuned,persTMA,native,2467.6095698037134,15,70.16666666666667,7,3,1,4,6,3,5.065972222222222,0.5714285714285714,0.4,0.47058823529411764,1.1843728581220014,8.75,7.5,3,1,0,"[5.0, 5.0, 15.0, 10.0]",42.5
CGMacros-026,prediabetes,window,popTMA,C05,4606.10038285534,29,62.166666666666664,7,3,1,1,10,6,5.065972222222222,0.14285714285714285,0.09090909090909091,0.1111111111111111,1.973954763536669,81.0,81.0,1,0,0,[81.0],
CGMacros-026,prediabetes,window,popTMA,C05-15,4606.10038285534,29,62.166666666666664,7,3,1,3,8,4,5.065972222222222,0.42857142857142855,0.2727272727272727,0.3333333333333333,1.579163810829335,21.0,-5.0,2,1,0,"[81.0, -5.0, -13.0]",
CGMacros-026,prediabetes,window,popTMA,native,4606.10038285534,29,75.66666666666667,7,3,1,4,5,3,5.065972222222222,0.5714285714285714,0.4444444444444444,0.5,0.9869773817683345,-18.75,-20.0,3,1,0,"[-30.0, -25.0, -5.0, -15.0]",50.0
CGMacros-026,prediabetes,mask,popTMA,C05,4606.10038285534,29,56.666666666666664,7,3,1,1,7,6,5.065972222222222,0.14285714285714285,0.125,0.13333333333333333,1.3817683344756682,81.0,81.0,1,0,0,[81.0],
CGMacros-026,prediabetes,mask,popTMA,C05-15,4606.10038285534,29,56.666666666666664,7,3,1,3,5,4,5.065972222222222,0.42857142857142855,0.375,0.4,0.9869773817683345,21.0,-5.0,2,1,0,"[81.0, -5.0, -13.0]",
CGMacros-026,prediabetes,mask,popTMA,native,4606.10038285534,29,70.16666666666667,7,3,1,4,4,3,5.065972222222222,0.5714285714285714,0.5,0.5333333333333333,0.7895819054146676,-18.75,-20.0,3,1,0,"[-30.0, -25.0, -5.0, -15.0]",50.0
CGMacros-026,prediabetes,mask_nocarve,popTMA,C05,4606.10038285534,29,56.333333333333336,7,3,1,1,7,6,5.065972222222222,0.14285714285714285,0.125,0.13333333333333333,1.3817683344756682,81.0,81.0,1,0,0,[81.0],
CGMacros-026,prediabetes,mask_nocarve,popTMA,C05-15,4606.10038285534,29,56.333333333333336,7,3,1,3,5,4,5.065972222222222,0.42857142857142855,0.375,0.4,0.9869773817683345,21.0,-5.0,2,1,0,"[81.0, -5.0, -13.0]",
CGMacros-026,prediabetes,mask_nocarve,popTMA,native,4606.10038285534,29,69.83333333333333,7,3,1,4,4,3,5.065972222222222,0.5714285714285714,0.5,0.5333333333333333,0.7895819054146676,-18.75,-20.0,3,1,0,"[-30.0, -25.0, -5.0, -15.0]",50.0
CGMacros-026,prediabetes,mask_retuned,popTMA,C05,3910.442354642535,29,56.666666666666664,7,3,1,1,8,6,5.065972222222222,0.14285714285714285,0.1111111111111111,0.125,1.579163810829335,81.0,81.0,1,0,0,[81.0],
CGMacros-026,prediabetes,mask_retuned,popTMA,C05-15,3910.442354642535,29,56.666666666666664,7,3,1,4,5,3,5.065972222222222,0.5714285714285714,0.4444444444444444,0.5,0.9869773817683345,14.75,-4.5,2,2,0,"[81.0, -4.0, -5.0, -13.0]",
CGMacros-026,prediabetes,mask_retuned,popTMA,native,3910.442354642535,29,70.16666666666667,7,3,1,5,5,2,5.065972222222222,0.7142857142857143,0.5,0.5882352941176471,0.9869773817683345,-16.0,-15.0,3,2,0,"[-30.0, -25.0, -5.0, -5.0, -15.0]",55.0
CGMacros-027,healthy,window,persTMA,C05,457.02233824097084,13,32.25,6,3,0,4,2,2,3.59375,0.6666666666666666,0.6666666666666666,0.6666666666666666,0.5565217391304348,11.25,12.0,2,2,0,"[17.0, 3.0, 7.0, 18.0]",
CGMacros-027,healthy,window,persTMA,C05-15,457.02233824097084,13,32.25,6,3,0,5,1,1,3.59375,0.8333333333333334,0.8333333333333334,0.8333333333333334,0.2782608695652174,7.6,7.0,3,2,0,"[-7.0, 17.0, 3.0, 7.0, 18.0]",
CGMacros-027,healthy,window,persTMA,native,457.02233824097084,13,41.583333333333336,6,3,0,6,1,0,3.59375,1.0,0.8571428571428571,0.9230769230769231,0.2782608695652174,-3.3333333333333335,2.5,3,3,0,"[-10.0, 15.0, 0.0, -45.0, 5.0, 15.0]",32.5
CGMacros-027,healthy,mask,persTMA,C05,457.02233824097084,13,31.333333333333332,6,3,0,4,2,2,3.59375,0.6666666666666666,0.6666666666666666,0.6666666666666666,0.5565217391304348,11.25,12.0,2,2,0,"[17.0, 3.0, 7.0, 18.0]",
CGMacros-027,healthy,mask,persTMA,C05-15,457.02233824097084,13,31.333333333333332,6,3,0,5,1,1,3.59375,0.8333333333333334,0.8333333333333334,0.8333333333333334,0.2782608695652174,7.6,7.0,3,2,0,"[-7.0, 17.0, 3.0, 7.0, 18.0]",
CGMacros-027,healthy,mask,persTMA,native,457.02233824097084,13,40.666666666666664,6,3,0,6,1,0,3.59375,1.0,0.8571428571428571,0.9230769230769231,0.2782608695652174,-3.3333333333333335,2.5,3,3,0,"[-10.0, 15.0, 0.0, -45.0, 5.0, 15.0]",32.5
CGMacros-027,healthy,mask_nocarve,persTMA,C05,457.02233824097084,13,31.333333333333332,6,3,0,4,2,2,3.59375,0.6666666666666666,0.6666666666666666,0.6666666666666666,0.5565217391304348,11.25,12.0,2,2,0,"[17.0, 3.0, 7.0, 18.0]",
CGMacros-027,healthy,mask_nocarve,persTMA,C05-15,457.02233824097084,13,31.333333333333332,6,3,0,5,1,1,3.59375,0.8333333333333334,0.8333333333333334,0.8333333333333334,0.2782608695652174,7.6,7.0,3,2,0,"[-7.0, 17.0, 3.0, 7.0, 18.0]",
CGMacros-027,healthy,mask_nocarve,persTMA,native,457.02233824097084,13,40.666666666666664,6,3,0,6,1,0,3.59375,1.0,0.8571428571428571,0.9230769230769231,0.2782608695652174,-3.3333333333333335,2.5,3,3,0,"[-10.0, 15.0, 0.0, -45.0, 5.0, 15.0]",32.5
CGMacros-027,healthy,mask_retuned,persTMA,C05,457.02233824097084,13,31.333333333333332,6,3,0,4,2,2,3.59375,0.6666666666666666,0.6666666666666666,0.6666666666666666,0.5565217391304348,11.25,12.0,2,2,0,"[17.0, 3.0, 7.0, 18.0]",
CGMacros-027,healthy,mask_retuned,persTMA,C05-15,457.02233824097084,13,31.333333333333332,6,3,0,5,1,1,3.59375,0.8333333333333334,0.8333333333333334,0.8333333333333334,0.2782608695652174,7.6,7.0,3,2,0,"[-7.0, 17.0, 3.0, 7.0, 18.0]",
CGMacros-027,healthy,mask_retuned,persTMA,native,457.02233824097084,13,40.666666666666664,6,3,0,6,1,0,3.59375,1.0,0.8571428571428571,0.9230769230769231,0.2782608695652174,-3.3333333333333335,2.5,3,3,0,"[-10.0, 15.0, 0.0, -45.0, 5.0, 15.0]",32.5
CGMacros-027,healthy,window,popTMA,C05,4638.738873175411,29,32.25,6,3,0,1,2,5,3.59375,0.16666666666666666,0.3333333333333333,0.2222222222222222,0.5565217391304348,13.0,13.0,0,1,0,[13.0],
CGMacros-027,healthy,window,popTMA,C05-15,4638.738873175411,29,32.25,6,3,0,1,2,5,3.59375,0.16666666666666666,0.3333333333333333,0.2222222222222222,0.5565217391304348,13.0,13.0,0,1,0,[13.0],
CGMacros-027,healthy,window,popTMA,native,4638.738873175411,29,41.583333333333336,6,3,0,3,0,3,3.59375,0.5,1.0,0.6666666666666666,0.0,-10.0,-20.0,2,1,0,"[-20.0, -20.0, 10.0]",50.0
CGMacros-027,healthy,mask,popTMA,C05,4638.738873175411,29,31.333333333333332,6,3,0,1,2,5,3.59375,0.16666666666666666,0.3333333333333333,0.2222222222222222,0.5565217391304348,13.0,13.0,0,1,0,[13.0],
CGMacros-027,healthy,mask,popTMA,C05-15,4638.738873175411,29,31.333333333333332,6,3,0,1,2,5,3.59375,0.16666666666666666,0.3333333333333333,0.2222222222222222,0.5565217391304348,13.0,13.0,0,1,0,[13.0],
CGMacros-027,healthy,mask,popTMA,native,4638.738873175411,29,40.666666666666664,6,3,0,3,0,3,3.59375,0.5,1.0,0.6666666666666666,0.0,-10.0,-20.0,2,1,0,"[-20.0, -20.0, 10.0]",50.0
CGMacros-027,healthy,mask_nocarve,popTMA,C05,4638.738873175411,29,31.333333333333332,6,3,0,1,2,5,3.59375,0.16666666666666666,0.3333333333333333,0.2222222222222222,0.5565217391304348,13.0,13.0,0,1,0,[13.0],
CGMacros-027,healthy,mask_nocarve,popTMA,C05-15,4638.738873175411,29,31.333333333333332,6,3,0,1,2,5,3.59375,0.16666666666666666,0.3333333333333333,0.2222222222222222,0.5565217391304348,13.0,13.0,0,1,0,[13.0],
CGMacros-027,healthy,mask_nocarve,popTMA,native,4638.738873175411,29,40.666666666666664,6,3,0,3,0,3,3.59375,0.5,1.0,0.6666666666666666,0.0,-10.0,-20.0,2,1,0,"[-20.0, -20.0, 10.0]",50.0
CGMacros-027,healthy,mask_retuned,popTMA,C05,3933.207766277861,29,31.333333333333332,6,3,0,1,2,5,3.59375,0.16666666666666666,0.3333333333333333,0.2222222222222222,0.5565217391304348,13.0,13.0,0,1,0,[13.0],
CGMacros-027,healthy,mask_retuned,popTMA,C05-15,3933.207766277861,29,31.333333333333332,6,3,0,1,2,5,3.59375,0.16666666666666666,0.3333333333333333,0.2222222222222222,0.5565217391304348,13.0,13.0,0,1,0,[13.0],
CGMacros-027,healthy,mask_retuned,popTMA,native,3933.207766277861,29,40.666666666666664,6,3,0,3,0,3,3.59375,0.5,1.0,0.6666666666666666,0.0,-10.0,-20.0,2,1,0,"[-20.0, -20.0, 10.0]",50.0
CGMacros-028,T2D,window,persTMA,C05,1502.1528236633712,18,42.5,8,4,0,5,8,3,4.197916666666667,0.625,0.38461538461538464,0.47619047619047616,1.9057071960297765,35.4,35.0,2,3,0,"[35.0, 25.0, 2.0, 57.0, 58.0]",
CGMacros-028,T2D,window,persTMA,C05-15,1502.1528236633712,18,42.5,8,4,0,7,4,1,4.197916666666667,0.875,0.6363636363636364,0.7368421052631579,0.9528535980148882,7.285714285714286,-2.0,4,3,0,"[-15.0, 25.0, -4.0, 2.0, 57.0, -12.0, -2.0]",
CGMacros-028,T2D,window,persTMA,native,1502.1528236633712,18,53.75,8,4,0,7,5,1,4.197916666666667,0.875,0.5833333333333334,0.7,1.1910669975186103,5.714285714285714,-5.0,4,3,0,"[-15.0, 25.0, -5.0, 0.0, 55.0, -15.0, -5.0]",40.0
CGMacros-028,T2D,mask,persTMA,C05,1502.1528236633712,18,40.166666666666664,8,4,0,5,7,3,4.197916666666667,0.625,0.4166666666666667,0.5,1.6674937965260546,35.4,35.0,2,3,0,"[35.0, 25.0, 2.0, 57.0, 58.0]",
CGMacros-028,T2D,mask,persTMA,C05-15,1502.1528236633712,18,40.166666666666664,8,4,0,7,3,1,4.197916666666667,0.875,0.7,0.7777777777777778,0.7146401985111662,7.285714285714286,-2.0,4,3,0,"[-15.0, 25.0, -4.0, 2.0, 57.0, -12.0, -2.0]",
CGMacros-028,T2D,mask,persTMA,native,1502.1528236633712,18,51.416666666666664,8,4,0,7,4,1,4.197916666666667,0.875,0.6363636363636364,0.7368421052631579,0.9528535980148882,5.714285714285714,-5.0,4,3,0,"[-15.0, 25.0, -5.0, 0.0, 55.0, -15.0, -5.0]",40.0
CGMacros-028,T2D,mask_nocarve,persTMA,C05,1502.1528236633712,18,40.166666666666664,8,4,0,5,7,3,4.197916666666667,0.625,0.4166666666666667,0.5,1.6674937965260546,35.4,35.0,2,3,0,"[35.0, 25.0, 2.0, 57.0, 58.0]",
CGMacros-028,T2D,mask_nocarve,persTMA,C05-15,1502.1528236633712,18,40.166666666666664,8,4,0,7,3,1,4.197916666666667,0.875,0.7,0.7777777777777778,0.7146401985111662,7.285714285714286,-2.0,4,3,0,"[-15.0, 25.0, -4.0, 2.0, 57.0, -12.0, -2.0]",
CGMacros-028,T2D,mask_nocarve,persTMA,native,1502.1528236633712,18,51.416666666666664,8,4,0,7,4,1,4.197916666666667,0.875,0.6363636363636364,0.7368421052631579,0.9528535980148882,5.714285714285714,-5.0,4,3,0,"[-15.0, 25.0, -5.0, 0.0, 55.0, -15.0, -5.0]",40.0
CGMacros-028,T2D,mask_retuned,persTMA,C05,1502.1528236633712,18,40.166666666666664,8,4,0,5,7,3,4.197916666666667,0.625,0.4166666666666667,0.5,1.6674937965260546,35.4,35.0,2,3,0,"[35.0, 25.0, 2.0, 57.0, 58.0]",
CGMacros-028,T2D,mask_retuned,persTMA,C05-15,1502.1528236633712,18,40.166666666666664,8,4,0,7,3,1,4.197916666666667,0.875,0.7,0.7777777777777778,0.7146401985111662,7.285714285714286,-2.0,4,3,0,"[-15.0, 25.0, -4.0, 2.0, 57.0, -12.0, -2.0]",
CGMacros-028,T2D,mask_retuned,persTMA,native,1502.1528236633712,18,51.416666666666664,8,4,0,7,4,1,4.197916666666667,0.875,0.6363636363636364,0.7368421052631579,0.9528535980148882,5.714285714285714,-5.0,4,3,0,"[-15.0, 25.0, -5.0, 0.0, 55.0, -15.0, -5.0]",40.0
CGMacros-028,T2D,window,popTMA,C05,4567.954159158366,29,42.5,8,4,0,2,7,6,4.197916666666667,0.25,0.2222222222222222,0.23529411764705882,1.6674937965260546,26.0,26.0,0,2,0,"[10.0, 42.0]",
CGMacros-028,T2D,window,popTMA,C05-15,4567.954159158366,29,42.5,8,4,0,6,3,2,4.197916666666667,0.75,0.6666666666666666,0.7058823529411765,0.7146401985111662,3.0,-5.0,3,3,0,"[-15.0, 10.0, -9.0, -3.0, 42.0, -7.0]",
CGMacros-028,T2D,window,popTMA,native,4567.954159158366,29,53.75,8,4,0,7,1,1,4.197916666666667,0.875,0.875,0.875,0.23821339950372206,-2.142857142857143,-10.0,4,3,0,"[-15.0, 10.0, -10.0, -5.0, 40.0, -25.0, -10.0]",60.0
CGMacros-028,T2D,mask,popTMA,C05,4567.954159158366,29,40.166666666666664,8,4,0,2,6,6,4.197916666666667,0.25,0.25,0.25,1.4292803970223324,26.0,26.0,0,2,0,"[10.0, 42.0]",
CGMacros-028,T2D,mask,popTMA,C05-15,4567.954159158366,29,40.166666666666664,8,4,0,6,2,2,4.197916666666667,0.75,0.75,0.75,0.4764267990074441,3.0,-5.0,3,3,0,"[-15.0, 10.0, -9.0, -3.0, 42.0, -7.0]",
CGMacros-028,T2D,mask,popTMA,native,4567.954159158366,29,51.416666666666664,8,4,0,7,0,1,4.197916666666667,0.875,1.0,0.9333333333333333,0.0,-2.142857142857143,-10.0,4,3,0,"[-15.0, 10.0, -10.0, -5.0, 40.0, -25.0, -10.0]",60.0
CGMacros-028,T2D,mask_nocarve,popTMA,C05,4567.954159158366,29,40.166666666666664,8,4,0,2,6,6,4.197916666666667,0.25,0.25,0.25,1.4292803970223324,26.0,26.0,0,2,0,"[10.0, 42.0]",
CGMacros-028,T2D,mask_nocarve,popTMA,C05-15,4567.954159158366,29,40.166666666666664,8,4,0,6,2,2,4.197916666666667,0.75,0.75,0.75,0.4764267990074441,3.0,-5.0,3,3,0,"[-15.0, 10.0, -9.0, -3.0, 42.0, -7.0]",
CGMacros-028,T2D,mask_nocarve,popTMA,native,4567.954159158366,29,51.416666666666664,8,4,0,7,0,1,4.197916666666667,0.875,1.0,0.9333333333333333,0.0,-2.142857142857143,-10.0,4,3,0,"[-15.0, 10.0, -10.0, -5.0, 40.0, -25.0, -10.0]",60.0
CGMacros-028,T2D,mask_retuned,popTMA,C05,4218.68259990439,29,40.166666666666664,8,4,0,2,6,6,4.197916666666667,0.25,0.25,0.25,1.4292803970223324,26.0,26.0,0,2,0,"[10.0, 42.0]",
CGMacros-028,T2D,mask_retuned,popTMA,C05-15,4218.68259990439,29,40.166666666666664,8,4,0,6,2,2,4.197916666666667,0.75,0.75,0.75,0.4764267990074441,3.0,-5.0,3,3,0,"[-15.0, 10.0, -9.0, -3.0, 42.0, -7.0]",
CGMacros-028,T2D,mask_retuned,popTMA,native,4218.68259990439,29,51.416666666666664,8,4,0,7,0,1,4.197916666666667,0.875,1.0,0.9333333333333333,0.0,-2.142857142857143,-10.0,4,3,0,"[-15.0, 10.0, -10.0, -5.0, 40.0, -25.0, -10.0]",60.0
CGMacros-029,prediabetes,window,persTMA,C05,2466.901536716501,17,40.833333333333336,8,4,0,4,3,0,3.9375,1.0,0.5714285714285714,0.7272727272727273,0.7619047619047619,4.0,4.5,0,4,0,"[0.0, 2.0, 7.0, 7.0]",
CGMacros-029,prediabetes,window,persTMA,C05-15,2466.901536716501,17,40.833333333333336,8,4,0,4,3,0,3.9375,1.0,0.5714285714285714,0.7272727272727273,0.7619047619047619,4.0,4.5,0,4,0,"[0.0, 2.0, 7.0, 7.0]",
CGMacros-029,prediabetes,window,persTMA,native,2466.901536716501,17,49.833333333333336,8,4,0,7,2,1,3.9375,0.875,0.7777777777777778,0.8235294117647058,0.5079365079365079,-1.4285714285714286,0.0,3,4,0,"[0.0, -5.0, 0.0, 0.0, 5.0, -15.0, 5.0]",40.0
CGMacros-029,prediabetes,mask,persTMA,C05,2466.901536716501,17,34.916666666666664,8,4,0,4,0,0,3.9375,1.0,1.0,1.0,0.0,4.0,4.5,0,4,0,"[0.0, 2.0, 7.0, 7.0]",
CGMacros-029,prediabetes,mask,persTMA,C05-15,2466.901536716501,17,34.916666666666664,8,4,0,4,0,0,3.9375,1.0,1.0,1.0,0.0,4.0,4.5,0,4,0,"[0.0, 2.0, 7.0, 7.0]",
CGMacros-029,prediabetes,mask,persTMA,native,2466.901536716501,17,43.916666666666664,8,4,0,7,0,1,3.9375,0.875,1.0,0.9333333333333333,0.0,-1.4285714285714286,0.0,3,4,0,"[0.0, -5.0, 0.0, 0.0, 5.0, -15.0, 5.0]",40.0
CGMacros-029,prediabetes,mask_nocarve,persTMA,C05,2466.901536716501,17,34.916666666666664,8,4,0,4,0,0,3.9375,1.0,1.0,1.0,0.0,4.0,4.5,0,4,0,"[0.0, 2.0, 7.0, 7.0]",
CGMacros-029,prediabetes,mask_nocarve,persTMA,C05-15,2466.901536716501,17,34.916666666666664,8,4,0,4,0,0,3.9375,1.0,1.0,1.0,0.0,4.0,4.5,0,4,0,"[0.0, 2.0, 7.0, 7.0]",
CGMacros-029,prediabetes,mask_nocarve,persTMA,native,2466.901536716501,17,43.916666666666664,8,4,0,7,0,1,3.9375,0.875,1.0,0.9333333333333333,0.0,-1.4285714285714286,0.0,3,4,0,"[0.0, -5.0, 0.0, 0.0, 5.0, -15.0, 5.0]",40.0
CGMacros-029,prediabetes,mask_retuned,persTMA,C05,2466.901536716501,17,34.916666666666664,8,4,0,4,0,0,3.9375,1.0,1.0,1.0,0.0,4.0,4.5,0,4,0,"[0.0, 2.0, 7.0, 7.0]",
CGMacros-029,prediabetes,mask_retuned,persTMA,C05-15,2466.901536716501,17,34.916666666666664,8,4,0,4,0,0,3.9375,1.0,1.0,1.0,0.0,4.0,4.5,0,4,0,"[0.0, 2.0, 7.0, 7.0]",
CGMacros-029,prediabetes,mask_retuned,persTMA,native,2466.901536716501,17,43.916666666666664,8,4,0,7,0,1,3.9375,0.875,1.0,0.9333333333333333,0.0,-1.4285714285714286,0.0,3,4,0,"[0.0, -5.0, 0.0, 0.0, 5.0, -15.0, 5.0]",40.0
CGMacros-029,prediabetes,window,popTMA,C05,4145.8364646364935,29,40.833333333333336,8,4,0,4,2,0,3.9375,1.0,0.6666666666666666,0.8,0.5079365079365079,6.5,6.0,0,4,0,"[5.0, 2.0, 12.0, 7.0]",
CGMacros-029,prediabetes,window,popTMA,C05-15,4145.8364646364935,29,40.833333333333336,8,4,0,4,2,0,3.9375,1.0,0.6666666666666666,0.8,0.5079365079365079,6.5,6.0,0,4,0,"[5.0, 2.0, 12.0, 7.0]",
CGMacros-029,prediabetes,window,popTMA,native,4145.8364646364935,29,49.833333333333336,8,4,0,7,0,1,3.9375,0.875,1.0,0.9333333333333333,0.0,0.7142857142857143,5.0,3,4,0,"[5.0, -5.0, 0.0, 5.0, 10.0, -15.0, 5.0]",75.0
CGMacros-029,prediabetes,mask,popTMA,C05,4145.8364646364935,29,34.916666666666664,8,4,0,4,0,0,3.9375,1.0,1.0,1.0,0.0,6.5,6.0,0,4,0,"[5.0, 2.0, 12.0, 7.0]",
CGMacros-029,prediabetes,mask,popTMA,C05-15,4145.8364646364935,29,34.916666666666664,8,4,0,4,0,0,3.9375,1.0,1.0,1.0,0.0,6.5,6.0,0,4,0,"[5.0, 2.0, 12.0, 7.0]",
CGMacros-029,prediabetes,mask,popTMA,native,4145.8364646364935,29,43.916666666666664,8,4,0,7,0,1,3.9375,0.875,1.0,0.9333333333333333,0.0,0.7142857142857143,5.0,3,4,0,"[5.0, -5.0, 0.0, 5.0, 10.0, -15.0, 5.0]",75.0
CGMacros-029,prediabetes,mask_nocarve,popTMA,C05,4145.8364646364935,29,34.916666666666664,8,4,0,4,0,0,3.9375,1.0,1.0,1.0,0.0,6.5,6.0,0,4,0,"[5.0, 2.0, 12.0, 7.0]",
CGMacros-029,prediabetes,mask_nocarve,popTMA,C05-15,4145.8364646364935,29,34.916666666666664,8,4,0,4,0,0,3.9375,1.0,1.0,1.0,0.0,6.5,6.0,0,4,0,"[5.0, 2.0, 12.0, 7.0]",
CGMacros-029,prediabetes,mask_nocarve,popTMA,native,4145.8364646364935,29,43.916666666666664,8,4,0,7,0,1,3.9375,0.875,1.0,0.9333333333333333,0.0,0.7142857142857143,5.0,3,4,0,"[5.0, -5.0, 0.0, 5.0, 10.0, -15.0, 5.0]",75.0
CGMacros-029,prediabetes,mask_retuned,popTMA,C05,4145.8364646364935,29,34.916666666666664,8,4,0,4,0,0,3.9375,1.0,1.0,1.0,0.0,6.5,6.0,0,4,0,"[5.0, 2.0, 12.0, 7.0]",
CGMacros-029,prediabetes,mask_retuned,popTMA,C05-15,4145.8364646364935,29,34.916666666666664,8,4,0,4,0,0,3.9375,1.0,1.0,1.0,0.0,6.5,6.0,0,4,0,"[5.0, 2.0, 12.0, 7.0]",
CGMacros-029,prediabetes,mask_retuned,popTMA,native,4145.8364646364935,29,43.916666666666664,8,4,0,7,0,1,3.9375,0.875,1.0,0.9333333333333333,0.0,0.7142857142857143,5.0,3,4,0,"[5.0, -5.0, 0.0, 5.0, 10.0, -15.0, 5.0]",75.0
CGMacros-030,T2D,window,persTMA,C05,299.6351770013325,7,34.75,6,3,0,6,3,0,3.6527777777777777,1.0,0.6666666666666666,0.8,0.8212927756653993,14.0,7.5,3,3,0,"[14.0, 4.0, 8.0, 46.0, 5.0, 7.0]",
CGMacros-030,T2D,window,persTMA,C05-15,299.6351770013325,7,34.75,6,3,0,6,3,0,3.6527777777777777,1.0,0.6666666666666666,0.8,0.8212927756653993,14.0,7.5,3,3,0,"[14.0, 4.0, 8.0, 46.0, 5.0, 7.0]",
CGMacros-030,T2D,window,persTMA,native,299.6351770013325,7,44.083333333333336,6,3,0,6,8,0,3.6527777777777777,1.0,0.42857142857142855,0.6,2.1901140684410647,11.666666666666666,5.0,3,3,0,"[10.0, 0.0, 5.0, 45.0, 5.0, 5.0]",20.0
CGMacros-030,T2D,mask,persTMA,C05,299.6351770013325,7,32.416666666666664,6,3,0,6,2,0,3.6527777777777777,1.0,0.75,0.8571428571428571,0.5475285171102662,14.0,7.5,3,3,0,"[14.0, 4.0, 8.0, 46.0, 5.0, 7.0]",
CGMacros-030,T2D,mask,persTMA,C05-15,299.6351770013325,7,32.416666666666664,6,3,0,6,2,0,3.6527777777777777,1.0,0.75,0.8571428571428571,0.5475285171102662,14.0,7.5,3,3,0,"[14.0, 4.0, 8.0, 46.0, 5.0, 7.0]",
CGMacros-030,T2D,mask,persTMA,native,299.6351770013325,7,41.75,6,3,0,6,7,0,3.6527777777777777,1.0,0.46153846153846156,0.631578947368421,1.9163498098859315,11.666666666666666,5.0,3,3,0,"[10.0, 0.0, 5.0, 45.0, 5.0, 5.0]",20.0
CGMacros-030,T2D,mask_nocarve,persTMA,C05,299.6351770013325,7,32.416666666666664,6,3,0,6,2,0,3.6527777777777777,1.0,0.75,0.8571428571428571,0.5475285171102662,14.0,7.5,3,3,0,"[14.0, 4.0, 8.0, 46.0, 5.0, 7.0]",
CGMacros-030,T2D,mask_nocarve,persTMA,C05-15,299.6351770013325,7,32.416666666666664,6,3,0,6,2,0,3.6527777777777777,1.0,0.75,0.8571428571428571,0.5475285171102662,14.0,7.5,3,3,0,"[14.0, 4.0, 8.0, 46.0, 5.0, 7.0]",
CGMacros-030,T2D,mask_nocarve,persTMA,native,299.6351770013325,7,41.75,6,3,0,6,7,0,3.6527777777777777,1.0,0.46153846153846156,0.631578947368421,1.9163498098859315,11.666666666666666,5.0,3,3,0,"[10.0, 0.0, 5.0, 45.0, 5.0, 5.0]",20.0
CGMacros-030,T2D,mask_retuned,persTMA,C05,299.6351770013325,7,32.416666666666664,6,3,0,6,2,0,3.6527777777777777,1.0,0.75,0.8571428571428571,0.5475285171102662,14.0,7.5,3,3,0,"[14.0, 4.0, 8.0, 46.0, 5.0, 7.0]",
CGMacros-030,T2D,mask_retuned,persTMA,C05-15,299.6351770013325,7,32.416666666666664,6,3,0,6,2,0,3.6527777777777777,1.0,0.75,0.8571428571428571,0.5475285171102662,14.0,7.5,3,3,0,"[14.0, 4.0, 8.0, 46.0, 5.0, 7.0]",
CGMacros-030,T2D,mask_retuned,persTMA,native,299.6351770013325,7,41.75,6,3,0,6,7,0,3.6527777777777777,1.0,0.46153846153846156,0.631578947368421,1.9163498098859315,11.666666666666666,5.0,3,3,0,"[10.0, 0.0, 5.0, 45.0, 5.0, 5.0]",20.0
CGMacros-030,T2D,window,popTMA,C05,4569.41274621023,29,34.75,5,2,0,2,5,3,3.6527777777777777,0.4,0.2857142857142857,0.3333333333333333,1.3688212927756653,47.0,47.0,2,0,0,"[59.0, 35.0]",
CGMacros-030,T2D,window,popTMA,C05-15,4569.41274621023,29,34.75,5,2,0,2,5,3,3.6527777777777777,0.4,0.2857142857142857,0.3333333333333333,1.3688212927756653,47.0,47.0,2,0,0,"[59.0, 35.0]",
CGMacros-030,T2D,window,popTMA,native,4569.41274621023,29,44.083333333333336,5,2,0,3,2,2,3.6527777777777777,0.6,0.6,0.6,0.5475285171102662,-6.666666666666667,-25.0,2,1,0,"[-30.0, -25.0, 35.0]",45.0
CGMacros-030,T2D,mask,popTMA,C05,4569.41274621023,29,32.416666666666664,5,2,0,2,4,3,3.6527777777777777,0.4,0.3333333333333333,0.36363636363636365,1.0950570342205324,47.0,47.0,2,0,0,"[59.0, 35.0]",
CGMacros-030,T2D,mask,popTMA,C05-15,4569.41274621023,29,32.416666666666664,5,2,0,2,4,3,3.6527777777777777,0.4,0.3333333333333333,0.36363636363636365,1.0950570342205324,47.0,47.0,2,0,0,"[59.0, 35.0]",
CGMacros-030,T2D,mask,popTMA,native,4569.41274621023,29,41.75,5,2,0,3,2,2,3.6527777777777777,0.6,0.6,0.6,0.5475285171102662,-6.666666666666667,-25.0,2,1,0,"[-30.0, -25.0, 35.0]",45.0
CGMacros-030,T2D,mask_nocarve,popTMA,C05,4569.41274621023,29,32.416666666666664,5,2,0,2,4,3,3.6527777777777777,0.4,0.3333333333333333,0.36363636363636365,1.0950570342205324,47.0,47.0,2,0,0,"[59.0, 35.0]",
CGMacros-030,T2D,mask_nocarve,popTMA,C05-15,4569.41274621023,29,32.416666666666664,5,2,0,2,4,3,3.6527777777777777,0.4,0.3333333333333333,0.36363636363636365,1.0950570342205324,47.0,47.0,2,0,0,"[59.0, 35.0]",
CGMacros-030,T2D,mask_nocarve,popTMA,native,4569.41274621023,29,41.75,5,2,0,3,2,2,3.6527777777777777,0.6,0.6,0.6,0.5475285171102662,-6.666666666666667,-25.0,2,1,0,"[-30.0, -25.0, 35.0]",45.0
CGMacros-030,T2D,mask_retuned,popTMA,C05,3894.0679343543707,29,32.416666666666664,5,2,0,2,4,3,3.6527777777777777,0.4,0.3333333333333333,0.36363636363636365,1.0950570342205324,47.0,47.0,2,0,0,"[59.0, 35.0]",
CGMacros-030,T2D,mask_retuned,popTMA,C05-15,3894.0679343543707,29,32.416666666666664,5,2,0,2,4,3,3.6527777777777777,0.4,0.3333333333333333,0.36363636363636365,1.0950570342205324,47.0,47.0,2,0,0,"[59.0, 35.0]",
CGMacros-030,T2D,mask_retuned,popTMA,native,3894.0679343543707,29,41.75,5,2,0,3,2,2,3.6527777777777777,0.6,0.6,0.6,0.5475285171102662,-6.666666666666667,-25.0,2,1,0,"[-30.0, -25.0, 35.0]",45.0
CGMacros-031,healthy,window,persTMA,C05,916.6876276432899,10,32.416666666666664,7,3,0,3,3,3,3.2743055555555554,0.5,0.5,0.5,0.9162248144220573,31.0,39.0,1,2,0,"[39.0, 10.0, 44.0]",
CGMacros-031,healthy,window,persTMA,C05-15,916.6876276432899,10,32.416666666666664,7,3,0,4,2,2,3.2743055555555554,0.6666666666666666,0.6666666666666666,0.6666666666666666,0.6108165429480382,22.5,24.5,2,2,0,"[-3.0, 39.0, 10.0, 44.0]",
CGMacros-031,healthy,window,persTMA,native,916.6876276432899,10,41.75,7,3,0,4,2,3,3.2743055555555554,0.5714285714285714,0.6666666666666666,0.6153846153846154,0.6108165429480382,20.0,22.5,2,2,0,"[-5.0, 35.0, 10.0, 40.0]",47.5
CGMacros-031,healthy,mask,persTMA,C05,916.6876276432899,10,22.666666666666668,7,3,0,3,1,3,3.2743055555555554,0.5,0.75,0.6,0.3054082714740191,31.0,39.0,1,2,0,"[39.0, 10.0, 44.0]",
CGMacros-031,healthy,mask,persTMA,C05-15,916.6876276432899,10,22.666666666666668,7,3,0,4,0,2,3.2743055555555554,0.6666666666666666,1.0,0.8,0.0,22.5,24.5,2,2,0,"[-3.0, 39.0, 10.0, 44.0]",
CGMacros-031,healthy,mask,persTMA,native,916.6876276432899,10,32.0,7,3,0,4,0,3,3.2743055555555554,0.5714285714285714,1.0,0.7272727272727273,0.0,20.0,22.5,2,2,0,"[-5.0, 35.0, 10.0, 40.0]",47.5
CGMacros-031,healthy,mask_nocarve,persTMA,C05,916.6876276432899,10,22.666666666666668,7,3,0,3,1,3,3.2743055555555554,0.5,0.75,0.6,0.3054082714740191,31.0,39.0,1,2,0,"[39.0, 10.0, 44.0]",
CGMacros-031,healthy,mask_nocarve,persTMA,C05-15,916.6876276432899,10,22.666666666666668,7,3,0,4,0,2,3.2743055555555554,0.6666666666666666,1.0,0.8,0.0,22.5,24.5,2,2,0,"[-3.0, 39.0, 10.0, 44.0]",
CGMacros-031,healthy,mask_nocarve,persTMA,native,916.6876276432899,10,32.0,7,3,0,4,0,3,3.2743055555555554,0.5714285714285714,1.0,0.7272727272727273,0.0,20.0,22.5,2,2,0,"[-5.0, 35.0, 10.0, 40.0]",47.5
CGMacros-031,healthy,mask_retuned,persTMA,C05,567.3943793666404,10,22.666666666666668,7,3,0,6,2,0,3.2743055555555554,1.0,0.75,0.8571428571428571,0.6108165429480382,37.166666666666664,39.0,3,3,0,"[52.0, 39.0, 39.0, 39.0, 10.0, 44.0]",
CGMacros-031,healthy,mask_retuned,persTMA,C05-15,567.3943793666404,10,22.666666666666668,7,3,0,6,1,0,3.2743055555555554,1.0,0.8571428571428571,0.9230769230769231,0.3054082714740191,28.0,39.0,3,3,0,"[-3.0, 39.0, 39.0, 39.0, 10.0, 44.0]",
CGMacros-031,healthy,mask_retuned,persTMA,native,567.3943793666404,10,32.0,7,3,0,7,2,0,3.2743055555555554,1.0,0.7777777777777778,0.875,0.6108165429480382,12.142857142857142,10.0,4,3,0,"[-5.0, -25.0, 35.0, 35.0, 10.0, 40.0, -5.0]",35.0
CGMacros-031,healthy,window,popTMA,C05,3941.1405060308753,29,32.416666666666664,7,3,0,3,2,3,3.2743055555555554,0.5,0.6,0.5454545454545454,0.6108165429480382,17.333333333333332,19.0,1,2,0,"[19.0, 19.0, 14.0]",
CGMacros-031,healthy,window,popTMA,C05-15,3941.1405060308753,29,32.416666666666664,7,3,0,3,2,3,3.2743055555555554,0.5,0.6,0.5454545454545454,0.6108165429480382,17.333333333333332,19.0,1,2,0,"[19.0, 19.0, 14.0]",
CGMacros-031,healthy,window,popTMA,native,3941.1405060308753,29,41.75,7,3,0,3,2,4,3.2743055555555554,0.42857142857142855,0.6,0.5,0.6108165429480382,13.333333333333334,15.0,1,2,0,"[15.0, 15.0, 10.0]",85.0
CGMacros-031,healthy,mask,popTMA,C05,3941.1405060308753,29,22.666666666666668,7,3,0,3,0,3,3.2743055555555554,0.5,1.0,0.6666666666666666,0.0,17.333333333333332,19.0,1,2,0,"[19.0, 19.0, 14.0]",
CGMacros-031,healthy,mask,popTMA,C05-15,3941.1405060308753,29,22.666666666666668,7,3,0,3,0,3,3.2743055555555554,0.5,1.0,0.6666666666666666,0.0,17.333333333333332,19.0,1,2,0,"[19.0, 19.0, 14.0]",
CGMacros-031,healthy,mask,popTMA,native,3941.1405060308753,29,32.0,7,3,0,3,0,4,3.2743055555555554,0.42857142857142855,1.0,0.6,0.0,13.333333333333334,15.0,1,2,0,"[15.0, 15.0, 10.0]",85.0
CGMacros-031,healthy,mask_nocarve,popTMA,C05,3941.1405060308753,29,22.666666666666668,7,3,0,3,0,3,3.2743055555555554,0.5,1.0,0.6666666666666666,0.0,17.333333333333332,19.0,1,2,0,"[19.0, 19.0, 14.0]",
CGMacros-031,healthy,mask_nocarve,popTMA,C05-15,3941.1405060308753,29,22.666666666666668,7,3,0,3,0,3,3.2743055555555554,0.5,1.0,0.6666666666666666,0.0,17.333333333333332,19.0,1,2,0,"[19.0, 19.0, 14.0]",
CGMacros-031,healthy,mask_nocarve,popTMA,native,3941.1405060308753,29,32.0,7,3,0,3,0,4,3.2743055555555554,0.42857142857142855,1.0,0.6,0.0,13.333333333333334,15.0,1,2,0,"[15.0, 15.0, 10.0]",85.0
CGMacros-031,healthy,mask_retuned,popTMA,C05,3941.1405060308753,29,22.666666666666668,7,3,0,3,0,3,3.2743055555555554,0.5,1.0,0.6666666666666666,0.0,17.333333333333332,19.0,1,2,0,"[19.0, 19.0, 14.0]",
CGMacros-031,healthy,mask_retuned,popTMA,C05-15,3941.1405060308753,29,22.666666666666668,7,3,0,3,0,3,3.2743055555555554,0.5,1.0,0.6666666666666666,0.0,17.333333333333332,19.0,1,2,0,"[19.0, 19.0, 14.0]",
CGMacros-031,healthy,mask_retuned,popTMA,native,3941.1405060308753,29,32.0,7,3,0,3,0,4,3.2743055555555554,0.42857142857142855,1.0,0.6,0.0,13.333333333333334,15.0,1,2,0,"[15.0, 15.0, 10.0]",85.0
CGMacros-032,healthy,window,persTMA,C05,677.1761195588085,8,33.5,6,3,0,2,4,1,3.4652777777777777,0.6666666666666666,0.3333333333333333,0.4444444444444444,1.154308617234469,33.0,33.0,0,2,0,"[37.0, 29.0]",
CGMacros-032,healthy,window,persTMA,C05-15,677.1761195588085,8,33.5,6,3,0,2,4,1,3.4652777777777777,0.6666666666666666,0.3333333333333333,0.4444444444444444,1.154308617234469,33.0,33.0,0,2,0,"[37.0, 29.0]",
CGMacros-032,healthy,window,persTMA,native,677.1761195588085,8,42.5,6,3,0,4,4,2,3.4652777777777777,0.6666666666666666,0.5,0.5714285714285714,1.154308617234469,20.0,30.0,2,2,0,"[45.0, -25.0, 35.0, 25.0]",50.0
CGMacros-032,healthy,mask,persTMA,C05,677.1761195588085,8,33.5,6,3,0,2,4,1,3.4652777777777777,0.6666666666666666,0.3333333333333333,0.4444444444444444,1.154308617234469,33.0,33.0,0,2,0,"[37.0, 29.0]",
CGMacros-032,healthy,mask,persTMA,C05-15,677.1761195588085,8,33.5,6,3,0,2,4,1,3.4652777777777777,0.6666666666666666,0.3333333333333333,0.4444444444444444,1.154308617234469,33.0,33.0,0,2,0,"[37.0, 29.0]",
CGMacros-032,healthy,mask,persTMA,native,677.1761195588085,8,42.5,6,3,0,4,4,2,3.4652777777777777,0.6666666666666666,0.5,0.5714285714285714,1.154308617234469,20.0,30.0,2,2,0,"[45.0, -25.0, 35.0, 25.0]",50.0
CGMacros-032,healthy,mask_nocarve,persTMA,C05,677.1761195588085,8,33.5,6,3,0,2,4,1,3.4652777777777777,0.6666666666666666,0.3333333333333333,0.4444444444444444,1.154308617234469,33.0,33.0,0,2,0,"[37.0, 29.0]",
CGMacros-032,healthy,mask_nocarve,persTMA,C05-15,677.1761195588085,8,33.5,6,3,0,2,4,1,3.4652777777777777,0.6666666666666666,0.3333333333333333,0.4444444444444444,1.154308617234469,33.0,33.0,0,2,0,"[37.0, 29.0]",
CGMacros-032,healthy,mask_nocarve,persTMA,native,677.1761195588085,8,42.5,6,3,0,4,4,2,3.4652777777777777,0.6666666666666666,0.5,0.5714285714285714,1.154308617234469,20.0,30.0,2,2,0,"[45.0, -25.0, 35.0, 25.0]",50.0
CGMacros-032,healthy,mask_retuned,persTMA,C05,677.1761195588085,8,33.5,6,3,0,2,4,1,3.4652777777777777,0.6666666666666666,0.3333333333333333,0.4444444444444444,1.154308617234469,33.0,33.0,0,2,0,"[37.0, 29.0]",
CGMacros-032,healthy,mask_retuned,persTMA,C05-15,677.1761195588085,8,33.5,6,3,0,2,4,1,3.4652777777777777,0.6666666666666666,0.3333333333333333,0.4444444444444444,1.154308617234469,33.0,33.0,0,2,0,"[37.0, 29.0]",
CGMacros-032,healthy,mask_retuned,persTMA,native,677.1761195588085,8,42.5,6,3,0,4,4,2,3.4652777777777777,0.6666666666666666,0.5,0.5714285714285714,1.154308617234469,20.0,30.0,2,2,0,"[45.0, -25.0, 35.0, 25.0]",50.0
CGMacros-032,healthy,window,popTMA,C05,3971.218177402472,29,33.5,6,3,0,1,8,2,3.4652777777777777,0.3333333333333333,0.1111111111111111,0.16666666666666666,2.308617234468938,107.0,107.0,0,1,0,[107.0],
CGMacros-032,healthy,window,popTMA,C05-15,3971.218177402472,29,33.5,6,3,0,2,7,1,3.4652777777777777,0.6666666666666666,0.2222222222222222,0.3333333333333333,2.020040080160321,-2.0,-2.0,0,2,0,"[-3.0, -1.0]",
CGMacros-032,healthy,window,popTMA,native,3971.218177402472,29,42.5,6,3,0,6,8,0,3.4652777777777777,1.0,0.42857142857142855,0.6,2.308617234468938,-11.666666666666666,-10.0,3,3,0,"[-10.0, -5.0, -10.0, -25.0, -15.0, -5.0]",60.0
CGMacros-032,healthy,mask,popTMA,C05,3971.218177402472,29,33.5,6,3,0,1,8,2,3.4652777777777777,0.3333333333333333,0.1111111111111111,0.16666666666666666,2.308617234468938,107.0,107.0,0,1,0,[107.0],
CGMacros-032,healthy,mask,popTMA,C05-15,3971.218177402472,29,33.5,6,3,0,2,7,1,3.4652777777777777,0.6666666666666666,0.2222222222222222,0.3333333333333333,2.020040080160321,-2.0,-2.0,0,2,0,"[-3.0, -1.0]",
CGMacros-032,healthy,mask,popTMA,native,3971.218177402472,29,42.5,6,3,0,6,8,0,3.4652777777777777,1.0,0.42857142857142855,0.6,2.308617234468938,-11.666666666666666,-10.0,3,3,0,"[-10.0, -5.0, -10.0, -25.0, -15.0, -5.0]",60.0
CGMacros-032,healthy,mask_nocarve,popTMA,C05,3971.218177402472,29,33.5,6,3,0,1,8,2,3.4652777777777777,0.3333333333333333,0.1111111111111111,0.16666666666666666,2.308617234468938,107.0,107.0,0,1,0,[107.0],
CGMacros-032,healthy,mask_nocarve,popTMA,C05-15,3971.218177402472,29,33.5,6,3,0,2,7,1,3.4652777777777777,0.6666666666666666,0.2222222222222222,0.3333333333333333,2.020040080160321,-2.0,-2.0,0,2,0,"[-3.0, -1.0]",
CGMacros-032,healthy,mask_nocarve,popTMA,native,3971.218177402472,29,42.5,6,3,0,6,8,0,3.4652777777777777,1.0,0.42857142857142855,0.6,2.308617234468938,-11.666666666666666,-10.0,3,3,0,"[-10.0, -5.0, -10.0, -25.0, -15.0, -5.0]",60.0
CGMacros-032,healthy,mask_retuned,popTMA,C05,3971.218177402472,29,33.5,6,3,0,1,8,2,3.4652777777777777,0.3333333333333333,0.1111111111111111,0.16666666666666666,2.308617234468938,107.0,107.0,0,1,0,[107.0],
CGMacros-032,healthy,mask_retuned,popTMA,C05-15,3971.218177402472,29,33.5,6,3,0,2,7,1,3.4652777777777777,0.6666666666666666,0.2222222222222222,0.3333333333333333,2.020040080160321,-2.0,-2.0,0,2,0,"[-3.0, -1.0]",
CGMacros-032,healthy,mask_retuned,popTMA,native,3971.218177402472,29,42.5,6,3,0,6,8,0,3.4652777777777777,1.0,0.42857142857142855,0.6,2.308617234468938,-11.666666666666666,-10.0,3,3,0,"[-10.0, -5.0, -10.0, -25.0, -15.0, -5.0]",60.0
CGMacros-033,healthy,window,persTMA,C05,5637.112765826849,17,39.0,8,4,0,2,8,6,3.8472222222222223,0.25,0.2,0.2222222222222222,2.07942238267148,79.0,79.0,2,0,0,"[104.0, 54.0]",
CGMacros-033,healthy,window,persTMA,C05-15,5637.112765826849,17,39.0,8,4,0,4,5,4,3.8472222222222223,0.5,0.4444444444444444,0.47058823529411764,1.2996389891696751,11.75,-2.0,3,1,0,"[-1.0, 54.0, -3.0, -3.0]",
CGMacros-033,healthy,window,persTMA,native,5637.112765826849,17,48.333333333333336,8,4,0,4,6,4,3.8472222222222223,0.5,0.4,0.4444444444444444,1.55956678700361,8.75,-5.0,3,1,0,"[-5.0, 50.0, -5.0, -5.0]",35.0
CGMacros-033,healthy,mask,persTMA,C05,5637.112765826849,17,37.25,8,4,0,2,7,6,3.8472222222222223,0.25,0.2222222222222222,0.23529411764705882,1.819494584837545,79.0,79.0,2,0,0,"[104.0, 54.0]",
CGMacros-033,healthy,mask,persTMA,C05-15,5637.112765826849,17,37.25,8,4,0,4,4,4,3.8472222222222223,0.5,0.5,0.5,1.03971119133574,11.75,-2.0,3,1,0,"[-1.0, 54.0, -3.0, -3.0]",
CGMacros-033,healthy,mask,persTMA,native,5637.112765826849,17,46.583333333333336,8,4,0,4,4,4,3.8472222222222223,0.5,0.5,0.5,1.03971119133574,8.75,-5.0,3,1,0,"[-5.0, 50.0, -5.0, -5.0]",35.0
CGMacros-033,healthy,mask_nocarve,persTMA,C05,5637.112765826849,17,37.25,8,4,0,2,7,6,3.8472222222222223,0.25,0.2222222222222222,0.23529411764705882,1.819494584837545,79.0,79.0,2,0,0,"[104.0, 54.0]",
CGMacros-033,healthy,mask_nocarve,persTMA,C05-15,5637.112765826849,17,37.25,8,4,0,4,4,4,3.8472222222222223,0.5,0.5,0.5,1.03971119133574,11.75,-2.0,3,1,0,"[-1.0, 54.0, -3.0, -3.0]",
CGMacros-033,healthy,mask_nocarve,persTMA,native,5637.112765826849,17,46.583333333333336,8,4,0,4,4,4,3.8472222222222223,0.5,0.5,0.5,1.03971119133574,8.75,-5.0,3,1,0,"[-5.0, 50.0, -5.0, -5.0]",35.0
CGMacros-033,healthy,mask_retuned,persTMA,C05,5173.478539864849,17,37.25,8,4,0,2,10,6,3.8472222222222223,0.25,0.16666666666666666,0.2,2.5992779783393503,79.0,79.0,2,0,0,"[104.0, 54.0]",
CGMacros-033,healthy,mask_retuned,persTMA,C05-15,5173.478539864849,17,37.25,8,4,0,4,6,4,3.8472222222222223,0.5,0.4,0.4444444444444444,1.55956678700361,-3.25,-3.0,3,1,0,"[-1.0, -6.0, -3.0, -3.0]",
CGMacros-033,healthy,mask_retuned,persTMA,native,5173.478539864849,17,46.583333333333336,8,4,0,5,6,3,3.8472222222222223,0.625,0.45454545454545453,0.5263157894736842,1.55956678700361,-16.0,-5.0,3,2,0,"[-5.0, -55.0, -10.0, -5.0, -5.0]",35.0
CGMacros-033,healthy,window,popTMA,C05,4170.122026281602,29,39.0,8,4,0,1,13,7,3.8472222222222223,0.125,0.07142857142857142,0.09090909090909091,3.3790613718411553,4.0,4.0,1,0,0,[4.0],
CGMacros-033,healthy,window,popTMA,C05-15,4170.122026281602,29,39.0,8,4,0,2,12,6,3.8472222222222223,0.25,0.14285714285714285,0.18181818181818182,3.11913357400722,-2.0,-2.0,1,1,0,"[4.0, -8.0]",
CGMacros-033,healthy,window,popTMA,native,4170.122026281602,29,48.333333333333336,8,4,0,6,8,2,3.8472222222222223,0.75,0.42857142857142855,0.5454545454545454,2.07942238267148,-37.5,-20.0,3,3,0,"[-20.0, -85.0, 0.0, -80.0, -20.0, -20.0]",50.0
CGMacros-033,healthy,mask,popTMA,C05,4170.122026281602,29,37.25,8,4,0,1,12,7,3.8472222222222223,0.125,0.07692307692307693,0.09523809523809523,3.11913357400722,4.0,4.0,1,0,0,[4.0],
CGMacros-033,healthy,mask,popTMA,C05-15,4170.122026281602,29,37.25,8,4,0,2,11,6,3.8472222222222223,0.25,0.15384615384615385,0.19047619047619047,2.859205776173285,-2.0,-2.0,1,1,0,"[4.0, -8.0]",
CGMacros-033,healthy,mask,popTMA,native,4170.122026281602,29,46.583333333333336,8,4,0,6,7,2,3.8472222222222223,0.75,0.46153846153846156,0.5714285714285714,1.819494584837545,-37.5,-20.0,3,3,0,"[-20.0, -85.0, 0.0, -80.0, -20.0, -20.0]",50.0
CGMacros-033,healthy,mask_nocarve,popTMA,C05,4170.122026281602,29,37.25,8,4,0,1,12,7,3.8472222222222223,0.125,0.07692307692307693,0.09523809523809523,3.11913357400722,4.0,4.0,1,0,0,[4.0],
CGMacros-033,healthy,mask_nocarve,popTMA,C05-15,4170.122026281602,29,37.25,8,4,0,2,11,6,3.8472222222222223,0.25,0.15384615384615385,0.19047619047619047,2.859205776173285,-2.0,-2.0,1,1,0,"[4.0, -8.0]",
CGMacros-033,healthy,mask_nocarve,popTMA,native,4170.122026281602,29,46.583333333333336,8,4,0,6,7,2,3.8472222222222223,0.75,0.46153846153846156,0.5714285714285714,1.819494584837545,-37.5,-20.0,3,3,0,"[-20.0, -85.0, 0.0, -80.0, -20.0, -20.0]",50.0
CGMacros-033,healthy,mask_retuned,popTMA,C05,4170.122026281602,29,37.25,8,4,0,1,12,7,3.8472222222222223,0.125,0.07692307692307693,0.09523809523809523,3.11913357400722,4.0,4.0,1,0,0,[4.0],
CGMacros-033,healthy,mask_retuned,popTMA,C05-15,4170.122026281602,29,37.25,8,4,0,2,11,6,3.8472222222222223,0.25,0.15384615384615385,0.19047619047619047,2.859205776173285,-2.0,-2.0,1,1,0,"[4.0, -8.0]",
CGMacros-033,healthy,mask_retuned,popTMA,native,4170.122026281602,29,46.583333333333336,8,4,0,6,7,2,3.8472222222222223,0.75,0.46153846153846156,0.5714285714285714,1.819494584837545,-37.5,-20.0,3,3,0,"[-20.0, -85.0, 0.0, -80.0, -20.0, -20.0]",50.0
CGMacros-034,healthy,window,persTMA,C05,717.9831018488451,13,43.583333333333336,8,4,2,3,2,4,4.284722222222222,0.42857142857142855,0.6,0.5,0.46677471636953,24.333333333333332,24.0,2,1,0,"[23.0, 26.0, 24.0]",
CGMacros-034,healthy,window,persTMA,C05-15,717.9831018488451,13,43.583333333333336,8,4,2,3,2,4,4.284722222222222,0.42857142857142855,0.6,0.5,0.46677471636953,24.333333333333332,24.0,2,1,0,"[23.0, 26.0, 24.0]",
CGMacros-034,healthy,window,persTMA,native,717.9831018488451,13,54.833333333333336,8,4,2,4,2,4,4.284722222222222,0.5,0.6666666666666666,0.5714285714285714,0.46677471636953,28.75,22.5,3,1,0,"[50.0, 20.0, 25.0, 20.0]",52.5
CGMacros-034,healthy,mask,persTMA,C05,717.9831018488451,13,36.083333333333336,8,4,2,3,2,4,4.284722222222222,0.42857142857142855,0.6,0.5,0.46677471636953,24.333333333333332,24.0,2,1,0,"[23.0, 26.0, 24.0]",
CGMacros-034,healthy,mask,persTMA,C05-15,717.9831018488451,13,36.083333333333336,8,4,2,3,2,4,4.284722222222222,0.42857142857142855,0.6,0.5,0.46677471636953,24.333333333333332,24.0,2,1,0,"[23.0, 26.0, 24.0]",
CGMacros-034,healthy,mask,persTMA,native,717.9831018488451,13,47.333333333333336,8,4,2,4,2,4,4.284722222222222,0.5,0.6666666666666666,0.5714285714285714,0.46677471636953,28.75,22.5,3,1,0,"[50.0, 20.0, 25.0, 20.0]",52.5
CGMacros-034,healthy,mask_nocarve,persTMA,C05,717.9831018488451,13,33.583333333333336,8,4,2,3,2,4,4.284722222222222,0.42857142857142855,0.6,0.5,0.46677471636953,24.333333333333332,24.0,2,1,0,"[23.0, 26.0, 24.0]",
CGMacros-034,healthy,mask_nocarve,persTMA,C05-15,717.9831018488451,13,33.583333333333336,8,4,2,3,2,4,4.284722222222222,0.42857142857142855,0.6,0.5,0.46677471636953,24.333333333333332,24.0,2,1,0,"[23.0, 26.0, 24.0]",
CGMacros-034,healthy,mask_nocarve,persTMA,native,717.9831018488451,13,44.833333333333336,8,4,2,4,2,4,4.284722222222222,0.5,0.6666666666666666,0.5714285714285714,0.46677471636953,28.75,22.5,3,1,0,"[50.0, 20.0, 25.0, 20.0]",52.5
CGMacros-034,healthy,mask_retuned,persTMA,C05,717.9831018488451,13,36.083333333333336,8,4,2,3,2,4,4.284722222222222,0.42857142857142855,0.6,0.5,0.46677471636953,24.333333333333332,24.0,2,1,0,"[23.0, 26.0, 24.0]",
CGMacros-034,healthy,mask_retuned,persTMA,C05-15,717.9831018488451,13,36.083333333333336,8,4,2,3,2,4,4.284722222222222,0.42857142857142855,0.6,0.5,0.46677471636953,24.333333333333332,24.0,2,1,0,"[23.0, 26.0, 24.0]",
CGMacros-034,healthy,mask_retuned,persTMA,native,717.9831018488451,13,47.333333333333336,8,4,2,4,2,4,4.284722222222222,0.5,0.6666666666666666,0.5714285714285714,0.46677471636953,28.75,22.5,3,1,0,"[50.0, 20.0, 25.0, 20.0]",52.5
CGMacros-034,healthy,window,popTMA,C05,4701.303729036648,29,43.583333333333336,8,4,2,0,3,7,4.284722222222222,0.0,0.0,0.0,0.7001620745542949,,,0,0,0,[],
CGMacros-034,healthy,window,popTMA,C05-15,4701.303729036648,29,43.583333333333336,8,4,2,0,3,7,4.284722222222222,0.0,0.0,0.0,0.7001620745542949,,,0,0,0,[],
CGMacros-034,healthy,window,popTMA,native,4701.303729036648,29,54.833333333333336,8,4,2,2,2,6,4.284722222222222,0.25,0.5,0.3333333333333333,0.46677471636953,-35.0,-35.0,0,2,1,"[-50.0, -20.0]",35.0
CGMacros-034,healthy,mask,popTMA,C05,4701.303729036648,29,36.083333333333336,8,4,2,0,2,7,4.284722222222222,0.0,0.0,0.0,0.46677471636953,,,0,0,0,[],
CGMacros-034,healthy,mask,popTMA,C05-15,4701.303729036648,29,36.083333333333336,8,4,2,0,2,7,4.284722222222222,0.0,0.0,0.0,0.46677471636953,,,0,0,0,[],
CGMacros-034,healthy,mask,popTMA,native,4701.303729036648,29,47.333333333333336,8,4,2,2,2,6,4.284722222222222,0.25,0.5,0.3333333333333333,0.46677471636953,-35.0,-35.0,0,2,1,"[-50.0, -20.0]",35.0
CGMacros-034,healthy,mask_nocarve,popTMA,C05,4701.303729036648,29,33.583333333333336,8,4,2,0,2,7,4.284722222222222,0.0,0.0,0.0,0.46677471636953,,,0,0,0,[],
CGMacros-034,healthy,mask_nocarve,popTMA,C05-15,4701.303729036648,29,33.583333333333336,8,4,2,0,2,7,4.284722222222222,0.0,0.0,0.0,0.46677471636953,,,0,0,0,[],
CGMacros-034,healthy,mask_nocarve,popTMA,native,4701.303729036648,29,44.833333333333336,8,4,2,1,2,7,4.284722222222222,0.125,0.3333333333333333,0.18181818181818182,0.46677471636953,-20.0,-20.0,0,1,0,[-20.0],50.0
CGMacros-034,healthy,mask_retuned,popTMA,C05,3997.585589851791,29,36.083333333333336,8,4,2,0,2,7,4.284722222222222,0.0,0.0,0.0,0.46677471636953,,,0,0,0,[],
CGMacros-034,healthy,mask_retuned,popTMA,C05-15,3997.585589851791,29,36.083333333333336,8,4,2,0,2,7,4.284722222222222,0.0,0.0,0.0,0.46677471636953,,,0,0,0,[],
CGMacros-034,healthy,mask_retuned,popTMA,native,3997.585589851791,29,47.333333333333336,8,4,2,3,2,5,4.284722222222222,0.375,0.6,0.46153846153846156,0.46677471636953,-20.0,-20.0,1,2,1,"[10.0, -50.0, -20.0]",50.0
CGMacros-035,T2D,window,persTMA,C05,-2783.7761442712717,10,40.416666666666664,7,4,0,4,22,0,3.920138888888889,1.0,0.15384615384615385,0.26666666666666666,5.612046058458813,56.25,50.0,0,4,0,"[59.0, 22.0, 41.0, 103.0]",
CGMacros-035,T2D,window,persTMA,C05-15,-2783.7761442712717,10,40.416666666666664,7,4,0,4,22,0,3.920138888888889,1.0,0.15384615384615385,0.26666666666666666,5.612046058458813,56.25,50.0,0,4,0,"[59.0, 22.0, 41.0, 103.0]",
CGMacros-035,T2D,window,persTMA,native,-2783.7761442712717,10,49.416666666666664,7,4,0,7,33,0,3.920138888888889,1.0,0.175,0.2978723404255319,8.41806908768822,-21.428571428571427,-25.0,3,4,0,"[-25.0, -30.0, 20.0, -20.0, -35.0, -40.0, -20.0]",0.0
CGMacros-035,T2D,mask,persTMA,C05,-2783.7761442712717,10,40.416666666666664,7,4,0,4,22,0,3.920138888888889,1.0,0.15384615384615385,0.26666666666666666,5.612046058458813,56.25,50.0,0,4,0,"[59.0, 22.0, 41.0, 103.0]",
CGMacros-035,T2D,mask,persTMA,C05-15,-2783.7761442712717,10,40.416666666666664,7,4,0,4,22,0,3.920138888888889,1.0,0.15384615384615385,0.26666666666666666,5.612046058458813,56.25,50.0,0,4,0,"[59.0, 22.0, 41.0, 103.0]",
CGMacros-035,T2D,mask,persTMA,native,-2783.7761442712717,10,49.416666666666664,7,4,0,7,33,0,3.920138888888889,1.0,0.175,0.2978723404255319,8.41806908768822,-21.428571428571427,-25.0,3,4,0,"[-25.0, -30.0, 20.0, -20.0, -35.0, -40.0, -20.0]",0.0
CGMacros-035,T2D,mask_nocarve,persTMA,C05,-2783.7761442712717,10,40.416666666666664,7,4,0,4,22,0,3.920138888888889,1.0,0.15384615384615385,0.26666666666666666,5.612046058458813,56.25,50.0,0,4,0,"[59.0, 22.0, 41.0, 103.0]",
CGMacros-035,T2D,mask_nocarve,persTMA,C05-15,-2783.7761442712717,10,40.416666666666664,7,4,0,4,22,0,3.920138888888889,1.0,0.15384615384615385,0.26666666666666666,5.612046058458813,56.25,50.0,0,4,0,"[59.0, 22.0, 41.0, 103.0]",
CGMacros-035,T2D,mask_nocarve,persTMA,native,-2783.7761442712717,10,49.416666666666664,7,4,0,7,33,0,3.920138888888889,1.0,0.175,0.2978723404255319,8.41806908768822,-21.428571428571427,-25.0,3,4,0,"[-25.0, -30.0, 20.0, -20.0, -35.0, -40.0, -20.0]",0.0
CGMacros-035,T2D,mask_retuned,persTMA,C05,-2783.7761442712717,10,40.416666666666664,7,4,0,4,22,0,3.920138888888889,1.0,0.15384615384615385,0.26666666666666666,5.612046058458813,56.25,50.0,0,4,0,"[59.0, 22.0, 41.0, 103.0]",
CGMacros-035,T2D,mask_retuned,persTMA,C05-15,-2783.7761442712717,10,40.416666666666664,7,4,0,4,22,0,3.920138888888889,1.0,0.15384615384615385,0.26666666666666666,5.612046058458813,56.25,50.0,0,4,0,"[59.0, 22.0, 41.0, 103.0]",
CGMacros-035,T2D,mask_retuned,persTMA,native,-2783.7761442712717,10,49.416666666666664,7,4,0,7,33,0,3.920138888888889,1.0,0.175,0.2978723404255319,8.41806908768822,-21.428571428571427,-25.0,3,4,0,"[-25.0, -30.0, 20.0, -20.0, -35.0, -40.0, -20.0]",0.0
CGMacros-035,T2D,window,popTMA,C05,4187.528157916458,29,40.416666666666664,7,4,0,3,6,1,3.920138888888889,0.75,0.3333333333333333,0.46153846153846156,1.5305580159433128,28.0,23.0,0,3,0,"[14.0, 47.0, 23.0]",
CGMacros-035,T2D,window,popTMA,C05-15,4187.528157916458,29,40.416666666666664,7,4,0,3,6,1,3.920138888888889,0.75,0.3333333333333333,0.46153846153846156,1.5305580159433128,28.0,23.0,0,3,0,"[14.0, 47.0, 23.0]",
CGMacros-035,T2D,window,popTMA,native,4187.528157916458,29,49.416666666666664,7,4,0,7,3,0,3.920138888888889,1.0,0.7,0.8235294117647058,0.7652790079716564,9.285714285714286,10.0,3,4,0,"[10.0, -5.0, 45.0, 15.0, -20.0, 0.0, 20.0]",80.0
CGMacros-035,T2D,mask,popTMA,C05,4187.528157916458,29,40.416666666666664,7,4,0,3,6,1,3.920138888888889,0.75,0.3333333333333333,0.46153846153846156,1.5305580159433128,28.0,23.0,0,3,0,"[14.0, 47.0, 23.0]",
CGMacros-035,T2D,mask,popTMA,C05-15,4187.528157916458,29,40.416666666666664,7,4,0,3,6,1,3.920138888888889,0.75,0.3333333333333333,0.46153846153846156,1.5305580159433128,28.0,23.0,0,3,0,"[14.0, 47.0, 23.0]",
CGMacros-035,T2D,mask,popTMA,native,4187.528157916458,29,49.416666666666664,7,4,0,7,3,0,3.920138888888889,1.0,0.7,0.8235294117647058,0.7652790079716564,9.285714285714286,10.0,3,4,0,"[10.0, -5.0, 45.0, 15.0, -20.0, 0.0, 20.0]",80.0
CGMacros-035,T2D,mask_nocarve,popTMA,C05,4187.528157916458,29,40.416666666666664,7,4,0,3,6,1,3.920138888888889,0.75,0.3333333333333333,0.46153846153846156,1.5305580159433128,28.0,23.0,0,3,0,"[14.0, 47.0, 23.0]",
CGMacros-035,T2D,mask_nocarve,popTMA,C05-15,4187.528157916458,29,40.416666666666664,7,4,0,3,6,1,3.920138888888889,0.75,0.3333333333333333,0.46153846153846156,1.5305580159433128,28.0,23.0,0,3,0,"[14.0, 47.0, 23.0]",
CGMacros-035,T2D,mask_nocarve,popTMA,native,4187.528157916458,29,49.416666666666664,7,4,0,7,3,0,3.920138888888889,1.0,0.7,0.8235294117647058,0.7652790079716564,9.285714285714286,10.0,3,4,0,"[10.0, -5.0, 45.0, 15.0, -20.0, 0.0, 20.0]",80.0
CGMacros-035,T2D,mask_retuned,popTMA,C05,4187.528157916458,29,40.416666666666664,7,4,0,3,6,1,3.920138888888889,0.75,0.3333333333333333,0.46153846153846156,1.5305580159433128,28.0,23.0,0,3,0,"[14.0, 47.0, 23.0]",
CGMacros-035,T2D,mask_retuned,popTMA,C05-15,4187.528157916458,29,40.416666666666664,7,4,0,3,6,1,3.920138888888889,0.75,0.3333333333333333,0.46153846153846156,1.5305580159433128,28.0,23.0,0,3,0,"[14.0, 47.0, 23.0]",
CGMacros-035,T2D,mask_retuned,popTMA,native,4187.528157916458,29,49.416666666666664,7,4,0,7,3,0,3.920138888888889,1.0,0.7,0.8235294117647058,0.7652790079716564,9.285714285714286,10.0,3,4,0,"[10.0, -5.0, 45.0, 15.0, -20.0, 0.0, 20.0]",80.0
CGMacros-036,T2D,window,persTMA,C05,9077.81407970131,16,40.916666666666664,8,4,0,1,0,7,3.954861111111111,0.125,1.0,0.2222222222222222,0.0,39.0,39.0,1,0,0,[39.0],
CGMacros-036,T2D,window,persTMA,C05-15,9077.81407970131,16,40.916666666666664,8,4,0,1,0,7,3.954861111111111,0.125,1.0,0.2222222222222222,0.0,39.0,39.0,1,0,0,[39.0],
CGMacros-036,T2D,window,persTMA,native,9077.81407970131,16,50.25,8,4,0,1,0,7,3.954861111111111,0.125,1.0,0.2222222222222222,0.0,35.0,35.0,1,0,0,[35.0],75.0
CGMacros-036,T2D,mask,persTMA,C05,9077.81407970131,16,35.75,8,4,0,1,0,7,3.954861111111111,0.125,1.0,0.2222222222222222,0.0,39.0,39.0,1,0,0,[39.0],
CGMacros-036,T2D,mask,persTMA,C05-15,9077.81407970131,16,35.75,8,4,0,1,0,7,3.954861111111111,0.125,1.0,0.2222222222222222,0.0,39.0,39.0,1,0,0,[39.0],
CGMacros-036,T2D,mask,persTMA,native,9077.81407970131,16,45.083333333333336,8,4,0,1,0,7,3.954861111111111,0.125,1.0,0.2222222222222222,0.0,35.0,35.0,1,0,0,[35.0],75.0
CGMacros-036,T2D,mask_nocarve,persTMA,C05,9077.81407970131,16,35.75,8,4,0,1,0,7,3.954861111111111,0.125,1.0,0.2222222222222222,0.0,39.0,39.0,1,0,0,[39.0],
CGMacros-036,T2D,mask_nocarve,persTMA,C05-15,9077.81407970131,16,35.75,8,4,0,1,0,7,3.954861111111111,0.125,1.0,0.2222222222222222,0.0,39.0,39.0,1,0,0,[39.0],
CGMacros-036,T2D,mask_nocarve,persTMA,native,9077.81407970131,16,45.083333333333336,8,4,0,1,0,7,3.954861111111111,0.125,1.0,0.2222222222222222,0.0,35.0,35.0,1,0,0,[35.0],75.0
CGMacros-036,T2D,mask_retuned,persTMA,C05,3871.764393058702,16,35.75,8,4,0,5,2,3,3.954861111111111,0.625,0.7142857142857143,0.6666666666666666,0.5057067603160668,40.4,35.0,3,2,0,"[35.0, 39.0, 72.0, 29.0, 27.0]",
CGMacros-036,T2D,mask_retuned,persTMA,C05-15,3871.764393058702,16,35.75,8,4,0,5,2,3,3.954861111111111,0.625,0.7142857142857143,0.6666666666666666,0.5057067603160668,40.4,35.0,3,2,0,"[35.0, 39.0, 72.0, 29.0, 27.0]",
CGMacros-036,T2D,mask_retuned,persTMA,native,3871.764393058702,16,45.083333333333336,8,4,0,6,4,2,3.954861111111111,0.75,0.6,0.6666666666666666,1.0114135206321335,24.166666666666668,30.0,3,3,0,"[35.0, 35.0, 70.0, -45.0, 25.0, 25.0]",70.0
CGMacros-036,T2D,window,popTMA,C05,4156.084839633775,29,40.916666666666664,8,4,0,4,6,4,3.954861111111111,0.5,0.4,0.4444444444444444,1.5171202809482,68.5,72.0,2,2,0,"[114.0, 47.0, 16.0, 97.0]",
CGMacros-036,T2D,window,popTMA,C05-15,4156.084839633775,29,40.916666666666664,8,4,0,5,3,3,3.954861111111111,0.625,0.625,0.625,0.7585601404741,8.6,-1.0,3,2,0,"[-1.0, 47.0, 16.0, -11.0, -8.0]",
CGMacros-036,T2D,window,popTMA,native,4156.084839633775,29,50.25,8,4,0,5,3,3,3.954861111111111,0.625,0.625,0.625,0.7585601404741,-8.0,-10.0,3,2,0,"[-5.0, -25.0, 15.0, -15.0, -10.0]",60.0
CGMacros-036,T2D,mask,popTMA,C05,4156.084839633775,29,35.75,8,4,0,4,4,4,3.954861111111111,0.5,0.5,0.5,1.0114135206321335,68.5,72.0,2,2,0,"[114.0, 47.0, 16.0, 97.0]",
CGMacros-036,T2D,mask,popTMA,C05-15,4156.084839633775,29,35.75,8,4,0,5,1,3,3.954861111111111,0.625,0.8333333333333334,0.7142857142857143,0.2528533801580334,8.6,-1.0,3,2,0,"[-1.0, 47.0, 16.0, -11.0, -8.0]",
CGMacros-036,T2D,mask,popTMA,native,4156.084839633775,29,45.083333333333336,8,4,0,5,3,3,3.954861111111111,0.625,0.625,0.625,0.7585601404741,-8.0,-10.0,3,2,0,"[-5.0, -25.0, 15.0, -15.0, -10.0]",60.0
CGMacros-036,T2D,mask_nocarve,popTMA,C05,4156.084839633775,29,35.75,8,4,0,4,4,4,3.954861111111111,0.5,0.5,0.5,1.0114135206321335,68.5,72.0,2,2,0,"[114.0, 47.0, 16.0, 97.0]",
CGMacros-036,T2D,mask_nocarve,popTMA,C05-15,4156.084839633775,29,35.75,8,4,0,5,1,3,3.954861111111111,0.625,0.8333333333333334,0.7142857142857143,0.2528533801580334,8.6,-1.0,3,2,0,"[-1.0, 47.0, 16.0, -11.0, -8.0]",
CGMacros-036,T2D,mask_nocarve,popTMA,native,4156.084839633775,29,45.083333333333336,8,4,0,5,3,3,3.954861111111111,0.625,0.625,0.625,0.7585601404741,-8.0,-10.0,3,2,0,"[-5.0, -25.0, 15.0, -15.0, -10.0]",60.0
CGMacros-036,T2D,mask_retuned,popTMA,C05,3810.559595544779,29,35.75,8,4,0,4,4,4,3.954861111111111,0.5,0.5,0.5,1.0114135206321335,68.5,72.0,2,2,0,"[114.0, 47.0, 16.0, 97.0]",
CGMacros-036,T2D,mask_retuned,popTMA,C05-15,3810.559595544779,29,35.75,8,4,0,5,1,3,3.954861111111111,0.625,0.8333333333333334,0.7142857142857143,0.2528533801580334,8.6,-1.0,3,2,0,"[-1.0, 47.0, 16.0, -11.0, -8.0]",
CGMacros-036,T2D,mask_retuned,popTMA,native,3810.559595544779,29,45.083333333333336,8,4,0,5,3,3,3.954861111111111,0.625,0.625,0.625,0.7585601404741,-8.0,-10.0,3,2,0,"[-5.0, -25.0, 15.0, -15.0, -10.0]",60.0
CGMacros-038,T2D,window,persTMA,C05,3082.923304703909,23,34.333333333333336,7,3,1,5,4,1,3.6805555555555554,0.8333333333333334,0.5555555555555556,0.6666666666666666,1.0867924528301887,37.4,22.0,3,2,1,"[21.0, 101.0, 7.0, 22.0, 36.0]",
CGMacros-038,T2D,window,persTMA,C05-15,3082.923304703909,23,34.333333333333336,7,3,1,5,4,1,3.6805555555555554,0.8333333333333334,0.5555555555555556,0.6666666666666666,1.0867924528301887,37.4,22.0,3,2,1,"[21.0, 101.0, 7.0, 22.0, 36.0]",
CGMacros-038,T2D,window,persTMA,native,3082.923304703909,23,43.666666666666664,7,3,1,5,5,2,3.6805555555555554,0.7142857142857143,0.5,0.5882352941176471,1.358490566037736,22.0,20.0,4,1,1,"[20.0, 5.0, 20.0, 35.0, 30.0]",75.0
CGMacros-038,T2D,mask,persTMA,C05,3082.923304703909,23,21.666666666666668,7,3,1,5,0,1,3.6805555555555554,0.8333333333333334,1.0,0.9090909090909091,0.0,37.4,22.0,3,2,1,"[21.0, 101.0, 7.0, 22.0, 36.0]",
CGMacros-038,T2D,mask,persTMA,C05-15,3082.923304703909,23,21.666666666666668,7,3,1,5,0,1,3.6805555555555554,0.8333333333333334,1.0,0.9090909090909091,0.0,37.4,22.0,3,2,1,"[21.0, 101.0, 7.0, 22.0, 36.0]",
CGMacros-038,T2D,mask,persTMA,native,3082.923304703909,23,31.0,7,3,1,5,2,2,3.6805555555555554,0.7142857142857143,0.7142857142857143,0.7142857142857143,0.5433962264150943,22.0,20.0,4,1,1,"[20.0, 5.0, 20.0, 35.0, 30.0]",75.0
CGMacros-038,T2D,mask_nocarve,persTMA,C05,3082.923304703909,23,21.333333333333332,7,3,1,5,0,1,3.6805555555555554,0.8333333333333334,1.0,0.9090909090909091,0.0,37.4,22.0,3,2,1,"[21.0, 101.0, 7.0, 22.0, 36.0]",
CGMacros-038,T2D,mask_nocarve,persTMA,C05-15,3082.923304703909,23,21.333333333333332,7,3,1,5,0,1,3.6805555555555554,0.8333333333333334,1.0,0.9090909090909091,0.0,37.4,22.0,3,2,1,"[21.0, 101.0, 7.0, 22.0, 36.0]",
CGMacros-038,T2D,mask_nocarve,persTMA,native,3082.923304703909,23,30.666666666666668,7,3,1,5,2,2,3.6805555555555554,0.7142857142857143,0.7142857142857143,0.7142857142857143,0.5433962264150943,22.0,20.0,4,1,1,"[20.0, 5.0, 20.0, 35.0, 30.0]",75.0
CGMacros-038,T2D,mask_retuned,persTMA,C05,3082.923304703909,23,21.666666666666668,7,3,1,5,0,1,3.6805555555555554,0.8333333333333334,1.0,0.9090909090909091,0.0,37.4,22.0,3,2,1,"[21.0, 101.0, 7.0, 22.0, 36.0]",
CGMacros-038,T2D,mask_retuned,persTMA,C05-15,3082.923304703909,23,21.666666666666668,7,3,1,5,0,1,3.6805555555555554,0.8333333333333334,1.0,0.9090909090909091,0.0,37.4,22.0,3,2,1,"[21.0, 101.0, 7.0, 22.0, 36.0]",
CGMacros-038,T2D,mask_retuned,persTMA,native,3082.923304703909,23,31.0,7,3,1,5,2,2,3.6805555555555554,0.7142857142857143,0.7142857142857143,0.7142857142857143,0.5433962264150943,22.0,20.0,4,1,1,"[20.0, 5.0, 20.0, 35.0, 30.0]",75.0
CGMacros-038,T2D,window,popTMA,C05,3812.2570640553495,29,34.333333333333336,7,3,1,1,8,5,3.6805555555555554,0.16666666666666666,0.1111111111111111,0.13333333333333333,2.1735849056603773,6.0,6.0,0,1,1,[6.0],
CGMacros-038,T2D,window,popTMA,C05-15,3812.2570640553495,29,34.333333333333336,7,3,1,3,6,3,3.6805555555555554,0.5,0.3333333333333333,0.4,1.630188679245283,-5.333333333333333,-9.0,2,1,1,"[-9.0, -13.0, 6.0]",
CGMacros-038,T2D,window,popTMA,native,3812.2570640553495,29,43.666666666666664,7,3,1,5,4,2,3.6805555555555554,0.7142857142857143,0.5555555555555556,0.625,1.0867924528301887,-12.0,-10.0,4,1,1,"[-10.0, -30.0, -15.0, 5.0, -10.0]",60.0
CGMacros-038,T2D,mask,popTMA,C05,3812.2570640553495,29,21.666666666666668,7,3,1,1,2,5,3.6805555555555554,0.16666666666666666,0.3333333333333333,0.2222222222222222,0.5433962264150943,6.0,6.0,0,1,1,[6.0],
CGMacros-038,T2D,mask,popTMA,C05-15,3812.2570640553495,29,21.666666666666668,7,3,1,3,0,3,3.6805555555555554,0.5,1.0,0.6666666666666666,0.0,-5.333333333333333,-9.0,2,1,1,"[-9.0, -13.0, 6.0]",
CGMacros-038,T2D,mask,popTMA,native,3812.2570640553495,29,31.0,7,3,1,5,0,2,3.6805555555555554,0.7142857142857143,1.0,0.8333333333333334,0.0,-12.0,-10.0,4,1,1,"[-10.0, -30.0, -15.0, 5.0, -10.0]",60.0
CGMacros-038,T2D,mask_nocarve,popTMA,C05,3812.2570640553495,29,21.333333333333332,7,3,1,1,2,5,3.6805555555555554,0.16666666666666666,0.3333333333333333,0.2222222222222222,0.5433962264150943,6.0,6.0,0,1,1,[6.0],
CGMacros-038,T2D,mask_nocarve,popTMA,C05-15,3812.2570640553495,29,21.333333333333332,7,3,1,3,0,3,3.6805555555555554,0.5,1.0,0.6666666666666666,0.0,-5.333333333333333,-9.0,2,1,1,"[-9.0, -13.0, 6.0]",
CGMacros-038,T2D,mask_nocarve,popTMA,native,3812.2570640553495,29,30.666666666666668,7,3,1,5,0,2,3.6805555555555554,0.7142857142857143,1.0,0.8333333333333334,0.0,-12.0,-10.0,4,1,1,"[-10.0, -30.0, -15.0, 5.0, -10.0]",60.0
CGMacros-038,T2D,mask_retuned,popTMA,C05,3812.2570640553495,29,21.666666666666668,7,3,1,1,2,5,3.6805555555555554,0.16666666666666666,0.3333333333333333,0.2222222222222222,0.5433962264150943,6.0,6.0,0,1,1,[6.0],
CGMacros-038,T2D,mask_retuned,popTMA,C05-15,3812.2570640553495,29,21.666666666666668,7,3,1,3,0,3,3.6805555555555554,0.5,1.0,0.6666666666666666,0.0,-5.333333333333333,-9.0,2,1,1,"[-9.0, -13.0, 6.0]",
CGMacros-038,T2D,mask_retuned,popTMA,native,3812.2570640553495,29,31.0,7,3,1,5,0,2,3.6805555555555554,0.7142857142857143,1.0,0.8333333333333334,0.0,-12.0,-10.0,4,1,1,"[-10.0, -30.0, -15.0, 5.0, -10.0]",60.0
CGMacros-039,T2D,window,persTMA,C05,25011.26825474325,31,47.083333333333336,8,4,0,4,2,3,4.774305555555555,0.5714285714285714,0.6666666666666666,0.6153846153846154,0.41890909090909095,17.75,17.5,3,1,0,"[5.0, 31.0, 6.0, 29.0]",
CGMacros-039,T2D,window,persTMA,C05-15,25011.26825474325,31,47.083333333333336,8,4,0,4,2,3,4.774305555555555,0.5714285714285714,0.6666666666666666,0.6153846153846154,0.41890909090909095,17.75,17.5,3,1,0,"[5.0, 31.0, 6.0, 29.0]",
CGMacros-039,T2D,window,persTMA,native,25011.26825474325,31,58.75,8,4,0,5,1,3,4.774305555555555,0.625,0.8333333333333334,0.7142857142857143,0.20945454545454548,16.0,15.0,4,1,0,"[5.0, 15.0, 30.0, 5.0, 25.0]",90.0
CGMacros-039,T2D,mask,persTMA,C05,25011.26825474325,31,37.25,8,4,0,4,1,3,4.774305555555555,0.5714285714285714,0.8,0.6666666666666666,0.20945454545454548,17.75,17.5,3,1,0,"[5.0, 31.0, 6.0, 29.0]",
CGMacros-039,T2D,mask,persTMA,C05-15,25011.26825474325,31,37.25,8,4,0,4,1,3,4.774305555555555,0.5714285714285714,0.8,0.6666666666666666,0.20945454545454548,17.75,17.5,3,1,0,"[5.0, 31.0, 6.0, 29.0]",
CGMacros-039,T2D,mask,persTMA,native,25011.26825474325,31,48.916666666666664,8,4,0,5,1,3,4.774305555555555,0.625,0.8333333333333334,0.7142857142857143,0.20945454545454548,16.0,15.0,4,1,0,"[5.0, 15.0, 30.0, 5.0, 25.0]",90.0
CGMacros-039,T2D,mask_nocarve,persTMA,C05,25011.26825474325,31,37.25,8,4,0,4,1,3,4.774305555555555,0.5714285714285714,0.8,0.6666666666666666,0.20945454545454548,17.75,17.5,3,1,0,"[5.0, 31.0, 6.0, 29.0]",
CGMacros-039,T2D,mask_nocarve,persTMA,C05-15,25011.26825474325,31,37.25,8,4,0,4,1,3,4.774305555555555,0.5714285714285714,0.8,0.6666666666666666,0.20945454545454548,17.75,17.5,3,1,0,"[5.0, 31.0, 6.0, 29.0]",
CGMacros-039,T2D,mask_nocarve,persTMA,native,25011.26825474325,31,48.916666666666664,8,4,0,5,1,3,4.774305555555555,0.625,0.8333333333333334,0.7142857142857143,0.20945454545454548,16.0,15.0,4,1,0,"[5.0, 15.0, 30.0, 5.0, 25.0]",90.0
CGMacros-039,T2D,mask_retuned,persTMA,C05,11646.383511239736,31,37.25,8,4,0,5,1,2,4.774305555555555,0.7142857142857143,0.8333333333333334,0.7692307692307693,0.20945454545454548,20.0,29.0,3,2,0,"[5.0, 29.0, 31.0, 6.0, 29.0]",
CGMacros-039,T2D,mask_retuned,persTMA,C05-15,11646.383511239736,31,37.25,8,4,0,5,1,2,4.774305555555555,0.7142857142857143,0.8333333333333334,0.7692307692307693,0.20945454545454548,20.0,29.0,3,2,0,"[5.0, 29.0, 31.0, 6.0, 29.0]",
CGMacros-039,T2D,mask_retuned,persTMA,native,11646.383511239736,31,48.916666666666664,8,4,0,6,1,2,4.774305555555555,0.75,0.8571428571428571,0.8,0.20945454545454548,17.5,20.0,4,2,0,"[5.0, 25.0, 15.0, 30.0, 5.0, 25.0]",95.0
CGMacros-039,T2D,window,popTMA,C05,3793.314521529668,29,47.083333333333336,8,4,0,3,5,4,4.774305555555555,0.42857142857142855,0.375,0.4,1.0472727272727274,11.333333333333334,11.0,1,2,0,"[14.0, 11.0, 9.0]",
CGMacros-039,T2D,window,popTMA,C05-15,3793.314521529668,29,47.083333333333336,8,4,0,5,3,2,4.774305555555555,0.7142857142857143,0.625,0.6666666666666666,0.6283636363636363,3.0,9.0,3,2,0,"[-10.0, 14.0, 11.0, -9.0, 9.0]",
CGMacros-039,T2D,window,popTMA,native,3793.314521529668,29,58.75,8,4,0,6,6,2,4.774305555555555,0.75,0.5,0.6,1.2567272727272727,-0.8333333333333334,-2.5,4,2,0,"[-10.0, 10.0, -10.0, 10.0, -10.0, 5.0]",67.5
CGMacros-039,T2D,mask,popTMA,C05,3793.314521529668,29,37.25,8,4,0,3,2,4,4.774305555555555,0.42857142857142855,0.6,0.5,0.41890909090909095,11.333333333333334,11.0,1,2,0,"[14.0, 11.0, 9.0]",
CGMacros-039,T2D,mask,popTMA,C05-15,3793.314521529668,29,37.25,8,4,0,5,0,2,4.774305555555555,0.7142857142857143,1.0,0.8333333333333334,0.0,3.0,9.0,3,2,0,"[-10.0, 14.0, 11.0, -9.0, 9.0]",
CGMacros-039,T2D,mask,popTMA,native,3793.314521529668,29,48.916666666666664,8,4,0,6,4,2,4.774305555555555,0.75,0.6,0.6666666666666666,0.8378181818181819,-0.8333333333333334,-2.5,4,2,0,"[-10.0, 10.0, -10.0, 10.0, -10.0, 5.0]",67.5
CGMacros-039,T2D,mask_nocarve,popTMA,C05,3793.314521529668,29,37.25,8,4,0,3,2,4,4.774305555555555,0.42857142857142855,0.6,0.5,0.41890909090909095,11.333333333333334,11.0,1,2,0,"[14.0, 11.0, 9.0]",
CGMacros-039,T2D,mask_nocarve,popTMA,C05-15,3793.314521529668,29,37.25,8,4,0,5,0,2,4.774305555555555,0.7142857142857143,1.0,0.8333333333333334,0.0,3.0,9.0,3,2,0,"[-10.0, 14.0, 11.0, -9.0, 9.0]",
CGMacros-039,T2D,mask_nocarve,popTMA,native,3793.314521529668,29,48.916666666666664,8,4,0,6,4,2,4.774305555555555,0.75,0.6,0.6666666666666666,0.8378181818181819,-0.8333333333333334,-2.5,4,2,0,"[-10.0, 10.0, -10.0, 10.0, -10.0, 5.0]",67.5
CGMacros-039,T2D,mask_retuned,popTMA,C05,3793.314521529668,29,37.25,8,4,0,3,2,4,4.774305555555555,0.42857142857142855,0.6,0.5,0.41890909090909095,11.333333333333334,11.0,1,2,0,"[14.0, 11.0, 9.0]",
CGMacros-039,T2D,mask_retuned,popTMA,C05-15,3793.314521529668,29,37.25,8,4,0,5,0,2,4.774305555555555,0.7142857142857143,1.0,0.8333333333333334,0.0,3.0,9.0,3,2,0,"[-10.0, 14.0, 11.0, -9.0, 9.0]",
CGMacros-039,T2D,mask_retuned,popTMA,native,3793.314521529668,29,48.916666666666664,8,4,0,6,4,2,4.774305555555555,0.75,0.6,0.6666666666666666,0.8378181818181819,-0.8333333333333334,-2.5,4,2,0,"[-10.0, 10.0, -10.0, 10.0, -10.0, 5.0]",67.5
CGMacros-041,prediabetes,window,persTMA,C05,35784.727074613955,32,42.583333333333336,8,4,0,0,6,8,4.215277777777778,0.0,0.0,0.0,1.4233937397034597,,,0,0,0,[],
CGMacros-041,prediabetes,window,persTMA,C05-15,35784.727074613955,32,42.583333333333336,8,4,0,0,6,8,4.215277777777778,0.0,0.0,0.0,1.4233937397034597,,,0,0,0,[],
CGMacros-041,prediabetes,window,persTMA,native,35784.727074613955,32,54.25,8,4,0,3,3,5,4.215277777777778,0.375,0.5,0.42857142857142855,0.7116968698517299,-35.0,-35.0,3,0,0,"[-35.0, -40.0, -30.0]",45.0
CGMacros-041,prediabetes,mask,persTMA,C05,35784.727074613955,32,29.416666666666668,8,4,0,0,3,8,4.215277777777778,0.0,0.0,0.0,0.7116968698517299,,,0,0,0,[],
CGMacros-041,prediabetes,mask,persTMA,C05-15,35784.727074613955,32,29.416666666666668,8,4,0,0,3,8,4.215277777777778,0.0,0.0,0.0,0.7116968698517299,,,0,0,0,[],
CGMacros-041,prediabetes,mask,persTMA,native,35784.727074613955,32,41.083333333333336,8,4,0,3,0,5,4.215277777777778,0.375,1.0,0.5454545454545454,0.0,-35.0,-35.0,3,0,0,"[-35.0, -40.0, -30.0]",45.0
CGMacros-041,prediabetes,mask_nocarve,persTMA,C05,35784.727074613955,32,29.416666666666668,8,4,0,0,3,8,4.215277777777778,0.0,0.0,0.0,0.7116968698517299,,,0,0,0,[],
CGMacros-041,prediabetes,mask_nocarve,persTMA,C05-15,35784.727074613955,32,29.416666666666668,8,4,0,0,3,8,4.215277777777778,0.0,0.0,0.0,0.7116968698517299,,,0,0,0,[],
CGMacros-041,prediabetes,mask_nocarve,persTMA,native,35784.727074613955,32,41.083333333333336,8,4,0,3,0,5,4.215277777777778,0.375,1.0,0.5454545454545454,0.0,-35.0,-35.0,3,0,0,"[-35.0, -40.0, -30.0]",45.0
CGMacros-041,prediabetes,mask_retuned,persTMA,C05,6056.594184357324,32,29.416666666666668,8,4,0,1,5,7,4.215277777777778,0.125,0.16666666666666666,0.14285714285714285,1.186161449752883,8.0,8.0,0,1,0,[8.0],
CGMacros-041,prediabetes,mask_retuned,persTMA,C05-15,6056.594184357324,32,29.416666666666668,8,4,0,1,5,7,4.215277777777778,0.125,0.16666666666666666,0.14285714285714285,1.186161449752883,8.0,8.0,0,1,0,[8.0],
CGMacros-041,prediabetes,mask_retuned,persTMA,native,6056.594184357324,32,41.083333333333336,8,4,0,6,1,2,4.215277777777778,0.75,0.8571428571428571,0.8,0.2372322899505766,-30.0,-37.5,4,2,0,"[-35.0, 5.0, -40.0, -30.0, -40.0, -40.0]",42.5
CGMacros-041,prediabetes,window,popTMA,C05,4633.336172171865,28,42.583333333333336,8,4,0,6,5,2,4.215277777777778,0.75,0.5454545454545454,0.631578947368421,1.186161449752883,23.833333333333332,8.5,4,2,0,"[9.0, 58.0, 4.0, 60.0, 4.0, 8.0]",
CGMacros-041,prediabetes,window,popTMA,C05-15,4633.336172171865,28,42.583333333333336,8,4,0,6,4,2,4.215277777777778,0.75,0.6,0.6666666666666666,0.9489291598023064,13.0,6.0,4,2,0,"[9.0, 58.0, 4.0, -5.0, 4.0, 8.0]",
CGMacros-041,prediabetes,window,popTMA,native,4633.336172171865,28,54.25,8,4,0,5,5,3,4.215277777777778,0.625,0.5,0.5555555555555556,1.186161449752883,1.0,0.0,4,1,0,"[5.0, 0.0, -5.0, 0.0, 5.0]",70.0
CGMacros-041,prediabetes,mask,popTMA,C05,4633.336172171865,28,29.416666666666668,8,4,0,6,1,2,4.215277777777778,0.75,0.8571428571428571,0.8,0.2372322899505766,23.833333333333332,8.5,4,2,0,"[9.0, 58.0, 4.0, 60.0, 4.0, 8.0]",
CGMacros-041,prediabetes,mask,popTMA,C05-15,4633.336172171865,28,29.416666666666668,8,4,0,6,0,2,4.215277777777778,0.75,1.0,0.8571428571428571,0.0,13.0,6.0,4,2,0,"[9.0, 58.0, 4.0, -5.0, 4.0, 8.0]",
CGMacros-041,prediabetes,mask,popTMA,native,4633.336172171865,28,41.083333333333336,8,4,0,5,2,3,4.215277777777778,0.625,0.7142857142857143,0.6666666666666666,0.4744645799011532,1.0,0.0,4,1,0,"[5.0, 0.0, -5.0, 0.0, 5.0]",70.0
CGMacros-041,prediabetes,mask_nocarve,popTMA,C05,4633.336172171865,28,29.416666666666668,8,4,0,6,1,2,4.215277777777778,0.75,0.8571428571428571,0.8,0.2372322899505766,23.833333333333332,8.5,4,2,0,"[9.0, 58.0, 4.0, 60.0, 4.0, 8.0]",
CGMacros-041,prediabetes,mask_nocarve,popTMA,C05-15,4633.336172171865,28,29.416666666666668,8,4,0,6,0,2,4.215277777777778,0.75,1.0,0.8571428571428571,0.0,13.0,6.0,4,2,0,"[9.0, 58.0, 4.0, -5.0, 4.0, 8.0]",
CGMacros-041,prediabetes,mask_nocarve,popTMA,native,4633.336172171865,28,41.083333333333336,8,4,0,5,2,3,4.215277777777778,0.625,0.7142857142857143,0.6666666666666666,0.4744645799011532,1.0,0.0,4,1,0,"[5.0, 0.0, -5.0, 0.0, 5.0]",70.0
CGMacros-041,prediabetes,mask_retuned,popTMA,C05,3424.4543511005904,28,29.416666666666668,8,4,0,7,1,1,4.215277777777778,0.875,0.875,0.875,0.2372322899505766,23.285714285714285,9.0,4,3,0,"[9.0, 58.0, 4.0, 60.0, 20.0, 4.0, 8.0]",
CGMacros-041,prediabetes,mask_retuned,popTMA,C05-15,3424.4543511005904,28,29.416666666666668,8,4,0,7,0,1,4.215277777777778,0.875,1.0,0.9333333333333333,0.0,14.0,8.0,4,3,0,"[9.0, 58.0, 4.0, -5.0, 20.0, 4.0, 8.0]",
CGMacros-041,prediabetes,mask_retuned,popTMA,native,3424.4543511005904,28,41.083333333333336,8,4,0,6,2,2,4.215277777777778,0.75,0.75,0.75,0.4744645799011532,4.166666666666667,2.5,4,2,0,"[5.0, 0.0, -5.0, 20.0, 0.0, 5.0]",72.5
CGMacros-042,T2D,window,persTMA,C05,17259.82958691279,24,44.666666666666664,6,2,0,1,2,5,4.368055555555555,0.16666666666666666,0.3333333333333333,0.2222222222222222,0.4578696343402226,35.0,35.0,1,0,0,[35.0],
CGMacros-042,T2D,window,persTMA,C05-15,17259.82958691279,24,44.666666666666664,6,2,0,1,2,5,4.368055555555555,0.16666666666666666,0.3333333333333333,0.2222222222222222,0.4578696343402226,35.0,35.0,1,0,0,[35.0],
CGMacros-042,T2D,window,persTMA,native,17259.82958691279,24,55.916666666666664,6,2,0,1,2,5,4.368055555555555,0.16666666666666666,0.3333333333333333,0.2222222222222222,0.4578696343402226,35.0,35.0,1,0,0,[35.0],95.0
CGMacros-042,T2D,mask,persTMA,C05,17259.82958691279,24,44.666666666666664,6,2,0,1,2,5,4.368055555555555,0.16666666666666666,0.3333333333333333,0.2222222222222222,0.4578696343402226,35.0,35.0,1,0,0,[35.0],
CGMacros-042,T2D,mask,persTMA,C05-15,17259.82958691279,24,44.666666666666664,6,2,0,1,2,5,4.368055555555555,0.16666666666666666,0.3333333333333333,0.2222222222222222,0.4578696343402226,35.0,35.0,1,0,0,[35.0],
CGMacros-042,T2D,mask,persTMA,native,17259.82958691279,24,55.916666666666664,6,2,0,1,2,5,4.368055555555555,0.16666666666666666,0.3333333333333333,0.2222222222222222,0.4578696343402226,35.0,35.0,1,0,0,[35.0],95.0
CGMacros-042,T2D,mask_nocarve,persTMA,C05,17259.82958691279,24,44.666666666666664,6,2,0,1,2,5,4.368055555555555,0.16666666666666666,0.3333333333333333,0.2222222222222222,0.4578696343402226,35.0,35.0,1,0,0,[35.0],
CGMacros-042,T2D,mask_nocarve,persTMA,C05-15,17259.82958691279,24,44.666666666666664,6,2,0,1,2,5,4.368055555555555,0.16666666666666666,0.3333333333333333,0.2222222222222222,0.4578696343402226,35.0,35.0,1,0,0,[35.0],
CGMacros-042,T2D,mask_nocarve,persTMA,native,17259.82958691279,24,55.916666666666664,6,2,0,1,2,5,4.368055555555555,0.16666666666666666,0.3333333333333333,0.2222222222222222,0.4578696343402226,35.0,35.0,1,0,0,[35.0],95.0
CGMacros-042,T2D,mask_retuned,persTMA,C05,17259.82958691279,24,44.666666666666664,6,2,0,1,2,5,4.368055555555555,0.16666666666666666,0.3333333333333333,0.2222222222222222,0.4578696343402226,35.0,35.0,1,0,0,[35.0],
CGMacros-042,T2D,mask_retuned,persTMA,C05-15,17259.82958691279,24,44.666666666666664,6,2,0,1,2,5,4.368055555555555,0.16666666666666666,0.3333333333333333,0.2222222222222222,0.4578696343402226,35.0,35.0,1,0,0,[35.0],
CGMacros-042,T2D,mask_retuned,persTMA,native,17259.82958691279,24,55.916666666666664,6,2,0,1,2,5,4.368055555555555,0.16666666666666666,0.3333333333333333,0.2222222222222222,0.4578696343402226,35.0,35.0,1,0,0,[35.0],95.0
CGMacros-042,T2D,window,popTMA,C05,3396.439442413506,28,44.666666666666664,6,2,0,4,9,2,4.368055555555555,0.6666666666666666,0.3076923076923077,0.42105263157894735,2.0604133545310015,79.0,87.5,3,1,0,"[90.0, 50.0, 91.0, 85.0]",
CGMacros-042,T2D,window,popTMA,C05-15,3396.439442413506,28,44.666666666666664,6,2,0,4,8,2,4.368055555555555,0.6666666666666666,0.3333333333333333,0.4444444444444444,1.8314785373608904,55.25,70.0,3,1,0,"[90.0, 50.0, 91.0, -10.0]",
CGMacros-042,T2D,window,popTMA,native,3396.439442413506,28,55.916666666666664,6,2,0,3,9,3,4.368055555555555,0.5,0.25,0.3333333333333333,2.0604133545310015,6.666666666666667,-10.0,3,0,0,"[50.0, -10.0, -20.0]",60.0
CGMacros-042,T2D,mask,popTMA,C05,3396.439442413506,28,44.666666666666664,6,2,0,4,9,2,4.368055555555555,0.6666666666666666,0.3076923076923077,0.42105263157894735,2.0604133545310015,79.0,87.5,3,1,0,"[90.0, 50.0, 91.0, 85.0]",
CGMacros-042,T2D,mask,popTMA,C05-15,3396.439442413506,28,44.666666666666664,6,2,0,4,8,2,4.368055555555555,0.6666666666666666,0.3333333333333333,0.4444444444444444,1.8314785373608904,55.25,70.0,3,1,0,"[90.0, 50.0, 91.0, -10.0]",
CGMacros-042,T2D,mask,popTMA,native,3396.439442413506,28,55.916666666666664,6,2,0,3,9,3,4.368055555555555,0.5,0.25,0.3333333333333333,2.0604133545310015,6.666666666666667,-10.0,3,0,0,"[50.0, -10.0, -20.0]",60.0
CGMacros-042,T2D,mask_nocarve,popTMA,C05,3396.439442413506,28,44.666666666666664,6,2,0,4,9,2,4.368055555555555,0.6666666666666666,0.3076923076923077,0.42105263157894735,2.0604133545310015,79.0,87.5,3,1,0,"[90.0, 50.0, 91.0, 85.0]",
CGMacros-042,T2D,mask_nocarve,popTMA,C05-15,3396.439442413506,28,44.666666666666664,6,2,0,4,8,2,4.368055555555555,0.6666666666666666,0.3333333333333333,0.4444444444444444,1.8314785373608904,55.25,70.0,3,1,0,"[90.0, 50.0, 91.0, -10.0]",
CGMacros-042,T2D,mask_nocarve,popTMA,native,3396.439442413506,28,55.916666666666664,6,2,0,3,9,3,4.368055555555555,0.5,0.25,0.3333333333333333,2.0604133545310015,6.666666666666667,-10.0,3,0,0,"[50.0, -10.0, -20.0]",60.0
CGMacros-042,T2D,mask_retuned,popTMA,C05,3101.1565988052535,28,44.666666666666664,6,2,0,4,10,2,4.368055555555555,0.6666666666666666,0.2857142857142857,0.4,2.289348171701113,79.0,87.5,3,1,0,"[90.0, 50.0, 91.0, 85.0]",
CGMacros-042,T2D,mask_retuned,popTMA,C05-15,3101.1565988052535,28,44.666666666666664,6,2,0,4,9,2,4.368055555555555,0.6666666666666666,0.3076923076923077,0.42105263157894735,2.0604133545310015,55.25,70.0,3,1,0,"[90.0, 50.0, 91.0, -10.0]",
CGMacros-042,T2D,mask_retuned,popTMA,native,3101.1565988052535,28,55.916666666666664,6,2,0,3,10,3,4.368055555555555,0.5,0.23076923076923078,0.3157894736842105,2.289348171701113,6.666666666666667,-10.0,3,0,0,"[50.0, -10.0, -20.0]",60.0
CGMacros-043,prediabetes,window,persTMA,C05,2392.263823597128,26,35.916666666666664,5,2,0,1,7,4,3.732638888888889,0.2,0.125,0.15384615384615385,1.8753488372093023,16.0,16.0,0,1,0,[16.0],
CGMacros-043,prediabetes,window,persTMA,C05-15,2392.263823597128,26,35.916666666666664,5,2,0,3,5,2,3.732638888888889,0.6,0.375,0.46153846153846156,1.3395348837209302,2.6666666666666665,-1.0,1,2,0,"[16.0, -7.0, -1.0]",
CGMacros-043,prediabetes,window,persTMA,native,2392.263823597128,26,44.916666666666664,5,2,0,3,2,2,3.732638888888889,0.6,0.6,0.6,0.5358139534883721,0.0,-5.0,1,2,0,"[15.0, -10.0, -5.0]",60.0
CGMacros-043,prediabetes,mask,persTMA,C05,2392.263823597128,26,30.333333333333332,5,2,0,1,4,4,3.732638888888889,0.2,0.2,0.2,1.0716279069767443,16.0,16.0,0,1,0,[16.0],
CGMacros-043,prediabetes,mask,persTMA,C05-15,2392.263823597128,26,30.333333333333332,5,2,0,3,2,2,3.732638888888889,0.6,0.6,0.6,0.5358139534883721,2.6666666666666665,-1.0,1,2,0,"[16.0, -7.0, -1.0]",
CGMacros-043,prediabetes,mask,persTMA,native,2392.263823597128,26,39.333333333333336,5,2,0,3,2,2,3.732638888888889,0.6,0.6,0.6,0.5358139534883721,0.0,-5.0,1,2,0,"[15.0, -10.0, -5.0]",60.0
CGMacros-043,prediabetes,mask_nocarve,persTMA,C05,2392.263823597128,26,30.333333333333332,5,2,0,1,4,4,3.732638888888889,0.2,0.2,0.2,1.0716279069767443,16.0,16.0,0,1,0,[16.0],
CGMacros-043,prediabetes,mask_nocarve,persTMA,C05-15,2392.263823597128,26,30.333333333333332,5,2,0,3,2,2,3.732638888888889,0.6,0.6,0.6,0.5358139534883721,2.6666666666666665,-1.0,1,2,0,"[16.0, -7.0, -1.0]",
CGMacros-043,prediabetes,mask_nocarve,persTMA,native,2392.263823597128,26,39.333333333333336,5,2,0,3,2,2,3.732638888888889,0.6,0.6,0.6,0.5358139534883721,0.0,-5.0,1,2,0,"[15.0, -10.0, -5.0]",60.0
CGMacros-043,prediabetes,mask_retuned,persTMA,C05,2392.263823597128,26,30.333333333333332,5,2,0,1,4,4,3.732638888888889,0.2,0.2,0.2,1.0716279069767443,16.0,16.0,0,1,0,[16.0],
CGMacros-043,prediabetes,mask_retuned,persTMA,C05-15,2392.263823597128,26,30.333333333333332,5,2,0,3,2,2,3.732638888888889,0.6,0.6,0.6,0.5358139534883721,2.6666666666666665,-1.0,1,2,0,"[16.0, -7.0, -1.0]",
CGMacros-043,prediabetes,mask_retuned,persTMA,native,2392.263823597128,26,39.333333333333336,5,2,0,3,2,2,3.732638888888889,0.6,0.6,0.6,0.5358139534883721,0.0,-5.0,1,2,0,"[15.0, -10.0, -5.0]",60.0
CGMacros-043,prediabetes,window,popTMA,C05,4608.097024653343,28,35.916666666666664,5,2,0,1,5,4,3.732638888888889,0.2,0.16666666666666666,0.18181818181818182,1.3395348837209302,6.0,6.0,0,1,0,[6.0],
CGMacros-043,prediabetes,window,popTMA,C05-15,4608.097024653343,28,35.916666666666664,5,2,0,3,3,2,3.732638888888889,0.6,0.5,0.5454545454545454,0.8037209302325582,-4.0,-6.0,1,2,0,"[6.0, -12.0, -6.0]",
CGMacros-043,prediabetes,window,popTMA,native,4608.097024653343,28,44.916666666666664,5,2,0,3,1,2,3.732638888888889,0.6,0.75,0.6666666666666666,0.26790697674418606,-6.666666666666667,-10.0,1,2,0,"[5.0, -15.0, -10.0]",60.0
CGMacros-043,prediabetes,mask,popTMA,C05,4608.097024653343,28,30.333333333333332,5,2,0,1,3,4,3.732638888888889,0.2,0.25,0.2222222222222222,0.8037209302325582,6.0,6.0,0,1,0,[6.0],
CGMacros-043,prediabetes,mask,popTMA,C05-15,4608.097024653343,28,30.333333333333332,5,2,0,3,1,2,3.732638888888889,0.6,0.75,0.6666666666666666,0.26790697674418606,-4.0,-6.0,1,2,0,"[6.0, -12.0, -6.0]",
CGMacros-043,prediabetes,mask,popTMA,native,4608.097024653343,28,39.333333333333336,5,2,0,3,1,2,3.732638888888889,0.6,0.75,0.6666666666666666,0.26790697674418606,-6.666666666666667,-10.0,1,2,0,"[5.0, -15.0, -10.0]",60.0
CGMacros-043,prediabetes,mask_nocarve,popTMA,C05,4608.097024653343,28,30.333333333333332,5,2,0,1,3,4,3.732638888888889,0.2,0.25,0.2222222222222222,0.8037209302325582,6.0,6.0,0,1,0,[6.0],
CGMacros-043,prediabetes,mask_nocarve,popTMA,C05-15,4608.097024653343,28,30.333333333333332,5,2,0,3,1,2,3.732638888888889,0.6,0.75,0.6666666666666666,0.26790697674418606,-4.0,-6.0,1,2,0,"[6.0, -12.0, -6.0]",
CGMacros-043,prediabetes,mask_nocarve,popTMA,native,4608.097024653343,28,39.333333333333336,5,2,0,3,1,2,3.732638888888889,0.6,0.75,0.6666666666666666,0.26790697674418606,-6.666666666666667,-10.0,1,2,0,"[5.0, -15.0, -10.0]",60.0
CGMacros-043,prediabetes,mask_retuned,popTMA,C05,3122.058475658192,28,30.333333333333332,5,2,0,1,3,4,3.732638888888889,0.2,0.25,0.2222222222222222,0.8037209302325582,6.0,6.0,0,1,0,[6.0],
CGMacros-043,prediabetes,mask_retuned,popTMA,C05-15,3122.058475658192,28,30.333333333333332,5,2,0,3,1,2,3.732638888888889,0.6,0.75,0.6666666666666666,0.26790697674418606,-4.0,-6.0,1,2,0,"[6.0, -12.0, -6.0]",
CGMacros-043,prediabetes,mask_retuned,popTMA,native,3122.058475658192,28,39.333333333333336,5,2,0,3,1,2,3.732638888888889,0.6,0.75,0.6666666666666666,0.26790697674418606,-6.666666666666667,-10.0,1,2,0,"[5.0, -15.0, -10.0]",60.0
CGMacros-044,prediabetes,window,persTMA,C05,4115.166710160785,30,36.166666666666664,5,2,0,3,4,2,3.7222222222222223,0.6,0.42857142857142855,0.5,1.0746268656716418,31.0,30.0,1,2,0,"[30.0, 33.0, 30.0]",
CGMacros-044,prediabetes,window,persTMA,C05-15,4115.166710160785,30,36.166666666666664,5,2,0,4,3,1,3.7222222222222223,0.8,0.5714285714285714,0.6666666666666666,0.8059701492537313,23.0,30.0,2,2,0,"[30.0, 33.0, -1.0, 30.0]",
CGMacros-044,prediabetes,window,persTMA,native,4115.166710160785,30,45.5,5,2,0,4,0,1,3.7222222222222223,0.8,1.0,0.8888888888888888,0.0,21.25,30.0,2,2,0,"[30.0, 30.0, -5.0, 30.0]",105.0
CGMacros-044,prediabetes,mask,persTMA,C05,4115.166710160785,30,26.75,5,2,0,3,1,2,3.7222222222222223,0.6,0.75,0.6666666666666666,0.26865671641791045,31.0,30.0,1,2,0,"[30.0, 33.0, 30.0]",
CGMacros-044,prediabetes,mask,persTMA,C05-15,4115.166710160785,30,26.75,5,2,0,4,0,1,3.7222222222222223,0.8,1.0,0.8888888888888888,0.0,23.0,30.0,2,2,0,"[30.0, 33.0, -1.0, 30.0]",
CGMacros-044,prediabetes,mask,persTMA,native,4115.166710160785,30,36.083333333333336,5,2,0,4,0,1,3.7222222222222223,0.8,1.0,0.8888888888888888,0.0,21.25,30.0,2,2,0,"[30.0, 30.0, -5.0, 30.0]",105.0
CGMacros-044,prediabetes,mask_nocarve,persTMA,C05,4115.166710160785,30,26.75,5,2,0,3,1,2,3.7222222222222223,0.6,0.75,0.6666666666666666,0.26865671641791045,31.0,30.0,1,2,0,"[30.0, 33.0, 30.0]",
CGMacros-044,prediabetes,mask_nocarve,persTMA,C05-15,4115.166710160785,30,26.75,5,2,0,4,0,1,3.7222222222222223,0.8,1.0,0.8888888888888888,0.0,23.0,30.0,2,2,0,"[30.0, 33.0, -1.0, 30.0]",
CGMacros-044,prediabetes,mask_nocarve,persTMA,native,4115.166710160785,30,36.083333333333336,5,2,0,4,0,1,3.7222222222222223,0.8,1.0,0.8888888888888888,0.0,21.25,30.0,2,2,0,"[30.0, 30.0, -5.0, 30.0]",105.0
CGMacros-044,prediabetes,mask_retuned,persTMA,C05,4115.166710160785,30,26.75,5,2,0,3,1,2,3.7222222222222223,0.6,0.75,0.6666666666666666,0.26865671641791045,31.0,30.0,1,2,0,"[30.0, 33.0, 30.0]",
CGMacros-044,prediabetes,mask_retuned,persTMA,C05-15,4115.166710160785,30,26.75,5,2,0,4,0,1,3.7222222222222223,0.8,1.0,0.8888888888888888,0.0,23.0,30.0,2,2,0,"[30.0, 33.0, -1.0, 30.0]",
CGMacros-044,prediabetes,mask_retuned,persTMA,native,4115.166710160785,30,36.083333333333336,5,2,0,4,0,1,3.7222222222222223,0.8,1.0,0.8888888888888888,0.0,21.25,30.0,2,2,0,"[30.0, 30.0, -5.0, 30.0]",105.0
CGMacros-044,prediabetes,window,popTMA,C05,4208.397244969994,29,36.166666666666664,5,2,0,4,5,1,3.7222222222222223,0.8,0.4444444444444444,0.5714285714285714,1.3432835820895521,9.25,10.0,2,2,0,"[10.0, 13.0, 4.0, 10.0]",
CGMacros-044,prediabetes,window,popTMA,C05-15,4208.397244969994,29,36.166666666666664,5,2,0,4,5,1,3.7222222222222223,0.8,0.4444444444444444,0.5714285714285714,1.3432835820895521,9.25,10.0,2,2,0,"[10.0, 13.0, 4.0, 10.0]",
CGMacros-044,prediabetes,window,popTMA,native,4208.397244969994,29,45.5,5,2,0,5,1,0,3.7222222222222223,1.0,0.8333333333333334,0.9090909090909091,0.26865671641791045,1.0,10.0,3,2,0,"[10.0, 10.0, 0.0, -25.0, 10.0]",80.0
CGMacros-044,prediabetes,mask,popTMA,C05,4208.397244969994,29,26.75,5,2,0,4,1,1,3.7222222222222223,0.8,0.8,0.8,0.26865671641791045,9.25,10.0,2,2,0,"[10.0, 13.0, 4.0, 10.0]",
CGMacros-044,prediabetes,mask,popTMA,C05-15,4208.397244969994,29,26.75,5,2,0,4,1,1,3.7222222222222223,0.8,0.8,0.8,0.26865671641791045,9.25,10.0,2,2,0,"[10.0, 13.0, 4.0, 10.0]",
CGMacros-044,prediabetes,mask,popTMA,native,4208.397244969994,29,36.083333333333336,5,2,0,5,0,0,3.7222222222222223,1.0,1.0,1.0,0.0,1.0,10.0,3,2,0,"[10.0, 10.0, 0.0, -25.0, 10.0]",80.0
CGMacros-044,prediabetes,mask_nocarve,popTMA,C05,4208.397244969994,29,26.75,5,2,0,4,1,1,3.7222222222222223,0.8,0.8,0.8,0.26865671641791045,9.25,10.0,2,2,0,"[10.0, 13.0, 4.0, 10.0]",
CGMacros-044,prediabetes,mask_nocarve,popTMA,C05-15,4208.397244969994,29,26.75,5,2,0,4,1,1,3.7222222222222223,0.8,0.8,0.8,0.26865671641791045,9.25,10.0,2,2,0,"[10.0, 13.0, 4.0, 10.0]",
CGMacros-044,prediabetes,mask_nocarve,popTMA,native,4208.397244969994,29,36.083333333333336,5,2,0,5,0,0,3.7222222222222223,1.0,1.0,1.0,0.0,1.0,10.0,3,2,0,"[10.0, 10.0, 0.0, -25.0, 10.0]",80.0
CGMacros-044,prediabetes,mask_retuned,popTMA,C05,3860.978389617878,29,26.75,5,2,0,4,1,1,3.7222222222222223,0.8,0.8,0.8,0.26865671641791045,9.25,10.0,2,2,0,"[10.0, 13.0, 4.0, 10.0]",
CGMacros-044,prediabetes,mask_retuned,popTMA,C05-15,3860.978389617878,29,26.75,5,2,0,4,1,1,3.7222222222222223,0.8,0.8,0.8,0.26865671641791045,9.25,10.0,2,2,0,"[10.0, 13.0, 4.0, 10.0]",
CGMacros-044,prediabetes,mask_retuned,popTMA,native,3860.978389617878,29,36.083333333333336,5,2,0,5,0,0,3.7222222222222223,1.0,1.0,1.0,0.0,1.0,10.0,3,2,0,"[10.0, 10.0, 0.0, -25.0, 10.0]",80.0
CGMacros-045,prediabetes,window,persTMA,C05,3928.785973894999,24,35.583333333333336,5,2,0,5,4,0,3.732638888888889,1.0,0.5555555555555556,0.7142857142857143,1.0716279069767443,42.0,18.0,3,2,0,"[13.0, 115.0, 18.0, 7.0, 57.0]",
CGMacros-045,prediabetes,window,persTMA,C05-15,3928.785973894999,24,35.583333333333336,5,2,0,5,4,0,3.732638888888889,1.0,0.5555555555555556,0.7142857142857143,1.0716279069767443,42.0,18.0,3,2,0,"[13.0, 115.0, 18.0, 7.0, 57.0]",
CGMacros-045,prediabetes,window,persTMA,native,3928.785973894999,24,44.916666666666664,5,2,0,4,9,1,3.732638888888889,0.8,0.3076923076923077,0.4444444444444444,2.4111627906976745,1.25,7.5,3,1,0,"[10.0, 15.0, 5.0, -25.0]",67.5
CGMacros-045,prediabetes,mask,persTMA,C05,3928.785973894999,24,30.833333333333332,5,2,0,5,2,0,3.732638888888889,1.0,0.7142857142857143,0.8333333333333334,0.5358139534883721,42.0,18.0,3,2,0,"[13.0, 115.0, 18.0, 7.0, 57.0]",
CGMacros-045,prediabetes,mask,persTMA,C05-15,3928.785973894999,24,30.833333333333332,5,2,0,5,2,0,3.732638888888889,1.0,0.7142857142857143,0.8333333333333334,0.5358139534883721,42.0,18.0,3,2,0,"[13.0, 115.0, 18.0, 7.0, 57.0]",
CGMacros-045,prediabetes,mask,persTMA,native,3928.785973894999,24,40.166666666666664,5,2,0,4,7,1,3.732638888888889,0.8,0.36363636363636365,0.5,1.8753488372093023,1.25,7.5,3,1,0,"[10.0, 15.0, 5.0, -25.0]",67.5
CGMacros-045,prediabetes,mask_nocarve,persTMA,C05,3928.785973894999,24,30.833333333333332,5,2,0,5,2,0,3.732638888888889,1.0,0.7142857142857143,0.8333333333333334,0.5358139534883721,42.0,18.0,3,2,0,"[13.0, 115.0, 18.0, 7.0, 57.0]",
CGMacros-045,prediabetes,mask_nocarve,persTMA,C05-15,3928.785973894999,24,30.833333333333332,5,2,0,5,2,0,3.732638888888889,1.0,0.7142857142857143,0.8333333333333334,0.5358139534883721,42.0,18.0,3,2,0,"[13.0, 115.0, 18.0, 7.0, 57.0]",
CGMacros-045,prediabetes,mask_nocarve,persTMA,native,3928.785973894999,24,40.166666666666664,5,2,0,4,7,1,3.732638888888889,0.8,0.36363636363636365,0.5,1.8753488372093023,1.25,7.5,3,1,0,"[10.0, 15.0, 5.0, -25.0]",67.5
CGMacros-045,prediabetes,mask_retuned,persTMA,C05,3928.785973894999,24,30.833333333333332,5,2,0,5,2,0,3.732638888888889,1.0,0.7142857142857143,0.8333333333333334,0.5358139534883721,42.0,18.0,3,2,0,"[13.0, 115.0, 18.0, 7.0, 57.0]",
CGMacros-045,prediabetes,mask_retuned,persTMA,C05-15,3928.785973894999,24,30.833333333333332,5,2,0,5,2,0,3.732638888888889,1.0,0.7142857142857143,0.8333333333333334,0.5358139534883721,42.0,18.0,3,2,0,"[13.0, 115.0, 18.0, 7.0, 57.0]",
CGMacros-045,prediabetes,mask_retuned,persTMA,native,3928.785973894999,24,40.166666666666664,5,2,0,4,7,1,3.732638888888889,0.8,0.36363636363636365,0.5,1.8753488372093023,1.25,7.5,3,1,0,"[10.0, 15.0, 5.0, -25.0]",67.5
CGMacros-045,prediabetes,window,popTMA,C05,3747.7108897823127,29,35.583333333333336,5,2,0,2,7,3,3.732638888888889,0.4,0.2222222222222222,0.2857142857142857,1.8753488372093023,66.0,66.0,0,2,0,"[95.0, 37.0]",
CGMacros-045,prediabetes,window,popTMA,C05-15,3747.7108897823127,29,35.583333333333336,5,2,0,4,5,1,3.732638888888889,0.8,0.4444444444444444,0.5714285714285714,1.3395348837209302,28.25,15.0,2,2,0,"[-12.0, 95.0, -7.0, 37.0]",
CGMacros-045,prediabetes,window,popTMA,native,3747.7108897823127,29,44.916666666666664,5,2,0,4,5,1,3.732638888888889,0.8,0.4444444444444444,0.5714285714285714,1.3395348837209302,-21.25,-17.5,3,1,0,"[-15.0, -10.0, -20.0, -40.0]",52.5
CGMacros-045,prediabetes,mask,popTMA,C05,3747.7108897823127,29,30.833333333333332,5,2,0,2,5,3,3.732638888888889,0.4,0.2857142857142857,0.3333333333333333,1.3395348837209302,66.0,66.0,0,2,0,"[95.0, 37.0]",
CGMacros-045,prediabetes,mask,popTMA,C05-15,3747.7108897823127,29,30.833333333333332,5,2,0,4,3,1,3.732638888888889,0.8,0.5714285714285714,0.6666666666666666,0.8037209302325582,28.25,15.0,2,2,0,"[-12.0, 95.0, -7.0, 37.0]",
CGMacros-045,prediabetes,mask,popTMA,native,3747.7108897823127,29,40.166666666666664,5,2,0,4,3,1,3.732638888888889,0.8,0.5714285714285714,0.6666666666666666,0.8037209302325582,-21.25,-17.5,3,1,0,"[-15.0, -10.0, -20.0, -40.0]",52.5
CGMacros-045,prediabetes,mask_nocarve,popTMA,C05,3747.7108897823127,29,30.833333333333332,5,2,0,2,5,3,3.732638888888889,0.4,0.2857142857142857,0.3333333333333333,1.3395348837209302,66.0,66.0,0,2,0,"[95.0, 37.0]",
CGMacros-045,prediabetes,mask_nocarve,popTMA,C05-15,3747.7108897823127,29,30.833333333333332,5,2,0,4,3,1,3.732638888888889,0.8,0.5714285714285714,0.6666666666666666,0.8037209302325582,28.25,15.0,2,2,0,"[-12.0, 95.0, -7.0, 37.0]",
CGMacros-045,prediabetes,mask_nocarve,popTMA,native,3747.7108897823127,29,40.166666666666664,5,2,0,4,3,1,3.732638888888889,0.8,0.5714285714285714,0.6666666666666666,0.8037209302325582,-21.25,-17.5,3,1,0,"[-15.0, -10.0, -20.0, -40.0]",52.5
CGMacros-045,prediabetes,mask_retuned,popTMA,C05,3747.7108897823127,29,30.833333333333332,5,2,0,2,5,3,3.732638888888889,0.4,0.2857142857142857,0.3333333333333333,1.3395348837209302,66.0,66.0,0,2,0,"[95.0, 37.0]",
CGMacros-045,prediabetes,mask_retuned,popTMA,C05-15,3747.7108897823127,29,30.833333333333332,5,2,0,4,3,1,3.732638888888889,0.8,0.5714285714285714,0.6666666666666666,0.8037209302325582,28.25,15.0,2,2,0,"[-12.0, 95.0, -7.0, 37.0]",
CGMacros-045,prediabetes,mask_retuned,popTMA,native,3747.7108897823127,29,40.166666666666664,5,2,0,4,3,1,3.732638888888889,0.8,0.5714285714285714,0.6666666666666666,0.8037209302325582,-21.25,-17.5,3,1,0,"[-15.0, -10.0, -20.0, -40.0]",52.5
CGMacros-046,T2D,window,persTMA,C05,9582.700303770667,22,35.166666666666664,6,3,2,1,7,5,3.7152777777777777,0.16666666666666666,0.125,0.14285714285714285,1.8841121495327102,24.0,24.0,1,0,0,[24.0],
CGMacros-046,T2D,window,persTMA,C05-15,9582.700303770667,22,35.166666666666664,6,3,2,3,5,3,3.7152777777777777,0.5,0.375,0.42857142857142855,1.3457943925233644,3.3333333333333335,-3.0,2,1,1,"[24.0, -11.0, -3.0]",
CGMacros-046,T2D,window,persTMA,native,9582.700303770667,22,44.5,6,3,2,4,4,2,3.7152777777777777,0.6666666666666666,0.5,0.5714285714285714,1.0766355140186916,-10.0,-10.0,3,1,1,"[20.0, -15.0, -40.0, -5.0]",45.0
CGMacros-046,T2D,mask,persTMA,C05,9582.700303770667,22,26.416666666666668,6,3,2,1,5,5,3.7152777777777777,0.16666666666666666,0.16666666666666666,0.16666666666666666,1.3457943925233644,24.0,24.0,1,0,0,[24.0],
CGMacros-046,T2D,mask,persTMA,C05-15,9582.700303770667,22,26.416666666666668,6,3,2,3,3,3,3.7152777777777777,0.5,0.5,0.5,0.8074766355140187,3.3333333333333335,-3.0,2,1,1,"[24.0, -11.0, -3.0]",
CGMacros-046,T2D,mask,persTMA,native,9582.700303770667,22,35.75,6,3,2,4,2,2,3.7152777777777777,0.6666666666666666,0.6666666666666666,0.6666666666666666,0.5383177570093458,-10.0,-10.0,3,1,1,"[20.0, -15.0, -40.0, -5.0]",45.0
CGMacros-046,T2D,mask_nocarve,persTMA,C05,9582.700303770667,22,25.75,6,3,2,1,5,5,3.7152777777777777,0.16666666666666666,0.16666666666666666,0.16666666666666666,1.3457943925233644,24.0,24.0,1,0,0,[24.0],
CGMacros-046,T2D,mask_nocarve,persTMA,C05-15,9582.700303770667,22,25.75,6,3,2,3,3,3,3.7152777777777777,0.5,0.5,0.5,0.8074766355140187,3.3333333333333335,-3.0,2,1,1,"[24.0, -11.0, -3.0]",
CGMacros-046,T2D,mask_nocarve,persTMA,native,9582.700303770667,22,35.083333333333336,6,3,2,4,2,2,3.7152777777777777,0.6666666666666666,0.6666666666666666,0.6666666666666666,0.5383177570093458,-10.0,-10.0,3,1,1,"[20.0, -15.0, -40.0, -5.0]",45.0
CGMacros-046,T2D,mask_retuned,persTMA,C05,9582.700303770667,22,26.416666666666668,6,3,2,1,5,5,3.7152777777777777,0.16666666666666666,0.16666666666666666,0.16666666666666666,1.3457943925233644,24.0,24.0,1,0,0,[24.0],
CGMacros-046,T2D,mask_retuned,persTMA,C05-15,9582.700303770667,22,26.416666666666668,6,3,2,3,3,3,3.7152777777777777,0.5,0.5,0.5,0.8074766355140187,3.3333333333333335,-3.0,2,1,1,"[24.0, -11.0, -3.0]",
CGMacros-046,T2D,mask_retuned,persTMA,native,9582.700303770667,22,35.75,6,3,2,4,2,2,3.7152777777777777,0.6666666666666666,0.6666666666666666,0.6666666666666666,0.5383177570093458,-10.0,-10.0,3,1,1,"[20.0, -15.0, -40.0, -5.0]",45.0
CGMacros-046,T2D,window,popTMA,C05,4363.924463659641,28,35.166666666666664,6,3,2,2,6,4,3.7152777777777777,0.3333333333333333,0.25,0.2857142857142857,1.6149532710280374,18.0,18.0,1,1,1,"[24.0, 12.0]",
CGMacros-046,T2D,window,popTMA,C05-15,4363.924463659641,28,35.166666666666664,6,3,2,3,5,3,3.7152777777777777,0.5,0.375,0.42857142857142855,1.3457943925233644,11.666666666666666,12.0,2,1,1,"[24.0, -1.0, 12.0]",
CGMacros-046,T2D,window,popTMA,native,4363.924463659641,28,44.5,6,3,2,5,3,1,3.7152777777777777,0.8333333333333334,0.625,0.7142857142857143,0.8074766355140187,-13.0,-5.0,3,2,2,"[20.0, -5.0, -70.0, -20.0, 10.0]",65.0
CGMacros-046,T2D,mask,popTMA,C05,4363.924463659641,28,26.416666666666668,6,3,2,2,4,4,3.7152777777777777,0.3333333333333333,0.3333333333333333,0.3333333333333333,1.0766355140186916,18.0,18.0,1,1,1,"[24.0, 12.0]",
CGMacros-046,T2D,mask,popTMA,C05-15,4363.924463659641,28,26.416666666666668,6,3,2,3,3,3,3.7152777777777777,0.5,0.5,0.5,0.8074766355140187,11.666666666666666,12.0,2,1,1,"[24.0, -1.0, 12.0]",
CGMacros-046,T2D,mask,popTMA,native,4363.924463659641,28,35.75,6,3,2,5,1,1,3.7152777777777777,0.8333333333333334,0.8333333333333334,0.8333333333333334,0.2691588785046729,-13.0,-5.0,3,2,2,"[20.0, -5.0, -70.0, -20.0, 10.0]",65.0
CGMacros-046,T2D,mask_nocarve,popTMA,C05,4363.924463659641,28,25.75,6,3,2,2,4,4,3.7152777777777777,0.3333333333333333,0.3333333333333333,0.3333333333333333,1.0766355140186916,18.0,18.0,1,1,1,"[24.0, 12.0]",
CGMacros-046,T2D,mask_nocarve,popTMA,C05-15,4363.924463659641,28,25.75,6,3,2,3,3,3,3.7152777777777777,0.5,0.5,0.5,0.8074766355140187,11.666666666666666,12.0,2,1,1,"[24.0, -1.0, 12.0]",
CGMacros-046,T2D,mask_nocarve,popTMA,native,4363.924463659641,28,35.083333333333336,6,3,2,5,1,1,3.7152777777777777,0.8333333333333334,0.8333333333333334,0.8333333333333334,0.2691588785046729,-13.0,-5.0,3,2,2,"[20.0, -5.0, -70.0, -20.0, 10.0]",65.0
CGMacros-046,T2D,mask_retuned,popTMA,C05,3172.8975788563657,28,26.416666666666668,6,3,2,2,5,4,3.7152777777777777,0.3333333333333333,0.2857142857142857,0.3076923076923077,1.3457943925233644,18.0,18.0,1,1,1,"[24.0, 12.0]",
CGMacros-046,T2D,mask_retuned,popTMA,C05-15,3172.8975788563657,28,26.416666666666668,6,3,2,3,4,3,3.7152777777777777,0.5,0.42857142857142855,0.46153846153846156,1.0766355140186916,11.666666666666666,12.0,2,1,1,"[24.0, -1.0, 12.0]",
CGMacros-046,T2D,mask_retuned,popTMA,native,3172.8975788563657,28,35.75,6,3,2,6,1,0,3.7152777777777777,1.0,0.8571428571428571,0.9230769230769231,0.2691588785046729,-20.0,-12.5,3,3,2,"[20.0, -55.0, -5.0, -70.0, -20.0, 10.0]",57.5
CGMacros-047,T2D,window,persTMA,C05,4186.281472325449,20,39.75,5,3,0,4,3,1,3.861111111111111,0.8,0.5714285714285714,0.6666666666666666,0.776978417266187,65.0,65.0,2,2,0,"[36.0, 23.0, 94.0, 107.0]",
CGMacros-047,T2D,window,persTMA,C05-15,4186.281472325449,20,39.75,5,3,0,4,3,1,3.861111111111111,0.8,0.5714285714285714,0.6666666666666666,0.776978417266187,65.0,65.0,2,2,0,"[36.0, 23.0, 94.0, 107.0]",
CGMacros-047,T2D,window,persTMA,native,4186.281472325449,20,48.75,5,3,0,4,3,1,3.861111111111111,0.8,0.5714285714285714,0.6666666666666666,0.776978417266187,11.25,17.5,2,2,0,"[35.0, 20.0, -25.0, 15.0]",67.5
CGMacros-047,T2D,mask,persTMA,C05,4186.281472325449,20,31.166666666666668,5,3,0,4,2,1,3.861111111111111,0.8,0.6666666666666666,0.7272727272727273,0.5179856115107914,65.0,65.0,2,2,0,"[36.0, 23.0, 94.0, 107.0]",
CGMacros-047,T2D,mask,persTMA,C05-15,4186.281472325449,20,31.166666666666668,5,3,0,4,2,1,3.861111111111111,0.8,0.6666666666666666,0.7272727272727273,0.5179856115107914,65.0,65.0,2,2,0,"[36.0, 23.0, 94.0, 107.0]",
CGMacros-047,T2D,mask,persTMA,native,4186.281472325449,20,40.166666666666664,5,3,0,4,2,1,3.861111111111111,0.8,0.6666666666666666,0.7272727272727273,0.5179856115107914,11.25,17.5,2,2,0,"[35.0, 20.0, -25.0, 15.0]",67.5
CGMacros-047,T2D,mask_nocarve,persTMA,C05,4186.281472325449,20,31.166666666666668,5,3,0,4,2,1,3.861111111111111,0.8,0.6666666666666666,0.7272727272727273,0.5179856115107914,65.0,65.0,2,2,0,"[36.0, 23.0, 94.0, 107.0]",
CGMacros-047,T2D,mask_nocarve,persTMA,C05-15,4186.281472325449,20,31.166666666666668,5,3,0,4,2,1,3.861111111111111,0.8,0.6666666666666666,0.7272727272727273,0.5179856115107914,65.0,65.0,2,2,0,"[36.0, 23.0, 94.0, 107.0]",
CGMacros-047,T2D,mask_nocarve,persTMA,native,4186.281472325449,20,40.166666666666664,5,3,0,4,2,1,3.861111111111111,0.8,0.6666666666666666,0.7272727272727273,0.5179856115107914,11.25,17.5,2,2,0,"[35.0, 20.0, -25.0, 15.0]",67.5
CGMacros-047,T2D,mask_retuned,persTMA,C05,4186.281472325449,20,31.166666666666668,5,3,0,4,2,1,3.861111111111111,0.8,0.6666666666666666,0.7272727272727273,0.5179856115107914,65.0,65.0,2,2,0,"[36.0, 23.0, 94.0, 107.0]",
CGMacros-047,T2D,mask_retuned,persTMA,C05-15,4186.281472325449,20,31.166666666666668,5,3,0,4,2,1,3.861111111111111,0.8,0.6666666666666666,0.7272727272727273,0.5179856115107914,65.0,65.0,2,2,0,"[36.0, 23.0, 94.0, 107.0]",
CGMacros-047,T2D,mask_retuned,persTMA,native,4186.281472325449,20,40.166666666666664,5,3,0,4,2,1,3.861111111111111,0.8,0.6666666666666666,0.7272727272727273,0.5179856115107914,11.25,17.5,2,2,0,"[35.0, 20.0, -25.0, 15.0]",67.5
CGMacros-047,T2D,window,popTMA,C05,4173.999136407925,29,39.75,5,3,0,2,8,3,3.861111111111111,0.4,0.2,0.26666666666666666,2.0719424460431655,58.0,58.0,1,1,0,"[44.0, 72.0]",
CGMacros-047,T2D,window,popTMA,C05-15,4173.999136407925,29,39.75,5,3,0,2,8,3,3.861111111111111,0.4,0.2,0.26666666666666666,2.0719424460431655,58.0,58.0,1,1,0,"[44.0, 72.0]",
CGMacros-047,T2D,window,popTMA,native,4173.999136407925,29,48.75,5,3,0,3,4,2,3.861111111111111,0.6,0.42857142857142855,0.5,1.0359712230215827,0.0,-20.0,1,2,0,"[-20.0, 40.0, -20.0]",50.0
CGMacros-047,T2D,mask,popTMA,C05,4173.999136407925,29,31.166666666666668,5,3,0,2,3,3,3.861111111111111,0.4,0.4,0.4,0.776978417266187,58.0,58.0,1,1,0,"[44.0, 72.0]",
CGMacros-047,T2D,mask,popTMA,C05-15,4173.999136407925,29,31.166666666666668,5,3,0,2,3,3,3.861111111111111,0.4,0.4,0.4,0.776978417266187,58.0,58.0,1,1,0,"[44.0, 72.0]",
CGMacros-047,T2D,mask,popTMA,native,4173.999136407925,29,40.166666666666664,5,3,0,3,3,2,3.861111111111111,0.6,0.5,0.5454545454545454,0.776978417266187,0.0,-20.0,1,2,0,"[-20.0, 40.0, -20.0]",50.0
CGMacros-047,T2D,mask_nocarve,popTMA,C05,4173.999136407925,29,31.166666666666668,5,3,0,2,3,3,3.861111111111111,0.4,0.4,0.4,0.776978417266187,58.0,58.0,1,1,0,"[44.0, 72.0]",
CGMacros-047,T2D,mask_nocarve,popTMA,C05-15,4173.999136407925,29,31.166666666666668,5,3,0,2,3,3,3.861111111111111,0.4,0.4,0.4,0.776978417266187,58.0,58.0,1,1,0,"[44.0, 72.0]",
CGMacros-047,T2D,mask_nocarve,popTMA,native,4173.999136407925,29,40.166666666666664,5,3,0,3,3,2,3.861111111111111,0.6,0.5,0.5454545454545454,0.776978417266187,0.0,-20.0,1,2,0,"[-20.0, 40.0, -20.0]",50.0
CGMacros-047,T2D,mask_retuned,popTMA,C05,4173.999136407925,29,31.166666666666668,5,3,0,2,3,3,3.861111111111111,0.4,0.4,0.4,0.776978417266187,58.0,58.0,1,1,0,"[44.0, 72.0]",
CGMacros-047,T2D,mask_retuned,popTMA,C05-15,4173.999136407925,29,31.166666666666668,5,3,0,2,3,3,3.861111111111111,0.4,0.4,0.4,0.776978417266187,58.0,58.0,1,1,0,"[44.0, 72.0]",
CGMacros-047,T2D,mask_retuned,popTMA,native,4173.999136407925,29,40.166666666666664,5,3,0,3,3,2,3.861111111111111,0.6,0.5,0.5454545454545454,0.776978417266187,0.0,-20.0,1,2,0,"[-20.0, 40.0, -20.0]",50.0
CGMacros-048,healthy,window,persTMA,C05,3025.7504631565225,17,41.0,7,4,0,5,2,2,3.9583333333333335,0.7142857142857143,0.7142857142857143,0.7142857142857143,0.5052631578947369,25.4,23.0,3,2,0,"[28.0, 39.0, 23.0, 22.0, 15.0]",
CGMacros-048,healthy,window,persTMA,C05-15,3025.7504631565225,17,41.0,7,4,0,5,2,2,3.9583333333333335,0.7142857142857143,0.7142857142857143,0.7142857142857143,0.5052631578947369,25.4,23.0,3,2,0,"[28.0, 39.0, 23.0, 22.0, 15.0]",
CGMacros-048,healthy,window,persTMA,native,3025.7504631565225,17,50.0,7,4,0,5,4,2,3.9583333333333335,0.7142857142857143,0.5555555555555556,0.625,1.0105263157894737,23.0,20.0,3,2,0,"[25.0, 35.0, 20.0, 20.0, 15.0]",60.0
CGMacros-048,healthy,mask,persTMA,C05,3025.7504631565225,17,37.083333333333336,7,4,0,5,1,2,3.9583333333333335,0.7142857142857143,0.8333333333333334,0.7692307692307693,0.25263157894736843,25.4,23.0,3,2,0,"[28.0, 39.0, 23.0, 22.0, 15.0]",
CGMacros-048,healthy,mask,persTMA,C05-15,3025.7504631565225,17,37.083333333333336,7,4,0,5,1,2,3.9583333333333335,0.7142857142857143,0.8333333333333334,0.7692307692307693,0.25263157894736843,25.4,23.0,3,2,0,"[28.0, 39.0, 23.0, 22.0, 15.0]",
CGMacros-048,healthy,mask,persTMA,native,3025.7504631565225,17,46.083333333333336,7,4,0,5,3,2,3.9583333333333335,0.7142857142857143,0.625,0.6666666666666666,0.7578947368421053,23.0,20.0,3,2,0,"[25.0, 35.0, 20.0, 20.0, 15.0]",60.0
CGMacros-048,healthy,mask_nocarve,persTMA,C05,3025.7504631565225,17,37.083333333333336,7,4,0,5,1,2,3.9583333333333335,0.7142857142857143,0.8333333333333334,0.7692307692307693,0.25263157894736843,25.4,23.0,3,2,0,"[28.0, 39.0, 23.0, 22.0, 15.0]",
CGMacros-048,healthy,mask_nocarve,persTMA,C05-15,3025.7504631565225,17,37.083333333333336,7,4,0,5,1,2,3.9583333333333335,0.7142857142857143,0.8333333333333334,0.7692307692307693,0.25263157894736843,25.4,23.0,3,2,0,"[28.0, 39.0, 23.0, 22.0, 15.0]",
CGMacros-048,healthy,mask_nocarve,persTMA,native,3025.7504631565225,17,46.083333333333336,7,4,0,5,3,2,3.9583333333333335,0.7142857142857143,0.625,0.6666666666666666,0.7578947368421053,23.0,20.0,3,2,0,"[25.0, 35.0, 20.0, 20.0, 15.0]",60.0
CGMacros-048,healthy,mask_retuned,persTMA,C05,3025.7504631565225,17,37.083333333333336,7,4,0,5,1,2,3.9583333333333335,0.7142857142857143,0.8333333333333334,0.7692307692307693,0.25263157894736843,25.4,23.0,3,2,0,"[28.0, 39.0, 23.0, 22.0, 15.0]",
CGMacros-048,healthy,mask_retuned,persTMA,C05-15,3025.7504631565225,17,37.083333333333336,7,4,0,5,1,2,3.9583333333333335,0.7142857142857143,0.8333333333333334,0.7692307692307693,0.25263157894736843,25.4,23.0,3,2,0,"[28.0, 39.0, 23.0, 22.0, 15.0]",
CGMacros-048,healthy,mask_retuned,persTMA,native,3025.7504631565225,17,46.083333333333336,7,4,0,5,3,2,3.9583333333333335,0.7142857142857143,0.625,0.6666666666666666,0.7578947368421053,23.0,20.0,3,2,0,"[25.0, 35.0, 20.0, 20.0, 15.0]",60.0
CGMacros-048,healthy,window,popTMA,C05,4179.513952576737,29,41.0,7,4,0,1,8,6,3.9583333333333335,0.14285714285714285,0.1111111111111111,0.125,2.0210526315789474,0.0,0.0,0,1,0,[0.0],
CGMacros-048,healthy,window,popTMA,C05-15,4179.513952576737,29,41.0,7,4,0,4,5,3,3.9583333333333335,0.5714285714285714,0.4444444444444444,0.5,1.263157894736842,-9.0,-11.5,1,3,0,"[-12.0, -11.0, -13.0, 0.0]",
CGMacros-048,healthy,window,popTMA,native,4179.513952576737,29,50.0,7,4,0,6,2,1,3.9583333333333335,0.8571428571428571,0.75,0.8,0.5052631578947369,-15.0,-15.0,3,3,0,"[-15.0, -15.0, -20.0, -15.0, -25.0, 0.0]",55.0
CGMacros-048,healthy,mask,popTMA,C05,4179.513952576737,29,37.083333333333336,7,4,0,1,6,6,3.9583333333333335,0.14285714285714285,0.14285714285714285,0.14285714285714285,1.5157894736842106,0.0,0.0,0,1,0,[0.0],
CGMacros-048,healthy,mask,popTMA,C05-15,4179.513952576737,29,37.083333333333336,7,4,0,4,3,3,3.9583333333333335,0.5714285714285714,0.5714285714285714,0.5714285714285714,0.7578947368421053,-9.0,-11.5,1,3,0,"[-12.0, -11.0, -13.0, 0.0]",
CGMacros-048,healthy,mask,popTMA,native,4179.513952576737,29,46.083333333333336,7,4,0,6,1,1,3.9583333333333335,0.8571428571428571,0.8571428571428571,0.8571428571428571,0.25263157894736843,-15.0,-15.0,3,3,0,"[-15.0, -15.0, -20.0, -15.0, -25.0, 0.0]",55.0
CGMacros-048,healthy,mask_nocarve,popTMA,C05,4179.513952576737,29,37.083333333333336,7,4,0,1,6,6,3.9583333333333335,0.14285714285714285,0.14285714285714285,0.14285714285714285,1.5157894736842106,0.0,0.0,0,1,0,[0.0],
CGMacros-048,healthy,mask_nocarve,popTMA,C05-15,4179.513952576737,29,37.083333333333336,7,4,0,4,3,3,3.9583333333333335,0.5714285714285714,0.5714285714285714,0.5714285714285714,0.7578947368421053,-9.0,-11.5,1,3,0,"[-12.0, -11.0, -13.0, 0.0]",
CGMacros-048,healthy,mask_nocarve,popTMA,native,4179.513952576737,29,46.083333333333336,7,4,0,6,1,1,3.9583333333333335,0.8571428571428571,0.8571428571428571,0.8571428571428571,0.25263157894736843,-15.0,-15.0,3,3,0,"[-15.0, -15.0, -20.0, -15.0, -25.0, 0.0]",55.0
CGMacros-048,healthy,mask_retuned,popTMA,C05,4179.513952576737,29,37.083333333333336,7,4,0,1,6,6,3.9583333333333335,0.14285714285714285,0.14285714285714285,0.14285714285714285,1.5157894736842106,0.0,0.0,0,1,0,[0.0],
CGMacros-048,healthy,mask_retuned,popTMA,C05-15,4179.513952576737,29,37.083333333333336,7,4,0,4,3,3,3.9583333333333335,0.5714285714285714,0.5714285714285714,0.5714285714285714,0.7578947368421053,-9.0,-11.5,1,3,0,"[-12.0, -11.0, -13.0, 0.0]",
CGMacros-048,healthy,mask_retuned,popTMA,native,4179.513952576737,29,46.083333333333336,7,4,0,6,1,1,3.9583333333333335,0.8571428571428571,0.8571428571428571,0.8571428571428571,0.25263157894736843,-15.0,-15.0,3,3,0,"[-15.0, -15.0, -20.0, -15.0, -25.0, 0.0]",55.0
CGMacros-049,T2D,window,persTMA,C05,5160.102752293977,24,40.25,7,4,0,5,3,2,3.9270833333333335,0.7142857142857143,0.625,0.6666666666666666,0.7639257294429708,49.0,54.0,3,2,0,"[54.0, 72.0, 42.0, 12.0, 65.0]",
CGMacros-049,T2D,window,persTMA,C05-15,5160.102752293977,24,40.25,7,4,0,5,3,2,3.9270833333333335,0.7142857142857143,0.625,0.6666666666666666,0.7639257294429708,49.0,54.0,3,2,0,"[54.0, 72.0, 42.0, 12.0, 65.0]",
CGMacros-049,T2D,window,persTMA,native,5160.102752293977,24,49.583333333333336,7,4,0,3,5,4,3.9270833333333335,0.42857142857142855,0.375,0.4,1.273209549071618,33.333333333333336,40.0,3,0,0,"[50.0, 40.0, 10.0]",100.0
CGMacros-049,T2D,mask,persTMA,C05,5160.102752293977,24,40.25,7,4,0,5,3,2,3.9270833333333335,0.7142857142857143,0.625,0.6666666666666666,0.7639257294429708,49.0,54.0,3,2,0,"[54.0, 72.0, 42.0, 12.0, 65.0]",
CGMacros-049,T2D,mask,persTMA,C05-15,5160.102752293977,24,40.25,7,4,0,5,3,2,3.9270833333333335,0.7142857142857143,0.625,0.6666666666666666,0.7639257294429708,49.0,54.0,3,2,0,"[54.0, 72.0, 42.0, 12.0, 65.0]",
CGMacros-049,T2D,mask,persTMA,native,5160.102752293977,24,49.583333333333336,7,4,0,3,5,4,3.9270833333333335,0.42857142857142855,0.375,0.4,1.273209549071618,33.333333333333336,40.0,3,0,0,"[50.0, 40.0, 10.0]",100.0
CGMacros-049,T2D,mask_nocarve,persTMA,C05,5160.102752293977,24,40.25,7,4,0,5,3,2,3.9270833333333335,0.7142857142857143,0.625,0.6666666666666666,0.7639257294429708,49.0,54.0,3,2,0,"[54.0, 72.0, 42.0, 12.0, 65.0]",
CGMacros-049,T2D,mask_nocarve,persTMA,C05-15,5160.102752293977,24,40.25,7,4,0,5,3,2,3.9270833333333335,0.7142857142857143,0.625,0.6666666666666666,0.7639257294429708,49.0,54.0,3,2,0,"[54.0, 72.0, 42.0, 12.0, 65.0]",
CGMacros-049,T2D,mask_nocarve,persTMA,native,5160.102752293977,24,49.583333333333336,7,4,0,3,5,4,3.9270833333333335,0.42857142857142855,0.375,0.4,1.273209549071618,33.333333333333336,40.0,3,0,0,"[50.0, 40.0, 10.0]",100.0
CGMacros-049,T2D,mask_retuned,persTMA,C05,5160.102752293977,24,40.25,7,4,0,5,3,2,3.9270833333333335,0.7142857142857143,0.625,0.6666666666666666,0.7639257294429708,49.0,54.0,3,2,0,"[54.0, 72.0, 42.0, 12.0, 65.0]",
CGMacros-049,T2D,mask_retuned,persTMA,C05-15,5160.102752293977,24,40.25,7,4,0,5,3,2,3.9270833333333335,0.7142857142857143,0.625,0.6666666666666666,0.7639257294429708,49.0,54.0,3,2,0,"[54.0, 72.0, 42.0, 12.0, 65.0]",
CGMacros-049,T2D,mask_retuned,persTMA,native,5160.102752293977,24,49.583333333333336,7,4,0,3,5,4,3.9270833333333335,0.42857142857142855,0.375,0.4,1.273209549071618,33.333333333333336,40.0,3,0,0,"[50.0, 40.0, 10.0]",100.0
CGMacros-049,T2D,window,popTMA,C05,3798.5401234146266,29,40.25,7,4,0,5,3,2,3.9270833333333335,0.7142857142857143,0.625,0.6666666666666666,0.7639257294429708,16.4,16.0,1,4,0,"[7.0, 32.0, 2.0, 16.0, 25.0]",
CGMacros-049,T2D,window,popTMA,C05-15,3798.5401234146266,29,40.25,7,4,0,6,2,1,3.9270833333333335,0.8571428571428571,0.75,0.8,0.5092838196286472,13.5,11.5,2,4,0,"[7.0, -1.0, 32.0, 2.0, 16.0, 25.0]",
CGMacros-049,T2D,window,popTMA,native,3798.5401234146266,29,49.583333333333336,7,4,0,7,4,0,3.9270833333333335,1.0,0.6363636363636364,0.7777777777777778,1.0185676392572944,7.857142857142857,5.0,3,4,0,"[5.0, -5.0, 30.0, 0.0, 15.0, -15.0, 25.0]",75.0
CGMacros-049,T2D,mask,popTMA,C05,3798.5401234146266,29,40.25,7,4,0,5,3,2,3.9270833333333335,0.7142857142857143,0.625,0.6666666666666666,0.7639257294429708,16.4,16.0,1,4,0,"[7.0, 32.0, 2.0, 16.0, 25.0]",
CGMacros-049,T2D,mask,popTMA,C05-15,3798.5401234146266,29,40.25,7,4,0,6,2,1,3.9270833333333335,0.8571428571428571,0.75,0.8,0.5092838196286472,13.5,11.5,2,4,0,"[7.0, -1.0, 32.0, 2.0, 16.0, 25.0]",
CGMacros-049,T2D,mask,popTMA,native,3798.5401234146266,29,49.583333333333336,7,4,0,7,4,0,3.9270833333333335,1.0,0.6363636363636364,0.7777777777777778,1.0185676392572944,7.857142857142857,5.0,3,4,0,"[5.0, -5.0, 30.0, 0.0, 15.0, -15.0, 25.0]",75.0
CGMacros-049,T2D,mask_nocarve,popTMA,C05,3798.5401234146266,29,40.25,7,4,0,5,3,2,3.9270833333333335,0.7142857142857143,0.625,0.6666666666666666,0.7639257294429708,16.4,16.0,1,4,0,"[7.0, 32.0, 2.0, 16.0, 25.0]",
CGMacros-049,T2D,mask_nocarve,popTMA,C05-15,3798.5401234146266,29,40.25,7,4,0,6,2,1,3.9270833333333335,0.8571428571428571,0.75,0.8,0.5092838196286472,13.5,11.5,2,4,0,"[7.0, -1.0, 32.0, 2.0, 16.0, 25.0]",
CGMacros-049,T2D,mask_nocarve,popTMA,native,3798.5401234146266,29,49.583333333333336,7,4,0,7,4,0,3.9270833333333335,1.0,0.6363636363636364,0.7777777777777778,1.0185676392572944,7.857142857142857,5.0,3,4,0,"[5.0, -5.0, 30.0, 0.0, 15.0, -15.0, 25.0]",75.0
CGMacros-049,T2D,mask_retuned,popTMA,C05,3798.5401234146266,29,40.25,7,4,0,5,3,2,3.9270833333333335,0.7142857142857143,0.625,0.6666666666666666,0.7639257294429708,16.4,16.0,1,4,0,"[7.0, 32.0, 2.0, 16.0, 25.0]",
CGMacros-049,T2D,mask_retuned,popTMA,C05-15,3798.5401234146266,29,40.25,7,4,0,6,2,1,3.9270833333333335,0.8571428571428571,0.75,0.8,0.5092838196286472,13.5,11.5,2,4,0,"[7.0, -1.0, 32.0, 2.0, 16.0, 25.0]",
CGMacros-049,T2D,mask_retuned,popTMA,native,3798.5401234146266,29,49.583333333333336,7,4,0,7,4,0,3.9270833333333335,1.0,0.6363636363636364,0.7777777777777778,1.0185676392572944,7.857142857142857,5.0,3,4,0,"[5.0, -5.0, 30.0, 0.0, 15.0, -15.0, 25.0]",75.0
