subject,group,config,version,evaluation,TH,M,n_test_BL_logged,n_test_BL_eval,n_test_BL_outside_window,n_test_breakfast_eval,n_test_lunch_eval,TP,FP,FN,days,sensitivity,precision,F1,FP_per_day,delay_mean_min,delay_median_min,TP_breakfast,n_breakfast_scored,TP_lunch,n_lunch_scored,delays,cc_peak_minus_meal_median_min
CGMacros-001,healthy,rescore,persTMA,C05,658.5558286065566,11,8,8,0,4,4,5,5,3,4.545138888888889,0.625,0.5,0.5555555555555556,1.1000763941940412,29.4,29.0,2,4,3,4,"[2.0, 41.0, 29.0, 73.0, 2.0]",
CGMacros-001,healthy,rescore,persTMA,C05-15,658.5558286065566,11,8,8,0,4,4,7,3,1,4.545138888888889,0.875,0.7,0.7777777777777778,0.6600458365164247,20.142857142857142,2.0,4,4,3,4,"[-3.0, 2.0, 41.0, 29.0, 73.0, -3.0, 2.0]",
CGMacros-001,healthy,rescore,persTMA,native,658.5558286065566,11,8,8,0,4,4,7,5,1,4.545138888888889,0.875,0.5833333333333334,0.7,1.1000763941940412,8.571428571428571,0.0,4,4,3,4,"[-5.0, 0.0, -25.0, 25.0, 70.0, -5.0, 0.0]",25.0
CGMacros-001,healthy,rescore,popTMA,C05,5277.358787551435,31,8,8,0,4,4,0,3,8,4.545138888888889,0.0,0.0,0.0,0.6600458365164247,,,0,4,0,4,[],
CGMacros-001,healthy,rescore,popTMA,C05-15,5277.358787551435,31,8,8,0,4,4,1,2,7,4.545138888888889,0.125,0.3333333333333333,0.18181818181818182,0.44003055767761645,-6.0,-6.0,1,4,0,4,[-6.0],
CGMacros-001,healthy,rescore,popTMA,native,5277.358787551435,31,8,8,0,4,4,3,0,5,4.545138888888889,0.375,1.0,0.5454545454545454,0.0,-20.0,-20.0,3,4,0,4,"[-20.0, -10.0, -30.0]",55.0
CGMacros-001,healthy,bl,persTMA,C05,680.440185934759,11,8,8,0,4,4,5,6,3,4.545138888888889,0.625,0.45454545454545453,0.5263157894736842,1.3200916730328494,28.4,24.0,2,4,3,4,"[2.0, 41.0, 24.0, 73.0, 2.0]",
CGMacros-001,healthy,bl,persTMA,C05-15,680.440185934759,11,8,8,0,4,4,7,4,1,4.545138888888889,0.875,0.6363636363636364,0.7368421052631579,0.8800611153552329,19.428571428571427,2.0,4,4,3,4,"[-3.0, 2.0, 41.0, 24.0, 73.0, -3.0, 2.0]",
CGMacros-001,healthy,bl,persTMA,native,680.440185934759,11,8,8,0,4,4,7,6,1,4.545138888888889,0.875,0.5384615384615384,0.6666666666666666,1.3200916730328494,7.857142857142857,0.0,4,4,3,4,"[-5.0, 0.0, -25.0, 20.0, 70.0, -5.0, 0.0]",25.0
CGMacros-001,healthy,bl,popTMA,C05,3964.560463689071,29,8,8,0,4,4,1,3,7,4.545138888888889,0.125,0.25,0.16666666666666666,0.6600458365164247,4.0,4.0,1,4,0,4,[4.0],
CGMacros-001,healthy,bl,popTMA,C05-15,3964.560463689071,29,8,8,0,4,4,2,2,6,4.545138888888889,0.25,0.5,0.3333333333333333,0.44003055767761645,-4.5,-4.5,2,4,0,4,"[-13.0, 4.0]",
CGMacros-001,healthy,bl,popTMA,native,3964.560463689071,29,8,8,0,4,4,4,1,4,4.545138888888889,0.5,0.8,0.6153846153846154,0.22001527883880823,-15.0,-17.5,3,4,1,4,"[-15.0, 0.0, -25.0, -20.0]",52.5
CGMacros-001,healthy,bl_silDS,persTMA,C05,680.440185934759,11,8,8,0,4,4,5,6,3,4.545138888888889,0.625,0.45454545454545453,0.5263157894736842,1.3200916730328494,28.4,24.0,2,4,3,4,"[2.0, 41.0, 24.0, 73.0, 2.0]",
CGMacros-001,healthy,bl_silDS,persTMA,C05-15,680.440185934759,11,8,8,0,4,4,7,4,1,4.545138888888889,0.875,0.6363636363636364,0.7368421052631579,0.8800611153552329,19.428571428571427,2.0,4,4,3,4,"[-3.0, 2.0, 41.0, 24.0, 73.0, -3.0, 2.0]",
CGMacros-001,healthy,bl_silDS,persTMA,native,680.440185934759,11,8,8,0,4,4,7,6,1,4.545138888888889,0.875,0.5384615384615384,0.6666666666666666,1.3200916730328494,7.857142857142857,0.0,4,4,3,4,"[-5.0, 0.0, -25.0, 20.0, 70.0, -5.0, 0.0]",25.0
CGMacros-001,healthy,bl_silDS,popTMA,C05,3964.560463689071,29,8,8,0,4,4,1,3,7,4.545138888888889,0.125,0.25,0.16666666666666666,0.6600458365164247,4.0,4.0,1,4,0,4,[4.0],
CGMacros-001,healthy,bl_silDS,popTMA,C05-15,3964.560463689071,29,8,8,0,4,4,2,2,6,4.545138888888889,0.25,0.5,0.3333333333333333,0.44003055767761645,-4.5,-4.5,2,4,0,4,"[-13.0, 4.0]",
CGMacros-001,healthy,bl_silDS,popTMA,native,3964.560463689071,29,8,8,0,4,4,4,1,4,4.545138888888889,0.5,0.8,0.6153846153846154,0.22001527883880823,-15.0,-17.5,3,4,1,4,"[-15.0, 0.0, -25.0, -20.0]",52.5
CGMacros-002,healthy,rescore,persTMA,C05,4729.773920761267,23,6,6,0,3,3,6,1,0,3.670138888888889,1.0,0.8571428571428571,0.9230769230769231,0.27246925260170296,19.833333333333332,22.0,3,3,3,3,"[6.0, 18.0, 30.0, 29.0, 10.0, 26.0]",
CGMacros-002,healthy,rescore,persTMA,C05-15,4729.773920761267,23,6,6,0,3,3,6,1,0,3.670138888888889,1.0,0.8571428571428571,0.9230769230769231,0.27246925260170296,19.833333333333332,22.0,3,3,3,3,"[6.0, 18.0, 30.0, 29.0, 10.0, 26.0]",
CGMacros-002,healthy,rescore,persTMA,native,4729.773920761267,23,6,6,0,3,3,6,1,0,3.670138888888889,1.0,0.8571428571428571,0.9230769230769231,0.27246925260170296,18.333333333333332,20.0,3,3,3,3,"[5.0, 15.0, 30.0, 25.0, 10.0, 25.0]",75.0
CGMacros-002,healthy,rescore,popTMA,C05,3916.3586978969106,31,6,6,0,3,3,3,4,3,3.670138888888889,0.5,0.42857142857142855,0.46153846153846156,1.0898770104068118,5.0,5.0,1,3,2,3,"[5.0, 4.0, 6.0]",
CGMacros-002,healthy,rescore,popTMA,C05-15,3916.3586978969106,31,6,6,0,3,3,5,2,1,3.670138888888889,0.8333333333333334,0.7142857142857143,0.7692307692307693,0.5449385052034059,-0.4,4.0,2,3,3,3,"[-2.0, 5.0, 4.0, -15.0, 6.0]",
CGMacros-002,healthy,rescore,popTMA,native,3916.3586978969106,31,6,6,0,3,3,6,1,0,3.670138888888889,1.0,0.8571428571428571,0.9230769230769231,0.27246925260170296,-5.833333333333333,-2.5,3,3,3,3,"[-25.0, -5.0, 5.0, 0.0, -15.0, 5.0]",72.5
CGMacros-002,healthy,bl,persTMA,C05,5743.297997738071,23,6,6,0,3,3,6,1,0,3.670138888888889,1.0,0.8571428571428571,0.9230769230769231,0.27246925260170296,15.666666666666666,19.5,3,3,3,3,"[1.0, 18.0, 25.0, 24.0, 5.0, 21.0]",
CGMacros-002,healthy,bl,persTMA,C05-15,5743.297997738071,23,6,6,0,3,3,6,1,0,3.670138888888889,1.0,0.8571428571428571,0.9230769230769231,0.27246925260170296,15.666666666666666,19.5,3,3,3,3,"[1.0, 18.0, 25.0, 24.0, 5.0, 21.0]",
CGMacros-002,healthy,bl,persTMA,native,5743.297997738071,23,6,6,0,3,3,6,1,0,3.670138888888889,1.0,0.8571428571428571,0.9230769230769231,0.27246925260170296,14.166666666666666,17.5,3,3,3,3,"[0.0, 15.0, 25.0, 20.0, 5.0, 20.0]",72.5
CGMacros-002,healthy,bl,popTMA,C05,4133.007516377173,29,6,6,0,3,3,4,3,2,3.670138888888889,0.6666666666666666,0.5714285714285714,0.6153846153846154,0.8174077578051088,7.0,7.5,1,3,3,3,"[3.0, 10.0, 9.0, 6.0]",
CGMacros-002,healthy,bl,popTMA,C05-15,4133.007516377173,29,6,6,0,3,3,5,2,1,3.670138888888889,0.8333333333333334,0.7142857142857143,0.7692307692307693,0.5449385052034059,3.6,6.0,2,3,3,3,"[3.0, 10.0, 9.0, -10.0, 6.0]",
CGMacros-002,healthy,bl,popTMA,native,4133.007516377173,29,6,6,0,3,3,6,1,0,3.670138888888889,1.0,0.8571428571428571,0.9230769230769231,0.27246925260170296,-1.6666666666666667,2.5,3,3,3,3,"[-20.0, 0.0, 10.0, 5.0, -10.0, 5.0]",72.5
CGMacros-002,healthy,bl_silDS,persTMA,C05,5743.297997738071,23,6,6,0,3,3,6,1,0,3.670138888888889,1.0,0.8571428571428571,0.9230769230769231,0.27246925260170296,15.666666666666666,19.5,3,3,3,3,"[1.0, 18.0, 25.0, 24.0, 5.0, 21.0]",
CGMacros-002,healthy,bl_silDS,persTMA,C05-15,5743.297997738071,23,6,6,0,3,3,6,1,0,3.670138888888889,1.0,0.8571428571428571,0.9230769230769231,0.27246925260170296,15.666666666666666,19.5,3,3,3,3,"[1.0, 18.0, 25.0, 24.0, 5.0, 21.0]",
CGMacros-002,healthy,bl_silDS,persTMA,native,5743.297997738071,23,6,6,0,3,3,6,1,0,3.670138888888889,1.0,0.8571428571428571,0.9230769230769231,0.27246925260170296,14.166666666666666,17.5,3,3,3,3,"[0.0, 15.0, 25.0, 20.0, 5.0, 20.0]",72.5
CGMacros-002,healthy,bl_silDS,popTMA,C05,3791.7648210753796,29,6,6,0,3,3,4,3,2,3.670138888888889,0.6666666666666666,0.5714285714285714,0.6153846153846154,0.8174077578051088,7.0,7.5,1,3,3,3,"[3.0, 10.0, 9.0, 6.0]",
CGMacros-002,healthy,bl_silDS,popTMA,C05-15,3791.7648210753796,29,6,6,0,3,3,5,2,1,3.670138888888889,0.8333333333333334,0.7142857142857143,0.7692307692307693,0.5449385052034059,3.6,6.0,2,3,3,3,"[3.0, 10.0, 9.0, -10.0, 6.0]",
CGMacros-002,healthy,bl_silDS,popTMA,native,3791.7648210753796,29,6,6,0,3,3,6,1,0,3.670138888888889,1.0,0.8571428571428571,0.9230769230769231,0.27246925260170296,-1.6666666666666667,2.5,3,3,3,3,"[-20.0, 0.0, 10.0, 5.0, -10.0, 5.0]",72.5
CGMacros-003,T2D,rescore,persTMA,C05,10186.443067009124,27,7,7,0,4,3,5,1,2,3.642361111111111,0.7142857142857143,0.8333333333333334,0.7692307692307693,0.27454718779790277,22.4,19.0,3,4,2,3,"[9.0, 21.0, 62.0, 1.0, 19.0]",
CGMacros-003,T2D,rescore,persTMA,C05-15,10186.443067009124,27,7,7,0,4,3,5,1,2,3.642361111111111,0.7142857142857143,0.8333333333333334,0.7692307692307693,0.27454718779790277,22.4,19.0,3,4,2,3,"[9.0, 21.0, 62.0, 1.0, 19.0]",
CGMacros-003,T2D,rescore,persTMA,native,10186.443067009124,27,7,7,0,4,3,4,1,3,3.642361111111111,0.5714285714285714,0.8,0.6666666666666666,0.27454718779790277,10.0,10.0,3,4,1,3,"[5.0, 20.0, 0.0, 15.0]",75.0
CGMacros-003,T2D,rescore,popTMA,C05,4884.356153843357,31,7,7,0,4,3,2,4,5,3.642361111111111,0.2857142857142857,0.3333333333333333,0.3076923076923077,1.098188751191611,21.5,21.5,1,4,1,3,"[1.0, 42.0]",
CGMacros-003,T2D,rescore,popTMA,C05-15,4884.356153843357,31,7,7,0,4,3,3,3,4,3.642361111111111,0.42857142857142855,0.5,0.46153846153846156,0.8236415633937083,14.0,1.0,1,4,2,3,"[1.0, 42.0, -1.0]",
CGMacros-003,T2D,rescore,popTMA,native,4884.356153843357,31,7,7,0,4,3,5,0,2,3.642361111111111,0.7142857142857143,1.0,0.8333333333333334,0.0,-2.0,-5.0,3,4,2,3,"[-20.0, 0.0, 40.0, -25.0, -5.0]",70.0
CGMacros-003,T2D,bl,persTMA,C05,5944.93337641198,25,7,7,0,4,3,4,2,3,3.642361111111111,0.5714285714285714,0.6666666666666666,0.6153846153846154,0.5490943755958055,22.75,15.0,2,4,2,3,"[4.0, 16.0, 57.0, 14.0]",
CGMacros-003,T2D,bl,persTMA,C05-15,5944.93337641198,25,7,7,0,4,3,5,1,2,3.642361111111111,0.7142857142857143,0.8333333333333334,0.7692307692307693,0.27454718779790277,17.4,14.0,3,4,2,3,"[4.0, 16.0, 57.0, -4.0, 14.0]",
CGMacros-003,T2D,bl,persTMA,native,5944.93337641198,25,7,7,0,4,3,5,0,2,3.642361111111111,0.7142857142857143,1.0,0.8333333333333334,0.0,15.0,10.0,3,4,2,3,"[0.0, 15.0, 55.0, -5.0, 10.0]",70.0
CGMacros-003,T2D,bl,popTMA,C05,3718.338386823685,29,7,7,0,4,3,2,4,5,3.642361111111111,0.2857142857142857,0.3333333333333333,0.3076923076923077,1.098188751191611,21.5,21.5,1,4,1,3,"[1.0, 42.0]",
CGMacros-003,T2D,bl,popTMA,C05-15,3718.338386823685,29,7,7,0,4,3,4,2,3,3.642361111111111,0.5714285714285714,0.6666666666666666,0.6153846153846154,0.5490943755958055,7.75,0.0,2,4,2,3,"[-11.0, 1.0, 42.0, -1.0]",
CGMacros-003,T2D,bl,popTMA,native,3718.338386823685,29,7,7,0,4,3,5,0,2,3.642361111111111,0.7142857142857143,1.0,0.8333333333333334,0.0,0.0,-5.0,3,4,2,3,"[-15.0, 0.0, 40.0, -20.0, -5.0]",65.0
CGMacros-003,T2D,bl_silDS,persTMA,C05,5944.93337641198,25,7,7,0,4,3,4,1,3,3.642361111111111,0.5714285714285714,0.8,0.6666666666666666,0.27454718779790277,22.75,15.0,2,4,2,3,"[4.0, 16.0, 57.0, 14.0]",
CGMacros-003,T2D,bl_silDS,persTMA,C05-15,5944.93337641198,25,7,7,0,4,3,5,0,2,3.642361111111111,0.7142857142857143,1.0,0.8333333333333334,0.0,17.4,14.0,3,4,2,3,"[4.0, 16.0, 57.0, -4.0, 14.0]",
CGMacros-003,T2D,bl_silDS,persTMA,native,5944.93337641198,25,7,7,0,4,3,5,0,2,3.642361111111111,0.7142857142857143,1.0,0.8333333333333334,0.0,15.0,10.0,3,4,2,3,"[0.0, 15.0, 55.0, -5.0, 10.0]",70.0
CGMacros-003,T2D,bl_silDS,popTMA,C05,3718.338386823685,29,7,7,0,4,3,2,3,5,3.642361111111111,0.2857142857142857,0.4,0.3333333333333333,0.8236415633937083,21.5,21.5,1,4,1,3,"[1.0, 42.0]",
CGMacros-003,T2D,bl_silDS,popTMA,C05-15,3718.338386823685,29,7,7,0,4,3,4,1,3,3.642361111111111,0.5714285714285714,0.8,0.6666666666666666,0.27454718779790277,7.75,0.0,2,4,2,3,"[-11.0, 1.0, 42.0, -1.0]",
CGMacros-003,T2D,bl_silDS,popTMA,native,3718.338386823685,29,7,7,0,4,3,5,0,2,3.642361111111111,0.7142857142857143,1.0,0.8333333333333334,0.0,0.0,-5.0,3,4,2,3,"[-15.0, 0.0, 40.0, -20.0, -5.0]",65.0
CGMacros-004,healthy,rescore,persTMA,C05,3010.9549648482807,26,6,6,0,3,3,2,3,4,3.513888888888889,0.3333333333333333,0.4,0.36363636363636365,0.8537549407114625,28.5,28.5,1,3,1,3,"[46.0, 11.0]",
CGMacros-004,healthy,rescore,persTMA,C05-15,3010.9549648482807,26,6,6,0,3,3,3,2,3,3.513888888888889,0.5,0.6,0.5454545454545454,0.5691699604743083,16.333333333333332,11.0,2,3,1,3,"[-8.0, 46.0, 11.0]",
CGMacros-004,healthy,rescore,persTMA,native,3010.9549648482807,26,6,6,0,3,3,4,1,2,3.513888888888889,0.6666666666666666,0.8,0.7272727272727273,0.2845849802371542,5.0,0.0,3,3,1,3,"[-10.0, 45.0, -25.0, 10.0]",65.0
CGMacros-004,healthy,rescore,popTMA,C05,4915.668809497147,31,6,6,0,3,3,2,3,4,3.513888888888889,0.3333333333333333,0.4,0.36363636363636365,0.8537549407114625,23.5,23.5,1,3,1,3,"[41.0, 6.0]",
CGMacros-004,healthy,rescore,popTMA,C05-15,4915.668809497147,31,6,6,0,3,3,3,2,3,3.513888888888889,0.5,0.6,0.5454545454545454,0.5691699604743083,11.333333333333334,6.0,2,3,1,3,"[-13.0, 41.0, 6.0]",
CGMacros-004,healthy,rescore,popTMA,native,4915.668809497147,31,6,6,0,3,3,4,1,2,3.513888888888889,0.6666666666666666,0.8,0.7272727272727273,0.2845849802371542,-1.25,-5.0,3,3,1,3,"[-15.0, 40.0, -35.0, 5.0]",70.0
CGMacros-004,healthy,bl,persTMA,C05,5187.596425251195,25,6,6,0,3,3,2,2,4,3.513888888888889,0.3333333333333333,0.5,0.4,0.5691699604743083,31.0,31.0,1,3,1,3,"[51.0, 11.0]",
CGMacros-004,healthy,bl,persTMA,C05-15,5187.596425251195,25,6,6,0,3,3,3,1,3,3.513888888888889,0.5,0.75,0.6,0.2845849802371542,19.666666666666668,11.0,2,3,1,3,"[-3.0, 51.0, 11.0]",
CGMacros-004,healthy,bl,persTMA,native,5187.596425251195,25,6,6,0,3,3,4,0,2,3.513888888888889,0.6666666666666666,1.0,0.8,0.0,7.5,2.5,3,3,1,3,"[-5.0, 50.0, -25.0, 10.0]",62.5
CGMacros-004,healthy,bl,popTMA,C05,3391.3597975061784,28,6,6,0,3,3,2,4,4,3.513888888888889,0.3333333333333333,0.3333333333333333,0.3333333333333333,1.1383399209486167,28.5,28.5,1,3,1,3,"[46.0, 11.0]",
CGMacros-004,healthy,bl,popTMA,C05-15,3391.3597975061784,28,6,6,0,3,3,4,2,2,3.513888888888889,0.6666666666666666,0.6666666666666666,0.6666666666666666,0.5691699604743083,10.25,4.0,2,3,2,3,"[-3.0, 46.0, -13.0, 11.0]",
CGMacros-004,healthy,bl,popTMA,native,3391.3597975061784,28,6,6,0,3,3,5,1,1,3.513888888888889,0.8333333333333334,0.8333333333333334,0.8333333333333334,0.2845849802371542,2.0,-5.0,3,3,2,3,"[-5.0, 45.0, -15.0, -25.0, 10.0]",65.0
CGMacros-004,healthy,bl_silDS,persTMA,C05,3266.1764585534565,25,6,6,0,3,3,2,2,4,3.513888888888889,0.3333333333333333,0.5,0.4,0.5691699604743083,31.0,31.0,1,3,1,3,"[51.0, 11.0]",
CGMacros-004,healthy,bl_silDS,persTMA,C05-15,3266.1764585534565,25,6,6,0,3,3,3,1,3,3.513888888888889,0.5,0.75,0.6,0.2845849802371542,19.666666666666668,11.0,2,3,1,3,"[-3.0, 51.0, 11.0]",
CGMacros-004,healthy,bl_silDS,persTMA,native,3266.1764585534565,25,6,6,0,3,3,4,0,2,3.513888888888889,0.6666666666666666,1.0,0.8,0.0,7.5,2.5,3,3,1,3,"[-5.0, 50.0, -25.0, 10.0]",62.5
CGMacros-004,healthy,bl_silDS,popTMA,C05,3092.304809958121,28,6,6,0,3,3,2,4,4,3.513888888888889,0.3333333333333333,0.3333333333333333,0.3333333333333333,1.1383399209486167,28.5,28.5,1,3,1,3,"[46.0, 11.0]",
CGMacros-004,healthy,bl_silDS,popTMA,C05-15,3092.304809958121,28,6,6,0,3,3,4,2,2,3.513888888888889,0.6666666666666666,0.6666666666666666,0.6666666666666666,0.5691699604743083,10.25,4.0,2,3,2,3,"[-3.0, 46.0, -13.0, 11.0]",
CGMacros-004,healthy,bl_silDS,popTMA,native,3092.304809958121,28,6,6,0,3,3,5,1,1,3.513888888888889,0.8333333333333334,0.8333333333333334,0.8333333333333334,0.2845849802371542,-11.0,-15.0,3,3,2,3,"[-5.0, -20.0, -15.0, -25.0, 10.0]",55.0
CGMacros-005,T2D,rescore,persTMA,C05,7660.739733406532,31,8,7,1,4,3,0,8,7,3.892361111111111,0.0,0.0,0.0,2.055307760927743,,,0,4,0,3,[],
CGMacros-005,T2D,rescore,persTMA,C05-15,7660.739733406532,31,8,7,1,4,3,1,7,6,3.892361111111111,0.14285714285714285,0.125,0.13333333333333333,1.7983942908117752,-14.0,-14.0,0,4,1,3,[-14.0],
CGMacros-005,T2D,rescore,persTMA,native,7660.739733406532,31,8,7,1,4,3,6,0,1,3.892361111111111,0.8571428571428571,1.0,0.9230769230769231,0.0,-27.5,-25.0,3,4,3,3,"[-40.0, -15.0, -20.0, -25.0, -40.0, -25.0]",50.0
CGMacros-005,T2D,rescore,popTMA,C05,4869.559907418996,31,8,7,1,4,3,6,1,1,3.892361111111111,0.8571428571428571,0.8571428571428571,0.8571428571428571,0.2569134701159679,51.833333333333336,53.5,3,4,3,3,"[39.0, 61.0, 60.0, 52.0, 44.0, 55.0]",
CGMacros-005,T2D,rescore,popTMA,C05-15,4869.559907418996,31,8,7,1,4,3,6,1,1,3.892361111111111,0.8571428571428571,0.8571428571428571,0.8571428571428571,0.2569134701159679,51.833333333333336,53.5,3,4,3,3,"[39.0, 61.0, 60.0, 52.0, 44.0, 55.0]",
CGMacros-005,T2D,rescore,popTMA,native,4869.559907418996,31,8,7,1,4,3,2,4,5,3.892361111111111,0.2857142857142857,0.3333333333333333,0.3076923076923077,1.0276538804638715,37.5,37.5,2,4,0,3,"[35.0, 40.0]",112.5
CGMacros-005,T2D,bl,persTMA,C05,192.61283951963054,7,8,7,1,4,3,5,0,2,3.892361111111111,0.7142857142857143,1.0,0.8333333333333334,0.0,87.8,84.0,3,4,2,3,"[84.0, 101.0, 90.0, 84.0, 80.0]",
CGMacros-005,T2D,bl,persTMA,C05-15,192.61283951963054,7,8,7,1,4,3,5,0,2,3.892361111111111,0.7142857142857143,1.0,0.8333333333333334,0.0,87.8,84.0,3,4,2,3,"[84.0, 101.0, 90.0, 84.0, 80.0]",
CGMacros-005,T2D,bl,persTMA,native,192.61283951963054,7,8,7,1,4,3,5,1,2,3.892361111111111,0.7142857142857143,0.8333333333333334,0.7692307692307693,0.2569134701159679,86.0,80.0,3,4,2,3,"[80.0, 100.0, 90.0, 80.0, 80.0]",95.0
CGMacros-005,T2D,bl,popTMA,C05,4353.487045587452,28,8,7,1,4,3,6,1,1,3.892361111111111,0.8571428571428571,0.8571428571428571,0.8571428571428571,0.2569134701159679,61.0,63.5,3,4,3,3,"[49.0, 71.0, 65.0, 62.0, 54.0, 65.0]",
CGMacros-005,T2D,bl,popTMA,C05-15,4353.487045587452,28,8,7,1,4,3,6,1,1,3.892361111111111,0.8571428571428571,0.8571428571428571,0.8571428571428571,0.2569134701159679,61.0,63.5,3,4,3,3,"[49.0, 71.0, 65.0, 62.0, 54.0, 65.0]",
CGMacros-005,T2D,bl,popTMA,native,4353.487045587452,28,8,7,1,4,3,2,4,5,3.892361111111111,0.2857142857142857,0.3333333333333333,0.3076923076923077,1.0276538804638715,47.5,47.5,2,4,0,3,"[45.0, 50.0]",117.5
CGMacros-005,T2D,bl_silDS,persTMA,C05,192.61283951963054,7,8,7,1,4,3,5,0,2,3.892361111111111,0.7142857142857143,1.0,0.8333333333333334,0.0,87.8,84.0,3,4,2,3,"[84.0, 101.0, 90.0, 84.0, 80.0]",
CGMacros-005,T2D,bl_silDS,persTMA,C05-15,192.61283951963054,7,8,7,1,4,3,5,0,2,3.892361111111111,0.7142857142857143,1.0,0.8333333333333334,0.0,87.8,84.0,3,4,2,3,"[84.0, 101.0, 90.0, 84.0, 80.0]",
CGMacros-005,T2D,bl_silDS,persTMA,native,192.61283951963054,7,8,7,1,4,3,5,1,2,3.892361111111111,0.7142857142857143,0.8333333333333334,0.7692307692307693,0.2569134701159679,86.0,80.0,3,4,2,3,"[80.0, 100.0, 90.0, 80.0, 80.0]",95.0
CGMacros-005,T2D,bl_silDS,popTMA,C05,3168.758157163018,28,8,7,1,4,3,6,1,1,3.892361111111111,0.8571428571428571,0.8571428571428571,0.8571428571428571,0.2569134701159679,61.0,63.5,3,4,3,3,"[49.0, 71.0, 65.0, 62.0, 54.0, 65.0]",
CGMacros-005,T2D,bl_silDS,popTMA,C05-15,3168.758157163018,28,8,7,1,4,3,6,1,1,3.892361111111111,0.8571428571428571,0.8571428571428571,0.8571428571428571,0.2569134701159679,61.0,63.5,3,4,3,3,"[49.0, 71.0, 65.0, 62.0, 54.0, 65.0]",
CGMacros-005,T2D,bl_silDS,popTMA,native,3168.758157163018,28,8,7,1,4,3,2,4,5,3.892361111111111,0.2857142857142857,0.3333333333333333,0.3076923076923077,1.0276538804638715,47.5,47.5,2,4,0,3,"[45.0, 50.0]",117.5
CGMacros-006,healthy,rescore,persTMA,C05,1222.0387346205716,19,7,7,0,4,3,2,5,5,3.2916666666666665,0.2857142857142857,0.2857142857142857,0.2857142857142857,1.518987341772152,55.5,55.5,2,4,0,3,"[44.0, 67.0]",
CGMacros-006,healthy,rescore,persTMA,C05-15,1222.0387346205716,19,7,7,0,4,3,3,4,4,3.2916666666666665,0.42857142857142855,0.42857142857142855,0.42857142857142855,1.2151898734177216,35.0,44.0,2,4,1,3,"[44.0, 67.0, -6.0]",
CGMacros-006,healthy,rescore,persTMA,native,1222.0387346205716,19,7,7,0,4,3,5,2,2,3.2916666666666665,0.7142857142857143,0.7142857142857143,0.7142857142857143,0.6075949367088608,-9.0,-20.0,4,4,1,3,"[40.0, -25.0, -30.0, -10.0, -20.0]",25.0
CGMacros-006,healthy,rescore,popTMA,C05,5307.833616401105,31,7,7,0,4,3,0,2,7,3.2916666666666665,0.0,0.0,0.0,0.6075949367088608,,,0,4,0,3,[],
CGMacros-006,healthy,rescore,popTMA,C05-15,5307.833616401105,31,7,7,0,4,3,1,1,6,3.2916666666666665,0.14285714285714285,0.5,0.2222222222222222,0.3037974683544304,-11.0,-11.0,0,4,1,3,[-11.0],
CGMacros-006,healthy,rescore,popTMA,native,5307.833616401105,31,7,7,0,4,3,1,0,6,3.2916666666666665,0.14285714285714285,1.0,0.25,0.0,-15.0,-15.0,0,4,1,3,[-15.0],60.0
CGMacros-006,healthy,bl,persTMA,C05,371.33801166099283,11,7,7,0,4,3,4,2,3,3.2916666666666665,0.5714285714285714,0.6666666666666666,0.6153846153846154,0.6075949367088608,7.25,7.0,3,4,1,3,"[2.0, 1.0, 14.0, 12.0]",
CGMacros-006,healthy,bl,persTMA,C05-15,371.33801166099283,11,7,7,0,4,3,4,2,3,3.2916666666666665,0.5714285714285714,0.6666666666666666,0.6153846153846154,0.6075949367088608,7.25,7.0,3,4,1,3,"[2.0, 1.0, 14.0, 12.0]",
CGMacros-006,healthy,bl,persTMA,native,371.33801166099283,11,7,7,0,4,3,4,3,3,3.2916666666666665,0.5714285714285714,0.5714285714285714,0.5714285714285714,0.9113924050632912,5.0,5.0,3,4,1,3,"[0.0, 0.0, 10.0, 10.0]",30.0
CGMacros-006,healthy,bl,popTMA,C05,4634.385419534483,29,7,7,0,4,3,0,2,7,3.2916666666666665,0.0,0.0,0.0,0.6075949367088608,,,0,4,0,3,[],
CGMacros-006,healthy,bl,popTMA,C05-15,4634.385419534483,29,7,7,0,4,3,1,1,6,3.2916666666666665,0.14285714285714285,0.5,0.2222222222222222,0.3037974683544304,-6.0,-6.0,0,4,1,3,[-6.0],
CGMacros-006,healthy,bl,popTMA,native,4634.385419534483,29,7,7,0,4,3,1,0,6,3.2916666666666665,0.14285714285714285,1.0,0.25,0.0,-10.0,-10.0,0,4,1,3,[-10.0],60.0
CGMacros-006,healthy,bl_silDS,persTMA,C05,371.33801166099283,11,7,7,0,4,3,4,2,3,3.2916666666666665,0.5714285714285714,0.6666666666666666,0.6153846153846154,0.6075949367088608,7.25,7.0,3,4,1,3,"[2.0, 1.0, 14.0, 12.0]",
CGMacros-006,healthy,bl_silDS,persTMA,C05-15,371.33801166099283,11,7,7,0,4,3,4,2,3,3.2916666666666665,0.5714285714285714,0.6666666666666666,0.6153846153846154,0.6075949367088608,7.25,7.0,3,4,1,3,"[2.0, 1.0, 14.0, 12.0]",
CGMacros-006,healthy,bl_silDS,persTMA,native,371.33801166099283,11,7,7,0,4,3,4,3,3,3.2916666666666665,0.5714285714285714,0.5714285714285714,0.5714285714285714,0.9113924050632912,5.0,5.0,3,4,1,3,"[0.0, 0.0, 10.0, 10.0]",30.0
CGMacros-006,healthy,bl_silDS,popTMA,C05,4634.385419534483,29,7,7,0,4,3,0,2,7,3.2916666666666665,0.0,0.0,0.0,0.6075949367088608,,,0,4,0,3,[],
CGMacros-006,healthy,bl_silDS,popTMA,C05-15,4634.385419534483,29,7,7,0,4,3,1,1,6,3.2916666666666665,0.14285714285714285,0.5,0.2222222222222222,0.3037974683544304,-6.0,-6.0,0,4,1,3,[-6.0],
CGMacros-006,healthy,bl_silDS,popTMA,native,4634.385419534483,29,7,7,0,4,3,1,0,6,3.2916666666666665,0.14285714285714285,1.0,0.25,0.0,-10.0,-10.0,0,4,1,3,[-10.0],60.0
CGMacros-007,prediabetes,rescore,persTMA,C05,7844.735507856554,27,4,2,0,1,1,0,0,2,1.5659722222222223,0.0,,0.0,0.0,,,0,1,0,1,[],
CGMacros-007,prediabetes,rescore,persTMA,C05-15,7844.735507856554,27,4,2,0,1,1,0,0,2,1.5659722222222223,0.0,,0.0,0.0,,,0,1,0,1,[],
CGMacros-007,prediabetes,rescore,persTMA,native,7844.735507856554,27,4,2,0,1,1,0,0,2,1.5659722222222223,0.0,,0.0,0.0,,,0,1,0,1,[],
CGMacros-007,prediabetes,rescore,popTMA,C05,4000.680205487377,31,4,2,0,1,1,0,1,2,1.5659722222222223,0.0,0.0,0.0,0.6385809312638581,,,0,1,0,1,[],
CGMacros-007,prediabetes,rescore,popTMA,C05-15,4000.680205487377,31,4,2,0,1,1,1,0,1,1.5659722222222223,0.5,1.0,0.6666666666666666,0.0,-11.0,-11.0,1,1,0,1,[-11.0],
CGMacros-007,prediabetes,rescore,popTMA,native,4000.680205487377,31,4,2,0,1,1,1,0,1,1.5659722222222223,0.5,1.0,0.6666666666666666,0.0,-15.0,-15.0,1,1,0,1,[-15.0],60.0
CGMacros-007,prediabetes,bl,popTMA,C05,3857.391290964497,29,4,2,0,1,1,0,1,2,1.5659722222222223,0.0,0.0,0.0,0.6385809312638581,,,0,1,0,1,[],
CGMacros-007,prediabetes,bl,popTMA,C05-15,3857.391290964497,29,4,2,0,1,1,1,0,1,1.5659722222222223,0.5,1.0,0.6666666666666666,0.0,-6.0,-6.0,1,1,0,1,[-6.0],
CGMacros-007,prediabetes,bl,popTMA,native,3857.391290964497,29,4,2,0,1,1,1,0,1,1.5659722222222223,0.5,1.0,0.6666666666666666,0.0,-10.0,-10.0,1,1,0,1,[-10.0],60.0
CGMacros-007,prediabetes,bl_silDS,popTMA,C05,3857.391290964497,29,4,2,0,1,1,0,1,2,1.5659722222222223,0.0,0.0,0.0,0.6385809312638581,,,0,1,0,1,[],
CGMacros-007,prediabetes,bl_silDS,popTMA,C05-15,3857.391290964497,29,4,2,0,1,1,1,0,1,1.5659722222222223,0.5,1.0,0.6666666666666666,0.0,-6.0,-6.0,1,1,0,1,[-6.0],
CGMacros-007,prediabetes,bl_silDS,popTMA,native,3857.391290964497,29,4,2,0,1,1,1,0,1,1.5659722222222223,0.5,1.0,0.6666666666666666,0.0,-10.0,-10.0,1,1,0,1,[-10.0],60.0
CGMacros-008,prediabetes,rescore,persTMA,C05,3189.3111368778627,22,8,8,0,4,4,6,2,2,3.8819444444444446,0.75,0.75,0.75,0.51520572450805,37.166666666666664,34.0,3,4,3,4,"[43.0, 25.0, 21.0, 73.0, 17.0, 44.0]",
CGMacros-008,prediabetes,rescore,persTMA,C05-15,3189.3111368778627,22,8,8,0,4,4,6,2,2,3.8819444444444446,0.75,0.75,0.75,0.51520572450805,37.166666666666664,34.0,3,4,3,4,"[43.0, 25.0, 21.0, 73.0, 17.0, 44.0]",
CGMacros-008,prediabetes,rescore,persTMA,native,3189.3111368778627,22,8,8,0,4,4,5,6,3,3.8819444444444446,0.625,0.45454545454545453,0.5263157894736842,1.5456171735241502,28.0,25.0,3,4,2,4,"[40.0, 25.0, 20.0, 15.0, 40.0]",80.0
CGMacros-008,prediabetes,rescore,popTMA,C05,4892.063433848976,31,8,8,0,4,4,4,4,4,3.8819444444444446,0.5,0.5,0.5,1.0304114490161,9.75,9.0,0,4,4,4,"[18.0, 9.0, 3.0, 9.0]",
CGMacros-008,prediabetes,rescore,popTMA,C05-15,4892.063433848976,31,8,8,0,4,4,6,2,2,3.8819444444444446,0.75,0.75,0.75,0.51520572450805,2.5,6.0,2,4,4,4,"[18.0, -10.0, 9.0, -14.0, 3.0, 9.0]",
CGMacros-008,prediabetes,rescore,popTMA,native,4892.063433848976,31,8,8,0,4,4,7,0,1,3.8819444444444446,0.875,1.0,0.9333333333333333,0.0,-2.857142857142857,0.0,3,4,4,4,"[15.0, -10.0, 5.0, -15.0, 0.0, -20.0, 5.0]",75.0
CGMacros-008,prediabetes,bl,persTMA,C05,6467.849673932165,22,8,8,0,4,4,5,1,3,3.8819444444444446,0.625,0.8333333333333334,0.7142857142857143,0.257602862254025,43.0,25.0,3,4,2,4,"[108.0, 25.0, 21.0, 17.0, 44.0]",
CGMacros-008,prediabetes,bl,persTMA,C05-15,6467.849673932165,22,8,8,0,4,4,5,1,3,3.8819444444444446,0.625,0.8333333333333334,0.7142857142857143,0.257602862254025,43.0,25.0,3,4,2,4,"[108.0, 25.0, 21.0, 17.0, 44.0]",
CGMacros-008,prediabetes,bl,persTMA,native,6467.849673932165,22,8,8,0,4,4,4,4,4,3.8819444444444446,0.5,0.5,0.5,1.0304114490161,25.0,22.5,3,4,1,4,"[25.0, 20.0, 15.0, 40.0]",77.5
CGMacros-008,prediabetes,bl,popTMA,C05,4452.504039014348,29,8,8,0,4,4,4,4,4,3.8819444444444446,0.5,0.5,0.5,1.0304114490161,12.25,11.5,0,4,4,4,"[18.0, 9.0, 8.0, 14.0]",
CGMacros-008,prediabetes,bl,popTMA,C05-15,4452.504039014348,29,8,8,0,4,4,7,1,1,3.8819444444444446,0.875,0.875,0.875,0.257602862254025,3.142857142857143,8.0,3,4,4,4,"[18.0, -5.0, 9.0, -9.0, 8.0, -13.0, 14.0]",
CGMacros-008,prediabetes,bl,popTMA,native,4452.504039014348,29,8,8,0,4,4,7,0,1,3.8819444444444446,0.875,1.0,0.9333333333333333,0.0,0.7142857142857143,5.0,3,4,4,4,"[15.0, -5.0, 5.0, -10.0, 5.0, -15.0, 10.0]",75.0
CGMacros-008,prediabetes,bl_silDS,persTMA,C05,6467.849673932165,22,8,8,0,4,4,5,1,3,3.8819444444444446,0.625,0.8333333333333334,0.7142857142857143,0.257602862254025,43.0,25.0,3,4,2,4,"[108.0, 25.0, 21.0, 17.0, 44.0]",
CGMacros-008,prediabetes,bl_silDS,persTMA,C05-15,6467.849673932165,22,8,8,0,4,4,5,1,3,3.8819444444444446,0.625,0.8333333333333334,0.7142857142857143,0.257602862254025,43.0,25.0,3,4,2,4,"[108.0, 25.0, 21.0, 17.0, 44.0]",
CGMacros-008,prediabetes,bl_silDS,persTMA,native,6467.849673932165,22,8,8,0,4,4,4,4,4,3.8819444444444446,0.5,0.5,0.5,1.0304114490161,25.0,22.5,3,4,1,4,"[25.0, 20.0, 15.0, 40.0]",77.5
CGMacros-008,prediabetes,bl_silDS,popTMA,C05,3761.378476644495,29,8,8,0,4,4,4,4,4,3.8819444444444446,0.5,0.5,0.5,1.0304114490161,12.25,11.5,0,4,4,4,"[18.0, 9.0, 8.0, 14.0]",
CGMacros-008,prediabetes,bl_silDS,popTMA,C05-15,3761.378476644495,29,8,8,0,4,4,7,1,1,3.8819444444444446,0.875,0.875,0.875,0.257602862254025,3.142857142857143,8.0,3,4,4,4,"[18.0, -5.0, 9.0, -9.0, 8.0, -13.0, 14.0]",
CGMacros-008,prediabetes,bl_silDS,popTMA,native,3761.378476644495,29,8,8,0,4,4,7,0,1,3.8819444444444446,0.875,1.0,0.9333333333333333,0.0,0.7142857142857143,5.0,3,4,4,4,"[15.0, -5.0, 5.0, -10.0, 5.0, -15.0, 10.0]",75.0
CGMacros-009,prediabetes,rescore,persTMA,C05,3023.7651617737247,26,9,9,0,5,4,2,13,7,4.232638888888889,0.2222222222222222,0.13333333333333333,0.16666666666666666,3.0713699753896635,26.0,26.0,2,5,0,4,"[52.0, 0.0]",
CGMacros-009,prediabetes,rescore,persTMA,C05-15,3023.7651617737247,26,9,9,0,5,4,5,10,4,4.232638888888889,0.5555555555555556,0.3333333333333333,0.4166666666666667,2.3625922887612796,5.6,-5.0,3,5,2,4,"[-10.0, -9.0, 52.0, 0.0, -5.0]",
CGMacros-009,prediabetes,rescore,persTMA,native,3023.7651617737247,26,9,9,0,5,4,8,6,1,4.232638888888889,0.8888888888888888,0.5714285714285714,0.6956521739130435,1.4175553732567676,-25.0,-27.5,4,5,4,4,"[-10.0, -10.0, -35.0, -30.0, -25.0, -40.0, -45.0, -5.0]",37.5
CGMacros-009,prediabetes,rescore,popTMA,C05,5213.258030769401,31,9,9,0,5,4,7,3,2,4.232638888888889,0.7777777777777778,0.7,0.7368421052631579,0.7087776866283838,48.857142857142854,56.0,4,5,3,4,"[60.0, 56.0, 42.0, 60.0, 26.0, 33.0, 65.0]",
CGMacros-009,prediabetes,rescore,popTMA,C05-15,5213.258030769401,31,9,9,0,5,4,7,3,2,4.232638888888889,0.7777777777777778,0.7,0.7368421052631579,0.7087776866283838,48.857142857142854,56.0,4,5,3,4,"[60.0, 56.0, 42.0, 60.0, 26.0, 33.0, 65.0]",
CGMacros-009,prediabetes,rescore,popTMA,native,5213.258030769401,31,9,9,0,5,4,3,5,6,4.232638888888889,0.3333333333333333,0.375,0.35294117647058826,1.1812961443806398,31.666666666666668,30.0,2,5,1,4,"[40.0, 25.0, 30.0]",105.0
CGMacros-009,prediabetes,bl,persTMA,C05,1256.7321960237932,25,9,9,0,5,4,1,11,8,4.232638888888889,0.1111111111111111,0.08333333333333333,0.09523809523809523,2.5988515176374074,57.0,57.0,1,5,0,4,[57.0],
CGMacros-009,prediabetes,bl,persTMA,C05-15,1256.7321960237932,25,9,9,0,5,4,2,10,7,4.232638888888889,0.2222222222222222,0.16666666666666666,0.19047619047619047,2.3625922887612796,21.0,21.0,1,5,1,4,"[57.0, -15.0]",
CGMacros-009,prediabetes,bl,persTMA,native,1256.7321960237932,25,9,9,0,5,4,8,4,1,4.232638888888889,0.8888888888888888,0.6666666666666666,0.7619047619047619,0.9450369155045119,-32.5,-37.5,4,5,4,4,"[-20.0, -20.0, -40.0, -40.0, -35.0, -45.0, -45.0, -15.0]",22.5
CGMacros-009,prediabetes,bl,popTMA,C05,4457.301867482121,28,9,9,0,5,4,7,2,2,4.232638888888889,0.7777777777777778,0.7777777777777778,0.7777777777777778,0.4725184577522559,56.714285714285715,60.0,4,5,3,4,"[70.0, 66.0, 52.0, 60.0, 36.0, 43.0, 70.0]",
CGMacros-009,prediabetes,bl,popTMA,C05-15,4457.301867482121,28,9,9,0,5,4,7,2,2,4.232638888888889,0.7777777777777778,0.7777777777777778,0.7777777777777778,0.4725184577522559,56.714285714285715,60.0,4,5,3,4,"[70.0, 66.0, 52.0, 60.0, 36.0, 43.0, 70.0]",
CGMacros-009,prediabetes,bl,popTMA,native,4457.301867482121,28,9,9,0,5,4,3,5,6,4.232638888888889,0.3333333333333333,0.375,0.35294117647058826,1.1812961443806398,41.666666666666664,40.0,2,5,1,4,"[50.0, 35.0, 40.0]",110.0
CGMacros-009,prediabetes,bl_silDS,persTMA,C05,1256.7321960237932,25,9,9,0,5,4,1,10,8,4.232638888888889,0.1111111111111111,0.09090909090909091,0.1,2.3625922887612796,57.0,57.0,1,5,0,4,[57.0],
CGMacros-009,prediabetes,bl_silDS,persTMA,C05-15,1256.7321960237932,25,9,9,0,5,4,2,9,7,4.232638888888889,0.2222222222222222,0.18181818181818182,0.2,2.1263330598851518,21.0,21.0,1,5,1,4,"[57.0, -15.0]",
CGMacros-009,prediabetes,bl_silDS,persTMA,native,1256.7321960237932,25,9,9,0,5,4,8,3,1,4.232638888888889,0.8888888888888888,0.7272727272727273,0.8,0.7087776866283838,-32.5,-37.5,4,5,4,4,"[-20.0, -20.0, -40.0, -40.0, -35.0, -45.0, -45.0, -15.0]",22.5
CGMacros-009,prediabetes,bl_silDS,popTMA,C05,3268.6877960058664,28,9,9,0,5,4,7,1,2,4.232638888888889,0.7777777777777778,0.875,0.8235294117647058,0.23625922887612796,56.714285714285715,60.0,4,5,3,4,"[70.0, 66.0, 52.0, 60.0, 36.0, 43.0, 70.0]",
CGMacros-009,prediabetes,bl_silDS,popTMA,C05-15,3268.6877960058664,28,9,9,0,5,4,7,1,2,4.232638888888889,0.7777777777777778,0.875,0.8235294117647058,0.23625922887612796,56.714285714285715,60.0,4,5,3,4,"[70.0, 66.0, 52.0, 60.0, 36.0, 43.0, 70.0]",
CGMacros-009,prediabetes,bl_silDS,popTMA,native,3268.6877960058664,28,9,9,0,5,4,3,5,6,4.232638888888889,0.3333333333333333,0.375,0.35294117647058826,1.1812961443806398,41.666666666666664,40.0,2,5,1,4,"[50.0, 35.0, 40.0]",110.0
CGMacros-010,prediabetes,rescore,persTMA,C05,2888.9020442756446,18,8,8,0,4,4,4,4,1,4.052083333333333,0.8,0.5,0.6153846153846154,0.9871465295629821,34.75,20.5,0,1,4,4,"[21.0, 20.0, 16.0, 82.0]",
CGMacros-010,prediabetes,rescore,persTMA,C05-15,2888.9020442756446,18,8,8,0,4,4,5,3,0,4.052083333333333,1.0,0.625,0.7692307692307693,0.7403598971722366,27.6,20.0,1,1,4,4,"[21.0, 20.0, 16.0, -1.0, 82.0]",
CGMacros-010,prediabetes,rescore,persTMA,native,2888.9020442756446,18,8,8,0,4,4,8,4,0,4.052083333333333,1.0,0.6666666666666666,0.8,0.9871465295629821,1.25,7.5,4,4,4,4,"[20.0, 10.0, 20.0, 5.0, 15.0, -5.0, -50.0, -5.0]",52.5
CGMacros-010,prediabetes,rescore,popTMA,C05,4861.734562326637,32,8,8,0,4,4,0,8,5,4.052083333333333,0.0,0.0,0.0,1.9742930591259642,,,0,1,0,4,[],
CGMacros-010,prediabetes,rescore,popTMA,C05-15,4861.734562326637,32,8,8,0,4,4,3,5,2,4.052083333333333,0.6,0.375,0.46153846153846156,1.2339331619537275,-6.0,-5.0,0,1,3,4,"[-4.0, -5.0, -9.0]",
CGMacros-010,prediabetes,rescore,popTMA,native,4861.734562326637,32,8,8,0,4,4,8,2,0,4.052083333333333,1.0,0.8,0.8888888888888888,0.49357326478149105,-20.0,-10.0,4,4,4,4,"[-5.0, -10.0, -5.0, -5.0, -10.0, -30.0, -70.0, -25.0]",70.0
CGMacros-010,prediabetes,bl,persTMA,C05,6290.967901747783,18,8,8,0,4,4,1,3,4,4.052083333333333,0.2,0.25,0.2222222222222222,0.7403598971722366,21.0,21.0,0,1,1,4,[21.0],
CGMacros-010,prediabetes,bl,persTMA,C05-15,6290.967901747783,18,8,8,0,4,4,1,3,4,4.052083333333333,0.2,0.25,0.2222222222222222,0.7403598971722366,21.0,21.0,0,1,1,4,[21.0],
CGMacros-010,prediabetes,bl,persTMA,native,6290.967901747783,18,8,8,0,4,4,3,2,5,4.052083333333333,0.375,0.6,0.46153846153846156,0.49357326478149105,-6.666666666666667,10.0,1,4,2,4,"[20.0, 10.0, -50.0]",55.0
CGMacros-010,prediabetes,bl,popTMA,C05,3855.4278480851863,29,8,8,0,4,4,3,4,2,4.052083333333333,0.6,0.42857142857142855,0.5,0.9871465295629821,7.333333333333333,6.0,0,1,3,4,"[11.0, 5.0, 6.0]",
CGMacros-010,prediabetes,bl,popTMA,C05-15,3855.4278480851863,29,8,8,0,4,4,4,3,1,4.052083333333333,0.8,0.5714285714285714,0.6666666666666666,0.7403598971722366,2.75,5.5,1,1,3,4,"[11.0, 5.0, 6.0, -11.0]",
CGMacros-010,prediabetes,bl,popTMA,native,3855.4278480851863,29,8,8,0,4,4,8,1,0,4.052083333333333,1.0,0.8888888888888888,0.9411764705882353,0.24678663239074553,-7.5,2.5,4,4,4,4,"[10.0, 0.0, 5.0, 5.0, 5.0, -15.0, -55.0, -15.0]",72.5
CGMacros-010,prediabetes,bl_silDS,persTMA,C05,4419.831680138108,18,8,8,0,4,4,3,2,2,4.052083333333333,0.6,0.6,0.6,0.49357326478149105,19.0,20.0,0,1,3,4,"[21.0, 20.0, 16.0]",
CGMacros-010,prediabetes,bl_silDS,persTMA,C05-15,4419.831680138108,18,8,8,0,4,4,4,1,1,4.052083333333333,0.8,0.8,0.8,0.24678663239074553,14.0,18.0,1,1,3,4,"[21.0, 20.0, 16.0, -1.0]",
CGMacros-010,prediabetes,bl_silDS,persTMA,native,4419.831680138108,18,8,8,0,4,4,8,0,0,4.052083333333333,1.0,1.0,1.0,0.0,1.25,7.5,4,4,4,4,"[20.0, 10.0, 20.0, 5.0, 15.0, -5.0, -50.0, -5.0]",52.5
CGMacros-010,prediabetes,bl_silDS,popTMA,C05,3855.4278480851863,29,8,8,0,4,4,3,2,2,4.052083333333333,0.6,0.6,0.6,0.49357326478149105,7.333333333333333,6.0,0,1,3,4,"[11.0, 5.0, 6.0]",
CGMacros-010,prediabetes,bl_silDS,popTMA,C05-15,3855.4278480851863,29,8,8,0,4,4,4,1,1,4.052083333333333,0.8,0.8,0.8,0.24678663239074553,2.75,5.5,1,1,3,4,"[11.0, 5.0, 6.0, -11.0]",
CGMacros-010,prediabetes,bl_silDS,popTMA,native,3855.4278480851863,29,8,8,0,4,4,8,0,0,4.052083333333333,1.0,1.0,1.0,0.0,-7.5,2.5,4,4,4,4,"[10.0, 0.0, 5.0, 5.0, 5.0, -15.0, -55.0, -15.0]",72.5
CGMacros-011,prediabetes,rescore,persTMA,C05,3086.4204817877453,24,8,8,0,4,4,5,4,3,3.875,0.625,0.5555555555555556,0.5882352941176471,1.032258064516129,35.8,24.0,3,4,2,4,"[89.0, 17.0, 24.0, 30.0, 19.0]",
CGMacros-011,prediabetes,rescore,persTMA,C05-15,3086.4204817877453,24,8,8,0,4,4,6,3,2,3.875,0.75,0.6666666666666666,0.7058823529411765,0.7741935483870968,29.333333333333332,21.5,3,4,3,4,"[89.0, 17.0, 24.0, 30.0, 19.0, -3.0]",
CGMacros-011,prediabetes,rescore,persTMA,native,3086.4204817877453,24,8,8,0,4,4,6,4,2,3.875,0.75,0.6,0.6666666666666666,1.032258064516129,6.666666666666667,15.0,3,4,3,4,"[-35.0, 15.0, 20.0, 30.0, 15.0, -5.0]",75.0
CGMacros-011,prediabetes,rescore,popTMA,C05,4746.673219762568,32,8,8,0,4,4,1,5,7,3.875,0.125,0.16666666666666666,0.14285714285714285,1.2903225806451613,39.0,39.0,0,4,1,4,[39.0],
CGMacros-011,prediabetes,rescore,popTMA,C05-15,4746.673219762568,32,8,8,0,4,4,1,5,7,3.875,0.125,0.16666666666666666,0.14285714285714285,1.2903225806451613,39.0,39.0,0,4,1,4,[39.0],
CGMacros-011,prediabetes,rescore,popTMA,native,4746.673219762568,32,8,8,0,4,4,6,0,2,3.875,0.75,1.0,0.8571428571428571,0.0,-20.833333333333332,-27.5,3,4,3,4,"[35.0, -30.0, -25.0, -20.0, -35.0, -50.0]",52.5
CGMacros-011,prediabetes,bl,persTMA,C05,4640.831789519465,14,8,8,0,4,4,1,5,7,3.875,0.125,0.16666666666666666,0.14285714285714285,1.2903225806451613,5.0,5.0,0,4,1,4,[5.0],
CGMacros-011,prediabetes,bl,persTMA,C05-15,4640.831789519465,14,8,8,0,4,4,4,2,4,3.875,0.5,0.6666666666666666,0.5714285714285714,0.5161290322580645,-3.75,-6.0,3,4,1,4,"[-8.0, -6.0, 5.0, -6.0]",
CGMacros-011,prediabetes,bl,persTMA,native,4640.831789519465,14,8,8,0,4,4,5,0,3,3.875,0.625,1.0,0.7692307692307693,0.0,-13.0,-10.0,3,4,2,4,"[-10.0, -10.0, 5.0, -10.0, -40.0]",25.0
CGMacros-011,prediabetes,bl,popTMA,C05,4570.690865413118,29,8,8,0,4,4,1,6,7,3.875,0.125,0.14285714285714285,0.13333333333333333,1.5483870967741935,54.0,54.0,0,4,1,4,[54.0],
CGMacros-011,prediabetes,bl,popTMA,C05-15,4570.690865413118,29,8,8,0,4,4,3,4,5,3.875,0.375,0.42857142857142855,0.4,1.032258064516129,12.666666666666666,-5.0,1,4,2,4,"[54.0, -11.0, -5.0]",
CGMacros-011,prediabetes,bl,popTMA,native,4570.690865413118,29,8,8,0,4,4,6,0,2,3.875,0.75,1.0,0.8571428571428571,0.0,-8.333333333333334,-17.5,3,4,3,4,"[50.0, -20.0, -15.0, -5.0, -20.0, -40.0]",52.5
CGMacros-011,prediabetes,bl_silDS,persTMA,C05,2845.984612738899,14,8,8,0,4,4,3,7,5,3.875,0.375,0.3,0.3333333333333333,1.8064516129032258,58.666666666666664,64.0,0,4,3,4,"[64.0, 5.0, 107.0]",
CGMacros-011,prediabetes,bl_silDS,persTMA,C05-15,2845.984612738899,14,8,8,0,4,4,6,4,2,3.875,0.75,0.6,0.6666666666666666,1.032258064516129,26.0,-0.5,3,4,3,4,"[64.0, -8.0, -6.0, 5.0, -6.0, 107.0]",
CGMacros-011,prediabetes,bl_silDS,persTMA,native,2845.984612738899,14,8,8,0,4,4,7,2,1,3.875,0.875,0.7777777777777778,0.8235294117647058,0.5161290322580645,-5.0,-10.0,4,4,3,4,"[60.0, -10.0, -10.0, 5.0, -10.0, -40.0, -30.0]",25.0
CGMacros-011,prediabetes,bl_silDS,popTMA,C05,3872.5686667619666,29,8,8,0,4,4,1,7,7,3.875,0.125,0.125,0.125,1.8064516129032258,54.0,54.0,0,4,1,4,[54.0],
CGMacros-011,prediabetes,bl_silDS,popTMA,C05-15,3872.5686667619666,29,8,8,0,4,4,3,5,5,3.875,0.375,0.375,0.375,1.2903225806451613,12.666666666666666,-5.0,1,4,2,4,"[54.0, -11.0, -5.0]",
CGMacros-011,prediabetes,bl_silDS,popTMA,native,3872.5686667619666,29,8,8,0,4,4,6,1,2,3.875,0.75,0.8571428571428571,0.8,0.25806451612903225,-25.833333333333332,-20.0,3,4,3,4,"[-55.0, -20.0, -15.0, -5.0, -20.0, -40.0]",50.0
CGMacros-012,T2D,rescore,persTMA,C05,5593.548675881328,22,7,7,0,3,4,2,6,5,3.8159722222222223,0.2857142857142857,0.25,0.26666666666666666,1.5723384895359418,6.0,6.0,0,3,2,4,"[4.0, 8.0]",
CGMacros-012,T2D,rescore,persTMA,C05-15,5593.548675881328,22,7,7,0,3,4,6,2,1,3.8159722222222223,0.8571428571428571,0.75,0.8,0.5241128298453139,-3.6666666666666665,-4.5,2,3,4,4,"[4.0, -13.0, -5.0, -4.0, -12.0, 8.0]",
CGMacros-012,T2D,rescore,persTMA,native,5593.548675881328,22,7,7,0,3,4,7,1,0,3.8159722222222223,1.0,0.875,0.9333333333333333,0.26205641492265697,-8.571428571428571,-5.0,3,3,4,4,"[0.0, -15.0, -5.0, -25.0, -5.0, -15.0, 5.0]",50.0
CGMacros-012,T2D,rescore,popTMA,C05,3936.722949972369,31,7,7,0,3,4,4,4,3,3.8159722222222223,0.5714285714285714,0.5,0.5333333333333333,1.0482256596906279,9.5,9.5,0,3,4,4,"[14.0, 5.0, 6.0, 13.0]",
CGMacros-012,T2D,rescore,popTMA,C05-15,3936.722949972369,31,7,7,0,3,4,6,2,1,3.8159722222222223,0.8571428571428571,0.75,0.8,0.5241128298453139,3.8333333333333335,5.5,2,3,4,4,"[14.0, -8.0, 5.0, 6.0, -7.0, 13.0]",
CGMacros-012,T2D,rescore,popTMA,native,3936.722949972369,31,7,7,0,3,4,7,1,0,3.8159722222222223,1.0,0.875,0.9333333333333333,0.26205641492265697,-1.4285714285714286,5.0,3,3,4,4,"[10.0, -10.0, 5.0, -20.0, 5.0, -10.0, 10.0]",80.0
CGMacros-012,T2D,bl,persTMA,C05,6679.586917451452,27,7,7,0,3,4,4,2,3,3.8159722222222223,0.5714285714285714,0.6666666666666666,0.6153846153846154,0.5241128298453139,18.0,18.0,2,3,2,4,"[29.0, 7.0, 8.0, 28.0]",
CGMacros-012,T2D,bl,persTMA,C05-15,6679.586917451452,27,7,7,0,3,4,5,1,2,3.8159722222222223,0.7142857142857143,0.8333333333333334,0.7692307692307693,0.26205641492265697,13.6,8.0,3,3,2,4,"[29.0, 7.0, -4.0, 8.0, 28.0]",
CGMacros-012,T2D,bl,persTMA,native,6679.586917451452,27,7,7,0,3,4,5,1,2,3.8159722222222223,0.7142857142857143,0.8333333333333334,0.7692307692307693,0.26205641492265697,11.0,5.0,3,3,2,4,"[25.0, 5.0, -5.0, 5.0, 25.0]",70.0
CGMacros-012,T2D,bl,popTMA,C05,4576.130465290687,28,7,7,0,3,4,4,2,3,3.8159722222222223,0.5714285714285714,0.6666666666666666,0.6153846153846154,0.5241128298453139,11.75,11.0,2,3,2,4,"[19.0, 2.0, 3.0, 23.0]",
CGMacros-012,T2D,bl,popTMA,C05-15,4576.130465290687,28,7,7,0,3,4,5,1,2,3.8159722222222223,0.7142857142857143,0.8333333333333334,0.7692307692307693,0.26205641492265697,7.6,3.0,3,3,2,4,"[19.0, 2.0, -9.0, 3.0, 23.0]",
CGMacros-012,T2D,bl,popTMA,native,4576.130465290687,28,7,7,0,3,4,5,1,2,3.8159722222222223,0.7142857142857143,0.8333333333333334,0.7692307692307693,0.26205641492265697,5.0,0.0,3,3,2,4,"[15.0, 0.0, -10.0, 0.0, 20.0]",70.0
CGMacros-012,T2D,bl_silDS,persTMA,C05,6679.586917451452,27,7,7,0,3,4,4,2,3,3.8159722222222223,0.5714285714285714,0.6666666666666666,0.6153846153846154,0.5241128298453139,18.0,18.0,2,3,2,4,"[29.0, 7.0, 8.0, 28.0]",
CGMacros-012,T2D,bl_silDS,persTMA,C05-15,6679.586917451452,27,7,7,0,3,4,5,1,2,3.8159722222222223,0.7142857142857143,0.8333333333333334,0.7692307692307693,0.26205641492265697,13.6,8.0,3,3,2,4,"[29.0, 7.0, -4.0, 8.0, 28.0]",
CGMacros-012,T2D,bl_silDS,persTMA,native,6679.586917451452,27,7,7,0,3,4,5,1,2,3.8159722222222223,0.7142857142857143,0.8333333333333334,0.7692307692307693,0.26205641492265697,11.0,5.0,3,3,2,4,"[25.0, 5.0, -5.0, 5.0, 25.0]",70.0
CGMacros-012,T2D,bl_silDS,popTMA,C05,3105.1240195868413,28,7,7,0,3,4,6,2,1,3.8159722222222223,0.8571428571428571,0.75,0.8,0.5241128298453139,11.333333333333334,10.5,2,3,4,4,"[19.0, 2.0, 10.0, 11.0, 3.0, 23.0]",
CGMacros-012,T2D,bl_silDS,popTMA,C05-15,3105.1240195868413,28,7,7,0,3,4,7,1,0,3.8159722222222223,1.0,0.875,0.9333333333333333,0.26205641492265697,8.428571428571429,10.0,3,3,4,4,"[19.0, 2.0, 10.0, -9.0, 11.0, 3.0, 23.0]",
CGMacros-012,T2D,bl_silDS,popTMA,native,3105.1240195868413,28,7,7,0,3,4,7,1,0,3.8159722222222223,1.0,0.875,0.9333333333333333,0.26205641492265697,6.428571428571429,10.0,3,3,4,4,"[15.0, 0.0, 10.0, -10.0, 10.0, 0.0, 20.0]",80.0
CGMacros-013,prediabetes,rescore,persTMA,C05,5403.849311778336,29,7,7,0,4,3,2,4,3,3.6354166666666665,0.4,0.3333333333333333,0.36363636363636365,1.1002865329512894,57.0,57.0,1,2,1,3,"[4.0, 110.0]",
CGMacros-013,prediabetes,rescore,persTMA,C05-15,5403.849311778336,29,7,7,0,4,3,2,4,3,3.6354166666666665,0.4,0.3333333333333333,0.36363636363636365,1.1002865329512894,57.0,57.0,1,2,1,3,"[4.0, 110.0]",
CGMacros-013,prediabetes,rescore,persTMA,native,5403.849311778336,29,7,7,0,4,3,7,3,0,3.6354166666666665,1.0,0.7,0.8235294117647058,0.8252148997134671,-42.857142857142854,-30.0,4,4,3,3,"[-20.0, 0.0, -25.0, -30.0, -80.0, -70.0, -75.0]",40.0
CGMacros-013,prediabetes,rescore,popTMA,C05,5110.02995700379,31,7,7,0,4,3,3,7,2,3.6354166666666665,0.6,0.3,0.4,1.9255014326647566,37.333333333333336,39.0,0,2,3,3,"[69.0, 39.0, 4.0]",
CGMacros-013,prediabetes,rescore,popTMA,C05-15,5110.02995700379,31,7,7,0,4,3,4,6,1,3.6354166666666665,0.8,0.4,0.5333333333333333,1.6504297994269341,24.25,21.5,1,2,3,3,"[69.0, 39.0, -15.0, 4.0]",
CGMacros-013,prediabetes,rescore,popTMA,native,5110.02995700379,31,7,7,0,4,3,4,3,3,3.6354166666666665,0.5714285714285714,0.5714285714285714,0.5714285714285714,0.8252148997134671,16.25,17.5,2,4,2,3,"[45.0, 35.0, -15.0, 0.0]",92.5
CGMacros-013,prediabetes,bl,persTMA,C05,16544.611068423517,29,7,7,0,4,3,2,3,3,3.6354166666666665,0.4,0.4,0.4,0.8252148997134671,57.0,57.0,1,2,1,3,"[4.0, 110.0]",
CGMacros-013,prediabetes,bl,persTMA,C05-15,16544.611068423517,29,7,7,0,4,3,2,3,3,3.6354166666666665,0.4,0.4,0.4,0.8252148997134671,57.0,57.0,1,2,1,3,"[4.0, 110.0]",
CGMacros-013,prediabetes,bl,persTMA,native,16544.611068423517,29,7,7,0,4,3,5,1,2,3.6354166666666665,0.7142857142857143,0.8333333333333334,0.7692307692307693,0.27507163323782235,-40.0,-30.0,2,4,3,3,"[-20.0, 0.0, -30.0, -80.0, -70.0]",40.0
CGMacros-013,prediabetes,bl,popTMA,C05,4127.952530068847,28,7,7,0,4,3,3,7,2,3.6354166666666665,0.6,0.3,0.4,1.9255014326647566,42.333333333333336,44.0,0,2,3,3,"[74.0, 44.0, 9.0]",
CGMacros-013,prediabetes,bl,popTMA,C05-15,4127.952530068847,28,7,7,0,4,3,4,6,1,3.6354166666666665,0.8,0.4,0.5333333333333333,1.6504297994269341,30.5,26.5,1,2,3,3,"[74.0, 44.0, -5.0, 9.0]",
CGMacros-013,prediabetes,bl,popTMA,native,4127.952530068847,28,7,7,0,4,3,4,4,3,3.6354166666666665,0.5714285714285714,0.5,0.5333333333333333,1.1002865329512894,22.5,22.5,2,4,2,3,"[50.0, 40.0, -5.0, 5.0]",92.5
CGMacros-013,prediabetes,bl_silDS,persTMA,C05,8310.134987424906,29,7,7,0,4,3,2,1,3,3.6354166666666665,0.4,0.6666666666666666,0.5,0.27507163323782235,57.0,57.0,1,2,1,3,"[4.0, 110.0]",
CGMacros-013,prediabetes,bl_silDS,persTMA,C05-15,8310.134987424906,29,7,7,0,4,3,2,1,3,3.6354166666666665,0.4,0.6666666666666666,0.5,0.27507163323782235,57.0,57.0,1,2,1,3,"[4.0, 110.0]",
CGMacros-013,prediabetes,bl_silDS,persTMA,native,8310.134987424906,29,7,7,0,4,3,7,0,0,3.6354166666666665,1.0,1.0,1.0,0.0,-42.857142857142854,-30.0,4,4,3,3,"[-20.0, 0.0, -25.0, -30.0, -80.0, -70.0, -75.0]",40.0
CGMacros-013,prediabetes,bl_silDS,popTMA,C05,3260.389313335814,28,7,7,0,4,3,3,6,2,3.6354166666666665,0.6,0.3333333333333333,0.42857142857142855,1.6504297994269341,42.333333333333336,44.0,0,2,3,3,"[74.0, 44.0, 9.0]",
CGMacros-013,prediabetes,bl_silDS,popTMA,C05-15,3260.389313335814,28,7,7,0,4,3,4,5,1,3.6354166666666665,0.8,0.4444444444444444,0.5714285714285714,1.3753581661891119,30.5,26.5,1,2,3,3,"[74.0, 44.0, -5.0, 9.0]",
CGMacros-013,prediabetes,bl_silDS,popTMA,native,3260.389313335814,28,7,7,0,4,3,4,3,3,3.6354166666666665,0.5714285714285714,0.5714285714285714,0.5714285714285714,0.8252148997134671,22.5,22.5,2,4,2,3,"[50.0, 40.0, -5.0, 5.0]",92.5
CGMacros-014,T2D,rescore,persTMA,C05,1458.2201711532925,21,6,6,0,3,3,6,4,0,3.7430555555555554,1.0,0.6,0.75,1.0686456400742115,46.166666666666664,38.5,3,3,3,3,"[24.0, 58.0, 23.0, 53.0, 22.0, 97.0]",
CGMacros-014,T2D,rescore,persTMA,C05-15,1458.2201711532925,21,6,6,0,3,3,6,4,0,3.7430555555555554,1.0,0.6,0.75,1.0686456400742115,46.166666666666664,38.5,3,3,3,3,"[24.0, 58.0, 23.0, 53.0, 22.0, 97.0]",
CGMacros-014,T2D,rescore,persTMA,native,1458.2201711532925,21,6,6,0,3,3,5,7,1,3.7430555555555554,0.8333333333333334,0.4166666666666667,0.5555555555555556,1.8701298701298703,33.0,20.0,3,3,2,3,"[20.0, 55.0, 20.0, 50.0, 20.0]",70.0
CGMacros-014,T2D,rescore,popTMA,C05,4952.12673159517,31,6,6,0,3,3,3,4,3,3.7430555555555554,0.5,0.42857142857142855,0.46153846153846156,1.0686456400742115,7.666666666666667,8.0,0,3,3,3,"[3.0, 8.0, 12.0]",
CGMacros-014,T2D,rescore,popTMA,C05-15,4952.12673159517,31,6,6,0,3,3,3,4,3,3.7430555555555554,0.5,0.42857142857142855,0.46153846153846156,1.0686456400742115,7.666666666666667,8.0,0,3,3,3,"[3.0, 8.0, 12.0]",
CGMacros-014,T2D,rescore,popTMA,native,4952.12673159517,31,6,6,0,3,3,6,0,0,3.7430555555555554,1.0,1.0,1.0,0.0,-9.166666666666666,-10.0,3,3,3,3,"[-25.0, 0.0, -20.0, 5.0, -25.0, 10.0]",65.0
CGMacros-014,T2D,bl,persTMA,C05,1458.2201711532925,21,6,6,0,3,3,6,4,0,3.7430555555555554,1.0,0.6,0.75,1.0686456400742115,46.166666666666664,38.5,3,3,3,3,"[24.0, 58.0, 23.0, 53.0, 22.0, 97.0]",
CGMacros-014,T2D,bl,persTMA,C05-15,1458.2201711532925,21,6,6,0,3,3,6,4,0,3.7430555555555554,1.0,0.6,0.75,1.0686456400742115,46.166666666666664,38.5,3,3,3,3,"[24.0, 58.0, 23.0, 53.0, 22.0, 97.0]",
CGMacros-014,T2D,bl,persTMA,native,1458.2201711532925,21,6,6,0,3,3,5,7,1,3.7430555555555554,0.8333333333333334,0.4166666666666667,0.5555555555555556,1.8701298701298703,33.0,20.0,3,3,2,3,"[20.0, 55.0, 20.0, 50.0, 20.0]",70.0
CGMacros-014,T2D,bl,popTMA,C05,3410.5596539670114,28,6,6,0,3,3,3,5,3,3.7430555555555554,0.5,0.375,0.42857142857142855,1.3358070500927643,14.333333333333334,13.0,0,3,3,3,"[13.0, 13.0, 17.0]",
CGMacros-014,T2D,bl,popTMA,C05-15,3410.5596539670114,28,6,6,0,3,3,5,3,1,3.7430555555555554,0.8333333333333334,0.625,0.7142857142857143,0.8014842300556587,4.6,13.0,2,3,3,3,"[13.0, -7.0, 13.0, -13.0, 17.0]",
CGMacros-014,T2D,bl,popTMA,native,3410.5596539670114,28,6,6,0,3,3,6,0,0,3.7430555555555554,1.0,1.0,1.0,0.0,-1.6666666666666667,0.0,3,3,3,3,"[-20.0, 10.0, -10.0, 10.0, -15.0, 15.0]",70.0
CGMacros-014,T2D,bl_silDS,persTMA,C05,1458.2201711532925,21,6,6,0,3,3,6,3,0,3.7430555555555554,1.0,0.6666666666666666,0.8,0.8014842300556587,46.166666666666664,38.5,3,3,3,3,"[24.0, 58.0, 23.0, 53.0, 22.0, 97.0]",
CGMacros-014,T2D,bl_silDS,persTMA,C05-15,1458.2201711532925,21,6,6,0,3,3,6,3,0,3.7430555555555554,1.0,0.6666666666666666,0.8,0.8014842300556587,46.166666666666664,38.5,3,3,3,3,"[24.0, 58.0, 23.0, 53.0, 22.0, 97.0]",
CGMacros-014,T2D,bl_silDS,persTMA,native,1458.2201711532925,21,6,6,0,3,3,5,7,1,3.7430555555555554,0.8333333333333334,0.4166666666666667,0.5555555555555556,1.8701298701298703,33.0,20.0,3,3,2,3,"[20.0, 55.0, 20.0, 50.0, 20.0]",70.0
CGMacros-014,T2D,bl_silDS,popTMA,C05,3108.0102248696967,28,6,6,0,3,3,3,5,3,3.7430555555555554,0.5,0.375,0.42857142857142855,1.3358070500927643,14.333333333333334,13.0,0,3,3,3,"[13.0, 13.0, 17.0]",
CGMacros-014,T2D,bl_silDS,popTMA,C05-15,3108.0102248696967,28,6,6,0,3,3,5,3,1,3.7430555555555554,0.8333333333333334,0.625,0.7142857142857143,0.8014842300556587,4.6,13.0,2,3,3,3,"[13.0, -7.0, 13.0, -13.0, 17.0]",
CGMacros-014,T2D,bl_silDS,popTMA,native,3108.0102248696967,28,6,6,0,3,3,6,1,0,3.7430555555555554,1.0,0.8571428571428571,0.9230769230769231,0.26716141001855287,-1.6666666666666667,0.0,3,3,3,3,"[-20.0, 10.0, -10.0, 10.0, -15.0, 15.0]",70.0
CGMacros-015,healthy,rescore,persTMA,C05,819.599019659026,11,6,6,0,3,3,4,1,2,3.5972222222222223,0.6666666666666666,0.8,0.7272727272727273,0.277992277992278,31.5,37.0,3,3,1,3,"[6.0, 40.0, 34.0, 46.0]",
CGMacros-015,healthy,rescore,persTMA,C05-15,819.599019659026,11,6,6,0,3,3,4,1,2,3.5972222222222223,0.6666666666666666,0.8,0.7272727272727273,0.277992277992278,31.5,37.0,3,3,1,3,"[6.0, 40.0, 34.0, 46.0]",
CGMacros-015,healthy,rescore,persTMA,native,819.599019659026,11,6,6,0,3,3,5,1,1,3.5972222222222223,0.8333333333333334,0.8333333333333334,0.8333333333333334,0.277992277992278,18.0,30.0,3,3,2,3,"[5.0, 40.0, -30.0, 30.0, 45.0]",55.0
CGMacros-015,healthy,rescore,popTMA,C05,4886.948391917322,32,6,6,0,3,3,0,6,6,3.5972222222222223,0.0,0.0,0.0,1.667953667953668,,,0,3,0,3,[],
CGMacros-015,healthy,rescore,popTMA,C05-15,4886.948391917322,32,6,6,0,3,3,2,4,4,3.5972222222222223,0.3333333333333333,0.3333333333333333,0.3333333333333333,1.111969111969112,-9.5,-9.5,1,3,1,3,"[-15.0, -4.0]",
CGMacros-015,healthy,rescore,popTMA,native,4886.948391917322,32,6,6,0,3,3,4,1,2,3.5972222222222223,0.6666666666666666,0.8,0.7272727272727273,0.277992277992278,-22.5,-20.0,3,3,1,3,"[-45.0, -15.0, -25.0, -5.0]",60.0
CGMacros-015,healthy,bl,persTMA,C05,1223.5210157912416,12,6,6,0,3,3,2,4,4,3.5972222222222223,0.3333333333333333,0.3333333333333333,0.3333333333333333,1.111969111969112,10.5,10.5,1,3,1,3,"[5.0, 16.0]",
CGMacros-015,healthy,bl,persTMA,C05-15,1223.5210157912416,12,6,6,0,3,3,3,3,3,3.5972222222222223,0.5,0.5,0.5,0.833976833976834,2.3333333333333335,5.0,2,3,1,3,"[-14.0, 5.0, 16.0]",
CGMacros-015,healthy,bl,persTMA,native,1223.5210157912416,12,6,6,0,3,3,3,3,3,3.5972222222222223,0.5,0.5,0.5,0.833976833976834,1.6666666666666667,5.0,2,3,1,3,"[-15.0, 5.0, 15.0]",35.0
CGMacros-015,healthy,bl,popTMA,C05,3928.7634013736024,29,6,6,0,3,3,1,6,5,3.5972222222222223,0.16666666666666666,0.14285714285714285,0.15384615384615385,1.667953667953668,6.0,6.0,0,3,1,3,[6.0],
CGMacros-015,healthy,bl,popTMA,C05-15,3928.7634013736024,29,6,6,0,3,3,3,4,3,3.5972222222222223,0.5,0.42857142857142855,0.46153846153846156,1.111969111969112,-1.6666666666666667,-5.0,2,3,1,3,"[-5.0, -6.0, 6.0]",
CGMacros-015,healthy,bl,popTMA,native,3928.7634013736024,29,6,6,0,3,3,4,2,2,3.5972222222222223,0.6666666666666666,0.6666666666666666,0.6666666666666666,0.555984555984556,-11.25,-7.5,3,3,1,3,"[-35.0, -5.0, -10.0, 5.0]",62.5
CGMacros-015,healthy,bl_silDS,persTMA,C05,1223.5210157912416,12,6,6,0,3,3,2,1,4,3.5972222222222223,0.3333333333333333,0.6666666666666666,0.4444444444444444,0.277992277992278,10.5,10.5,1,3,1,3,"[5.0, 16.0]",
CGMacros-015,healthy,bl_silDS,persTMA,C05-15,1223.5210157912416,12,6,6,0,3,3,3,0,3,3.5972222222222223,0.5,1.0,0.6666666666666666,0.0,2.3333333333333335,5.0,2,3,1,3,"[-14.0, 5.0, 16.0]",
CGMacros-015,healthy,bl_silDS,persTMA,native,1223.5210157912416,12,6,6,0,3,3,3,1,3,3.5972222222222223,0.5,0.75,0.6,0.277992277992278,1.6666666666666667,5.0,2,3,1,3,"[-15.0, 5.0, 15.0]",35.0
CGMacros-015,healthy,bl_silDS,popTMA,C05,3928.7634013736024,29,6,6,0,3,3,1,3,5,3.5972222222222223,0.16666666666666666,0.25,0.2,0.833976833976834,6.0,6.0,0,3,1,3,[6.0],
CGMacros-015,healthy,bl_silDS,popTMA,C05-15,3928.7634013736024,29,6,6,0,3,3,3,1,3,3.5972222222222223,0.5,0.75,0.6,0.277992277992278,-1.6666666666666667,-5.0,2,3,1,3,"[-5.0, -6.0, 6.0]",
CGMacros-015,healthy,bl_silDS,popTMA,native,3928.7634013736024,29,6,6,0,3,3,4,0,2,3.5972222222222223,0.6666666666666666,1.0,0.8,0.0,-11.25,-7.5,3,3,1,3,"[-35.0, -5.0, -10.0, 5.0]",62.5
CGMacros-016,prediabetes,rescore,persTMA,C05,1406.8307321068214,19,7,7,0,4,3,5,1,2,3.236111111111111,0.7142857142857143,0.8333333333333334,0.7692307692307693,0.30901287553648066,9.2,9.0,3,4,2,3,"[9.0, 8.0, 9.0, 5.0, 15.0]",
CGMacros-016,prediabetes,rescore,persTMA,C05-15,1406.8307321068214,19,7,7,0,4,3,5,1,2,3.236111111111111,0.7142857142857143,0.8333333333333334,0.7692307692307693,0.30901287553648066,9.2,9.0,3,4,2,3,"[9.0, 8.0, 9.0, 5.0, 15.0]",
CGMacros-016,prediabetes,rescore,persTMA,native,1406.8307321068214,19,7,7,0,4,3,5,3,2,3.236111111111111,0.7142857142857143,0.625,0.6666666666666666,0.927038626609442,7.0,5.0,3,4,2,3,"[5.0, 5.0, 5.0, 5.0, 15.0]",50.0
CGMacros-016,prediabetes,rescore,popTMA,C05,4964.3943603087755,31,7,7,0,4,3,0,7,7,3.236111111111111,0.0,0.0,0.0,2.163090128755365,,,0,4,0,3,[],
CGMacros-016,prediabetes,rescore,popTMA,C05-15,4964.3943603087755,31,7,7,0,4,3,1,6,6,3.236111111111111,0.14285714285714285,0.14285714285714285,0.14285714285714285,1.854077253218884,-10.0,-10.0,0,4,1,3,[-10.0],
CGMacros-016,prediabetes,rescore,popTMA,native,4964.3943603087755,31,7,7,0,4,3,5,1,2,3.236111111111111,0.7142857142857143,0.8333333333333334,0.7692307692307693,0.30901287553648066,-20.0,-20.0,3,4,2,3,"[-25.0, -20.0, -20.0, -25.0, -10.0]",55.0
CGMacros-016,prediabetes,bl,persTMA,C05,1782.81994740145,15,7,7,0,4,3,1,5,6,3.236111111111111,0.14285714285714285,0.16666666666666666,0.15384615384615385,1.5450643776824033,0.0,0.0,0,4,1,3,[0.0],
CGMacros-016,prediabetes,bl,persTMA,C05-15,1782.81994740145,15,7,7,0,4,3,5,1,2,3.236111111111111,0.7142857142857143,0.8333333333333334,0.7692307692307693,0.30901287553648066,-3.8,-2.0,3,4,2,3,"[-6.0, -2.0, -1.0, -10.0, 0.0]",
CGMacros-016,prediabetes,bl,persTMA,native,1782.81994740145,15,7,7,0,4,3,5,1,2,3.236111111111111,0.7142857142857143,0.8333333333333334,0.7692307692307693,0.30901287553648066,-6.0,-5.0,3,4,2,3,"[-10.0, -5.0, -5.0, -10.0, 0.0]",30.0
CGMacros-016,prediabetes,bl,popTMA,C05,3933.2936841641204,29,7,7,0,4,3,0,7,7,3.236111111111111,0.0,0.0,0.0,2.163090128755365,,,0,4,0,3,[],
CGMacros-016,prediabetes,bl,popTMA,C05-15,3933.2936841641204,29,7,7,0,4,3,3,4,4,3.236111111111111,0.42857142857142855,0.42857142857142855,0.42857142857142855,1.2360515021459226,-11.0,-11.0,1,4,2,3,"[-12.0, -11.0, -10.0]",
CGMacros-016,prediabetes,bl,popTMA,native,3933.2936841641204,29,7,7,0,4,3,5,1,2,3.236111111111111,0.7142857142857143,0.8333333333333334,0.7692307692307693,0.30901287553648066,-17.0,-15.0,3,4,2,3,"[-20.0, -15.0, -15.0, -25.0, -10.0]",55.0
CGMacros-016,prediabetes,bl_silDS,persTMA,C05,1782.81994740145,15,7,7,0,4,3,1,4,6,3.236111111111111,0.14285714285714285,0.2,0.16666666666666666,1.2360515021459226,0.0,0.0,0,4,1,3,[0.0],
CGMacros-016,prediabetes,bl_silDS,persTMA,C05-15,1782.81994740145,15,7,7,0,4,3,5,0,2,3.236111111111111,0.7142857142857143,1.0,0.8333333333333334,0.0,-3.8,-2.0,3,4,2,3,"[-6.0, -2.0, -1.0, -10.0, 0.0]",
CGMacros-016,prediabetes,bl_silDS,persTMA,native,1782.81994740145,15,7,7,0,4,3,5,0,2,3.236111111111111,0.7142857142857143,1.0,0.8333333333333334,0.0,-6.0,-5.0,3,4,2,3,"[-10.0, -5.0, -5.0, -10.0, 0.0]",30.0
CGMacros-016,prediabetes,bl_silDS,popTMA,C05,3933.2936841641204,29,7,7,0,4,3,0,6,7,3.236111111111111,0.0,0.0,0.0,1.854077253218884,,,0,4,0,3,[],
CGMacros-016,prediabetes,bl_silDS,popTMA,C05-15,3933.2936841641204,29,7,7,0,4,3,3,3,4,3.236111111111111,0.42857142857142855,0.5,0.46153846153846156,0.927038626609442,-11.0,-11.0,1,4,2,3,"[-12.0, -11.0, -10.0]",
CGMacros-016,prediabetes,bl_silDS,popTMA,native,3933.2936841641204,29,7,7,0,4,3,5,0,2,3.236111111111111,0.7142857142857143,1.0,0.8333333333333334,0.0,-17.0,-15.0,3,4,2,3,"[-20.0, -15.0, -15.0, -25.0, -10.0]",55.0
CGMacros-017,healthy,rescore,persTMA,C05,1596.553142172681,14,8,7,1,4,3,7,1,0,4.253472222222222,1.0,0.875,0.9333333333333333,0.23510204081632652,20.285714285714285,18.0,4,4,3,3,"[35.0, 34.0, 4.0, 18.0, 35.0, 1.0, 15.0]",
CGMacros-017,healthy,rescore,persTMA,C05-15,1596.553142172681,14,8,7,1,4,3,7,1,0,4.253472222222222,1.0,0.875,0.9333333333333333,0.23510204081632652,20.285714285714285,18.0,4,4,3,3,"[35.0, 34.0, 4.0, 18.0, 35.0, 1.0, 15.0]",
CGMacros-017,healthy,rescore,persTMA,native,1596.553142172681,14,8,7,1,4,3,7,2,0,4.253472222222222,1.0,0.7777777777777778,0.875,0.47020408163265304,18.571428571428573,15.0,4,4,3,3,"[35.0, 30.0, 0.0, 15.0, 35.0, 0.0, 15.0]",50.0
CGMacros-017,healthy,rescore,popTMA,C05,4048.0326230915744,31,8,7,1,4,3,2,5,5,4.253472222222222,0.2857142857142857,0.2857142857142857,0.2857142857142857,1.1755102040816325,51.0,51.0,1,4,1,3,"[14.0, 88.0]",
CGMacros-017,healthy,rescore,popTMA,C05-15,4048.0326230915744,31,8,7,1,4,3,4,3,3,4.253472222222222,0.5714285714285714,0.5714285714285714,0.5714285714285714,0.7053061224489796,21.75,4.5,2,4,2,3,"[-5.0, 14.0, 88.0, -10.0]",
CGMacros-017,healthy,rescore,popTMA,native,4048.0326230915744,31,8,7,1,4,3,6,1,1,4.253472222222222,0.8571428571428571,0.8571428571428571,0.8571428571428571,0.23510204081632652,-14.166666666666666,-15.0,4,4,2,3,"[-5.0, 10.0, -30.0, -20.0, -30.0, -10.0]",60.0
CGMacros-017,healthy,bl,persTMA,C05,2157.286858200241,14,8,7,1,4,3,3,1,4,4.253472222222222,0.42857142857142855,0.75,0.5454545454545454,0.23510204081632652,19.666666666666668,15.0,2,4,1,3,"[40.0, 4.0, 15.0]",
CGMacros-017,healthy,bl,persTMA,C05-15,2157.286858200241,14,8,7,1,4,3,3,1,4,4.253472222222222,0.42857142857142855,0.75,0.5454545454545454,0.23510204081632652,19.666666666666668,15.0,2,4,1,3,"[40.0, 4.0, 15.0]",
CGMacros-017,healthy,bl,persTMA,native,2157.286858200241,14,8,7,1,4,3,3,2,4,4.253472222222222,0.42857142857142855,0.6,0.5,0.47020408163265304,18.333333333333332,15.0,2,4,1,3,"[40.0, 0.0, 15.0]",50.0
CGMacros-017,healthy,bl,popTMA,C05,3929.9281169407986,29,8,7,1,4,3,3,4,4,4.253472222222222,0.42857142857142855,0.42857142857142855,0.42857142857142855,0.9404081632653061,35.666666666666664,14.0,2,4,1,3,"[0.0, 14.0, 93.0]",
CGMacros-017,healthy,bl,popTMA,C05-15,3929.9281169407986,29,8,7,1,4,3,4,2,3,4.253472222222222,0.5714285714285714,0.6666666666666666,0.6153846153846154,0.47020408163265304,-0.75,-2.5,2,4,2,3,"[0.0, 14.0, -12.0, -5.0]",
CGMacros-017,healthy,bl,popTMA,native,3929.9281169407986,29,8,7,1,4,3,6,1,1,4.253472222222222,0.8571428571428571,0.8571428571428571,0.8571428571428571,0.23510204081632652,-10.0,-10.0,4,4,2,3,"[0.0, 10.0, -25.0, -15.0, -25.0, -5.0]",60.0
CGMacros-017,healthy,bl_silDS,persTMA,C05,2157.286858200241,14,8,7,1,4,3,3,1,4,4.253472222222222,0.42857142857142855,0.75,0.5454545454545454,0.23510204081632652,19.666666666666668,15.0,2,4,1,3,"[40.0, 4.0, 15.0]",
CGMacros-017,healthy,bl_silDS,persTMA,C05-15,2157.286858200241,14,8,7,1,4,3,3,1,4,4.253472222222222,0.42857142857142855,0.75,0.5454545454545454,0.23510204081632652,19.666666666666668,15.0,2,4,1,3,"[40.0, 4.0, 15.0]",
CGMacros-017,healthy,bl_silDS,persTMA,native,2157.286858200241,14,8,7,1,4,3,3,2,4,4.253472222222222,0.42857142857142855,0.6,0.5,0.47020408163265304,18.333333333333332,15.0,2,4,1,3,"[40.0, 0.0, 15.0]",50.0
CGMacros-017,healthy,bl_silDS,popTMA,C05,3929.9281169407986,29,8,7,1,4,3,3,4,4,4.253472222222222,0.42857142857142855,0.42857142857142855,0.42857142857142855,0.9404081632653061,35.666666666666664,14.0,2,4,1,3,"[0.0, 14.0, 93.0]",
CGMacros-017,healthy,bl_silDS,popTMA,C05-15,3929.9281169407986,29,8,7,1,4,3,4,2,3,4.253472222222222,0.5714285714285714,0.6666666666666666,0.6153846153846154,0.47020408163265304,-0.75,-2.5,2,4,2,3,"[0.0, 14.0, -12.0, -5.0]",
CGMacros-017,healthy,bl_silDS,popTMA,native,3929.9281169407986,29,8,7,1,4,3,6,1,1,4.253472222222222,0.8571428571428571,0.8571428571428571,0.8571428571428571,0.23510204081632652,-10.0,-10.0,4,4,2,3,"[0.0, 10.0, -25.0, -15.0, -25.0, -5.0]",60.0
CGMacros-018,healthy,rescore,persTMA,C05,2305.097002404982,13,9,9,0,5,4,5,1,4,4.381944444444445,0.5555555555555556,0.8333333333333334,0.6666666666666666,0.2282091917591125,22.6,10.0,4,5,1,4,"[6.0, 14.0, 10.0, 5.0, 78.0]",
CGMacros-018,healthy,rescore,persTMA,C05-15,2305.097002404982,13,9,9,0,5,4,5,1,4,4.381944444444445,0.5555555555555556,0.8333333333333334,0.6666666666666666,0.2282091917591125,22.6,10.0,4,5,1,4,"[6.0, 14.0, 10.0, 5.0, 78.0]",
CGMacros-018,healthy,rescore,persTMA,native,2305.097002404982,13,9,9,0,5,4,6,0,3,4.381944444444445,0.6666666666666666,1.0,0.8,0.0,14.166666666666666,7.5,4,5,2,4,"[5.0, 10.0, 10.0, -20.0, 5.0, 75.0]",37.5
CGMacros-018,healthy,rescore,popTMA,C05,4942.816035175812,31,9,9,0,5,4,0,9,9,4.381944444444445,0.0,0.0,0.0,2.0538827258320125,,,0,5,0,4,[],
CGMacros-018,healthy,rescore,popTMA,C05-15,4942.816035175812,31,9,9,0,5,4,0,9,9,4.381944444444445,0.0,0.0,0.0,2.0538827258320125,,,0,5,0,4,[],
CGMacros-018,healthy,rescore,popTMA,native,4942.816035175812,31,9,9,0,5,4,8,0,1,4.381944444444445,0.8888888888888888,1.0,0.9411764705882353,0.0,-29.375,-27.5,5,5,3,4,"[-20.0, -35.0, -25.0, -20.0, -50.0, -30.0, -25.0, -30.0]",47.5
CGMacros-018,healthy,bl,persTMA,C05,1865.9637847189024,13,9,9,0,5,4,6,2,3,4.381944444444445,0.6666666666666666,0.75,0.7058823529411765,0.456418383518225,17.666666666666668,13.5,5,5,1,4,"[11.0, 14.0, 15.0, 5.0, 13.0, 48.0]",
CGMacros-018,healthy,bl,persTMA,C05-15,1865.9637847189024,13,9,9,0,5,4,6,1,3,4.381944444444445,0.6666666666666666,0.8571428571428571,0.75,0.2282091917591125,8.5,12.0,5,5,1,4,"[11.0, 14.0, 15.0, 5.0, 13.0, -7.0]",
CGMacros-018,healthy,bl,persTMA,native,1865.9637847189024,13,9,9,0,5,4,7,2,2,4.381944444444445,0.7777777777777778,0.7777777777777778,0.7777777777777778,0.456418383518225,2.857142857142857,10.0,5,5,2,4,"[10.0, 10.0, 15.0, -20.0, 5.0, 10.0, -10.0]",40.0
CGMacros-018,healthy,bl,popTMA,C05,4594.254084035212,29,9,9,0,5,4,0,9,9,4.381944444444445,0.0,0.0,0.0,2.0538827258320125,,,0,5,0,4,[],
CGMacros-018,healthy,bl,popTMA,C05-15,4594.254084035212,29,9,9,0,5,4,2,7,7,4.381944444444445,0.2222222222222222,0.2222222222222222,0.2222222222222222,1.5974643423137875,-14.5,-14.5,2,5,0,4,"[-14.0, -15.0]",
CGMacros-018,healthy,bl,popTMA,native,4594.254084035212,29,9,9,0,5,4,8,0,1,4.381944444444445,0.8888888888888888,1.0,0.9411764705882353,0.0,-25.625,-25.0,5,5,3,4,"[-15.0, -35.0, -20.0, -15.0, -45.0, -25.0, -25.0, -25.0]",45.0
CGMacros-018,healthy,bl_silDS,persTMA,C05,1865.9637847189024,13,9,9,0,5,4,6,2,3,4.381944444444445,0.6666666666666666,0.75,0.7058823529411765,0.456418383518225,17.666666666666668,13.5,5,5,1,4,"[11.0, 14.0, 15.0, 5.0, 13.0, 48.0]",
CGMacros-018,healthy,bl_silDS,persTMA,C05-15,1865.9637847189024,13,9,9,0,5,4,6,1,3,4.381944444444445,0.6666666666666666,0.8571428571428571,0.75,0.2282091917591125,8.5,12.0,5,5,1,4,"[11.0, 14.0, 15.0, 5.0, 13.0, -7.0]",
CGMacros-018,healthy,bl_silDS,persTMA,native,1865.9637847189024,13,9,9,0,5,4,7,2,2,4.381944444444445,0.7777777777777778,0.7777777777777778,0.7777777777777778,0.456418383518225,2.857142857142857,10.0,5,5,2,4,"[10.0, 10.0, 15.0, -20.0, 5.0, 10.0, -10.0]",40.0
CGMacros-018,healthy,bl_silDS,popTMA,C05,3891.5804473725257,29,9,9,0,5,4,1,10,8,4.381944444444445,0.1111111111111111,0.09090909090909091,0.1,2.282091917591125,58.0,58.0,0,5,1,4,[58.0],
CGMacros-018,healthy,bl_silDS,popTMA,C05-15,3891.5804473725257,29,9,9,0,5,4,3,8,6,4.381944444444445,0.3333333333333333,0.2727272727272727,0.3,1.8256735340729,9.666666666666666,-14.0,2,5,1,4,"[-14.0, -15.0, 58.0]",
CGMacros-018,healthy,bl_silDS,popTMA,native,3891.5804473725257,29,9,9,0,5,4,8,2,1,4.381944444444445,0.8888888888888888,0.8,0.8421052631578947,0.456418383518225,-25.625,-25.0,5,5,3,4,"[-15.0, -35.0, -20.0, -15.0, -45.0, -25.0, -25.0, -25.0]",45.0
CGMacros-019,healthy,rescore,persTMA,C05,903.5693751059116,16,6,6,0,3,3,1,12,5,3.7118055555555554,0.16666666666666666,0.07692307692307693,0.10526315789473684,3.232927970065482,108.0,108.0,0,3,1,3,[108.0],
CGMacros-019,healthy,rescore,persTMA,C05-15,903.5693751059116,16,6,6,0,3,3,2,10,4,3.7118055555555554,0.3333333333333333,0.16666666666666666,0.2222222222222222,2.694106641721235,-13.0,-13.0,1,3,1,3,"[-14.0, -12.0]",
CGMacros-019,healthy,rescore,persTMA,native,903.5693751059116,16,6,6,0,3,3,6,6,0,3.7118055555555554,1.0,0.5,0.6666666666666666,1.616463985032741,-24.166666666666668,-22.5,3,3,3,3,"[-35.0, -35.0, -15.0, -15.0, -25.0, -20.0]",17.5
CGMacros-019,healthy,rescore,popTMA,C05,4905.737164656333,31,6,6,0,3,3,1,6,5,3.7118055555555554,0.16666666666666666,0.14285714285714285,0.15384615384615385,1.616463985032741,108.0,108.0,0,3,1,3,[108.0],
CGMacros-019,healthy,rescore,popTMA,C05-15,4905.737164656333,31,6,6,0,3,3,3,3,3,3.7118055555555554,0.5,0.5,0.5,0.8082319925163705,-11.333333333333334,-12.0,1,3,2,3,"[-9.0, -12.0, -13.0]",
CGMacros-019,healthy,rescore,popTMA,native,4905.737164656333,31,6,6,0,3,3,4,1,2,3.7118055555555554,0.6666666666666666,0.8,0.7272727272727273,0.2694106641721235,-17.5,-15.0,2,3,2,3,"[-30.0, -10.0, -15.0, -15.0]",60.0
CGMacros-019,healthy,bl,persTMA,C05,1339.8316355171619,13,6,6,0,3,3,3,6,3,3.7118055555555554,0.5,0.3333333333333333,0.4,1.616463985032741,5.333333333333333,6.0,1,3,2,3,"[6.0, 8.0, 2.0]",
CGMacros-019,healthy,bl,persTMA,C05-15,1339.8316355171619,13,6,6,0,3,3,6,3,0,3.7118055555555554,1.0,0.6666666666666666,0.8,0.8082319925163705,-1.1666666666666667,-1.0,3,3,3,3,"[-9.0, -10.0, 6.0, 8.0, -4.0, 2.0]",
CGMacros-019,healthy,bl,persTMA,native,1339.8316355171619,13,6,6,0,3,3,6,4,0,3.7118055555555554,1.0,0.6,0.75,1.077642656688494,-2.5,-2.5,3,3,3,3,"[-10.0, -10.0, 5.0, 5.0, -5.0, 0.0]",27.5
CGMacros-019,healthy,bl,popTMA,C05,4246.174013275209,29,6,6,0,3,3,1,6,5,3.7118055555555554,0.16666666666666666,0.14285714285714285,0.15384615384615385,1.616463985032741,113.0,113.0,0,3,1,3,[113.0],
CGMacros-019,healthy,bl,popTMA,C05-15,4246.174013275209,29,6,6,0,3,3,3,3,3,3.7118055555555554,0.5,0.5,0.5,0.8082319925163705,-6.333333333333333,-7.0,1,3,2,3,"[-4.0, -7.0, -8.0]",
CGMacros-019,healthy,bl,popTMA,native,4246.174013275209,29,6,6,0,3,3,4,1,2,3.7118055555555554,0.6666666666666666,0.8,0.7272727272727273,0.2694106641721235,-13.75,-10.0,2,3,2,3,"[-30.0, -5.0, -10.0, -10.0]",60.0
CGMacros-019,healthy,bl_silDS,persTMA,C05,1339.8316355171619,13,6,6,0,3,3,3,4,3,3.7118055555555554,0.5,0.42857142857142855,0.46153846153846156,1.077642656688494,5.333333333333333,6.0,1,3,2,3,"[6.0, 8.0, 2.0]",
CGMacros-019,healthy,bl_silDS,persTMA,C05-15,1339.8316355171619,13,6,6,0,3,3,6,1,0,3.7118055555555554,1.0,0.8571428571428571,0.9230769230769231,0.2694106641721235,-1.1666666666666667,-1.0,3,3,3,3,"[-9.0, -10.0, 6.0, 8.0, -4.0, 2.0]",
CGMacros-019,healthy,bl_silDS,persTMA,native,1339.8316355171619,13,6,6,0,3,3,6,1,0,3.7118055555555554,1.0,0.8571428571428571,0.9230769230769231,0.2694106641721235,-2.5,-2.5,3,3,3,3,"[-10.0, -10.0, 5.0, 5.0, -5.0, 0.0]",27.5
CGMacros-019,healthy,bl_silDS,popTMA,C05,4246.174013275209,29,6,6,0,3,3,0,5,6,3.7118055555555554,0.0,0.0,0.0,1.3470533208606175,,,0,3,0,3,[],
CGMacros-019,healthy,bl_silDS,popTMA,C05-15,4246.174013275209,29,6,6,0,3,3,3,2,3,3.7118055555555554,0.5,0.6,0.5454545454545454,0.538821328344247,-6.333333333333333,-7.0,1,3,2,3,"[-4.0, -7.0, -8.0]",
CGMacros-019,healthy,bl_silDS,popTMA,native,4246.174013275209,29,6,6,0,3,3,4,0,2,3.7118055555555554,0.6666666666666666,1.0,0.8,0.0,-13.75,-10.0,2,3,2,3,"[-30.0, -5.0, -10.0, -10.0]",60.0
CGMacros-020,prediabetes,rescore,persTMA,C05,8676.472582636696,26,8,8,0,4,4,0,7,5,3.861111111111111,0.0,0.0,0.0,1.8129496402877698,,,0,1,0,4,[],
CGMacros-020,prediabetes,rescore,persTMA,C05-15,8676.472582636696,26,8,8,0,4,4,4,3,1,3.861111111111111,0.8,0.5714285714285714,0.6666666666666666,0.776978417266187,-6.5,-6.0,0,1,4,4,"[-5.0, -12.0, -7.0, -2.0]",
CGMacros-020,prediabetes,rescore,persTMA,native,8676.472582636696,26,8,8,0,4,4,7,3,1,3.861111111111111,0.875,0.7,0.7777777777777778,0.776978417266187,-17.142857142857142,-15.0,3,4,4,4,"[-5.0, -20.0, -15.0, -30.0, -10.0, -35.0, -5.0]",50.0
CGMacros-020,prediabetes,rescore,popTMA,C05,4890.774934740635,31,8,8,0,4,4,4,3,1,3.861111111111111,0.8,0.5714285714285714,0.6666666666666666,0.776978417266187,6.0,6.5,0,1,4,4,"[5.0, 3.0, 8.0, 8.0]",
CGMacros-020,prediabetes,rescore,popTMA,C05-15,4890.774934740635,31,8,8,0,4,4,5,2,0,3.861111111111111,1.0,0.7142857142857143,0.8333333333333334,0.5179856115107914,2.8,5.0,1,1,4,4,"[5.0, -10.0, 3.0, 8.0, 8.0]",
CGMacros-020,prediabetes,rescore,popTMA,native,4890.774934740635,31,8,8,0,4,4,7,1,1,3.861111111111111,0.875,0.875,0.875,0.2589928057553957,-2.142857142857143,0.0,3,4,4,4,"[5.0, -10.0, 0.0, -5.0, 5.0, -15.0, 5.0]",75.0
CGMacros-020,prediabetes,bl,persTMA,C05,5060.385954325266,24,8,8,0,4,4,4,3,1,3.861111111111111,0.8,0.5714285714285714,0.6666666666666666,0.776978417266187,8.5,9.0,0,1,4,4,"[10.0, 3.0, 8.0, 13.0]",
CGMacros-020,prediabetes,bl,persTMA,C05-15,5060.385954325266,24,8,8,0,4,4,5,2,0,3.861111111111111,1.0,0.7142857142857143,0.8333333333333334,0.5179856115107914,5.8,8.0,1,1,4,4,"[10.0, -5.0, 3.0, 8.0, 13.0]",
CGMacros-020,prediabetes,bl,persTMA,native,5060.385954325266,24,8,8,0,4,4,7,3,1,3.861111111111111,0.875,0.7,0.7777777777777778,0.776978417266187,-2.857142857142857,0.0,3,4,4,4,"[10.0, -5.0, 0.0, -20.0, 5.0, -20.0, 10.0]",60.0
CGMacros-020,prediabetes,bl,popTMA,C05,3128.9807166175196,28,8,8,0,4,4,5,3,0,3.861111111111111,1.0,0.625,0.7692307692307693,0.776978417266187,10.8,13.0,1,1,4,4,"[15.0, 0.0, 8.0, 13.0, 18.0]",
CGMacros-020,prediabetes,bl,popTMA,C05-15,3128.9807166175196,28,8,8,0,4,4,5,3,0,3.861111111111111,1.0,0.625,0.7692307692307693,0.776978417266187,10.8,13.0,1,1,4,4,"[15.0, 0.0, 8.0, 13.0, 18.0]",
CGMacros-020,prediabetes,bl,popTMA,native,3128.9807166175196,28,8,8,0,4,4,7,3,1,3.861111111111111,0.875,0.7,0.7777777777777778,0.776978417266187,3.5714285714285716,5.0,3,4,4,4,"[15.0, 0.0, 5.0, -10.0, 10.0, -10.0, 15.0]",75.0
CGMacros-020,prediabetes,bl_silDS,persTMA,C05,5060.385954325266,24,8,8,0,4,4,4,2,1,3.861111111111111,0.8,0.6666666666666666,0.7272727272727273,0.5179856115107914,8.5,9.0,0,1,4,4,"[10.0, 3.0, 8.0, 13.0]",
CGMacros-020,prediabetes,bl_silDS,persTMA,C05-15,5060.385954325266,24,8,8,0,4,4,5,1,0,3.861111111111111,1.0,0.8333333333333334,0.9090909090909091,0.2589928057553957,5.8,8.0,1,1,4,4,"[10.0, -5.0, 3.0, 8.0, 13.0]",
CGMacros-020,prediabetes,bl_silDS,persTMA,native,5060.385954325266,24,8,8,0,4,4,7,2,1,3.861111111111111,0.875,0.7777777777777778,0.8235294117647058,0.5179856115107914,-2.857142857142857,0.0,3,4,4,4,"[10.0, -5.0, 0.0, -20.0, 5.0, -20.0, 10.0]",60.0
CGMacros-020,prediabetes,bl_silDS,popTMA,C05,3128.9807166175196,28,8,8,0,4,4,5,2,0,3.861111111111111,1.0,0.7142857142857143,0.8333333333333334,0.5179856115107914,10.8,13.0,1,1,4,4,"[15.0, 0.0, 8.0, 13.0, 18.0]",
CGMacros-020,prediabetes,bl_silDS,popTMA,C05-15,3128.9807166175196,28,8,8,0,4,4,5,2,0,3.861111111111111,1.0,0.7142857142857143,0.8333333333333334,0.5179856115107914,10.8,13.0,1,1,4,4,"[15.0, 0.0, 8.0, 13.0, 18.0]",
CGMacros-020,prediabetes,bl_silDS,popTMA,native,3128.9807166175196,28,8,8,0,4,4,7,3,1,3.861111111111111,0.875,0.7,0.7777777777777778,0.776978417266187,3.5714285714285716,5.0,3,4,4,4,"[15.0, 0.0, 5.0, -10.0, 10.0, -10.0, 15.0]",75.0
CGMacros-021,healthy,rescore,persTMA,C05,2279.4207787134883,18,6,6,0,3,3,3,4,1,3.701388888888889,0.75,0.42857142857142855,0.5454545454545454,1.0806754221388368,25.666666666666668,25.0,1,1,2,3,"[9.0, 25.0, 43.0]",
CGMacros-021,healthy,rescore,persTMA,C05-15,2279.4207787134883,18,6,6,0,3,3,3,4,1,3.701388888888889,0.75,0.42857142857142855,0.5454545454545454,1.0806754221388368,25.666666666666668,25.0,1,1,2,3,"[9.0, 25.0, 43.0]",
CGMacros-021,healthy,rescore,persTMA,native,2279.4207787134883,18,6,6,0,3,3,5,3,1,3.701388888888889,0.8333333333333334,0.625,0.7142857142857143,0.8105065666041276,16.0,10.0,3,3,2,3,"[10.0, 5.0, 25.0, 0.0, 40.0]",55.0
CGMacros-021,healthy,rescore,popTMA,C05,4437.384514182653,31,6,6,0,3,3,1,4,3,3.701388888888889,0.25,0.2,0.2222222222222222,1.0806754221388368,82.0,82.0,0,1,1,3,[82.0],
CGMacros-021,healthy,rescore,popTMA,C05-15,4437.384514182653,31,6,6,0,3,3,3,2,1,3.701388888888889,0.75,0.6,0.6666666666666666,0.5403377110694184,21.666666666666668,-2.0,0,1,3,3,"[82.0, -15.0, -2.0]",
CGMacros-021,healthy,rescore,popTMA,native,4437.384514182653,31,6,6,0,3,3,5,2,1,3.701388888888889,0.8333333333333334,0.7142857142857143,0.7692307692307693,0.5403377110694184,-24.0,-30.0,3,3,2,3,"[-30.0, -35.0, -15.0, -35.0, -5.0]",45.0
CGMacros-021,healthy,bl,persTMA,C05,2279.4207787134883,18,6,6,0,3,3,3,4,1,3.701388888888889,0.75,0.42857142857142855,0.5454545454545454,1.0806754221388368,25.666666666666668,25.0,1,1,2,3,"[9.0, 25.0, 43.0]",
CGMacros-021,healthy,bl,persTMA,C05-15,2279.4207787134883,18,6,6,0,3,3,3,4,1,3.701388888888889,0.75,0.42857142857142855,0.5454545454545454,1.0806754221388368,25.666666666666668,25.0,1,1,2,3,"[9.0, 25.0, 43.0]",
CGMacros-021,healthy,bl,persTMA,native,2279.4207787134883,18,6,6,0,3,3,5,3,1,3.701388888888889,0.8333333333333334,0.625,0.7142857142857143,0.8105065666041276,16.0,10.0,3,3,2,3,"[10.0, 5.0, 25.0, 0.0, 40.0]",55.0
CGMacros-021,healthy,bl,popTMA,C05,4152.004587788691,29,6,6,0,3,3,2,3,2,3.701388888888889,0.5,0.4,0.4444444444444444,0.8105065666041276,45.0,45.0,0,1,2,3,"[87.0, 3.0]",
CGMacros-021,healthy,bl,popTMA,C05-15,4152.004587788691,29,6,6,0,3,3,3,2,1,3.701388888888889,0.75,0.6,0.6666666666666666,0.5403377110694184,26.666666666666668,3.0,0,1,3,3,"[87.0, -10.0, 3.0]",
CGMacros-021,healthy,bl,popTMA,native,4152.004587788691,29,6,6,0,3,3,5,2,1,3.701388888888889,0.8333333333333334,0.7142857142857143,0.7692307692307693,0.5403377110694184,-19.0,-25.0,3,3,2,3,"[-25.0, -30.0, -10.0, -30.0, 0.0]",45.0
CGMacros-021,healthy,bl_silDS,persTMA,C05,2279.4207787134883,18,6,6,0,3,3,3,4,1,3.701388888888889,0.75,0.42857142857142855,0.5454545454545454,1.0806754221388368,25.666666666666668,25.0,1,1,2,3,"[9.0, 25.0, 43.0]",
CGMacros-021,healthy,bl_silDS,persTMA,C05-15,2279.4207787134883,18,6,6,0,3,3,3,4,1,3.701388888888889,0.75,0.42857142857142855,0.5454545454545454,1.0806754221388368,25.666666666666668,25.0,1,1,2,3,"[9.0, 25.0, 43.0]",
CGMacros-021,healthy,bl_silDS,persTMA,native,2279.4207787134883,18,6,6,0,3,3,5,3,1,3.701388888888889,0.8333333333333334,0.625,0.7142857142857143,0.8105065666041276,16.0,10.0,3,3,2,3,"[10.0, 5.0, 25.0, 0.0, 40.0]",55.0
CGMacros-021,healthy,bl_silDS,popTMA,C05,4152.004587788691,29,6,6,0,3,3,2,3,2,3.701388888888889,0.5,0.4,0.4444444444444444,0.8105065666041276,45.0,45.0,0,1,2,3,"[87.0, 3.0]",
CGMacros-021,healthy,bl_silDS,popTMA,C05-15,4152.004587788691,29,6,6,0,3,3,3,2,1,3.701388888888889,0.75,0.6,0.6666666666666666,0.5403377110694184,26.666666666666668,3.0,0,1,3,3,"[87.0, -10.0, 3.0]",
CGMacros-021,healthy,bl_silDS,popTMA,native,4152.004587788691,29,6,6,0,3,3,5,2,1,3.701388888888889,0.8333333333333334,0.7142857142857143,0.7692307692307693,0.5403377110694184,-19.0,-25.0,3,3,2,3,"[-25.0, -30.0, -10.0, -30.0, 0.0]",45.0
CGMacros-022,prediabetes,rescore,persTMA,C05,2543.3670265545297,17,7,7,0,3,4,2,11,5,3.8541666666666665,0.2857142857142857,0.15384615384615385,0.2,2.854054054054054,95.5,95.5,2,3,0,4,"[86.0, 105.0]",
CGMacros-022,prediabetes,rescore,persTMA,C05-15,2543.3670265545297,17,7,7,0,3,4,3,10,4,3.8541666666666665,0.42857142857142855,0.23076923076923078,0.3,2.5945945945945947,61.0,86.0,2,3,1,4,"[86.0, 105.0, -8.0]",
CGMacros-022,prediabetes,rescore,persTMA,native,2543.3670265545297,17,7,7,0,3,4,5,7,2,3.8541666666666665,0.7142857142857143,0.4166666666666667,0.5263157894736842,1.8162162162162163,-19.0,-20.0,3,3,2,4,"[-20.0, -25.0, -20.0, -20.0, -10.0]",20.0
CGMacros-022,prediabetes,rescore,popTMA,C05,4908.971698081514,32,7,7,0,3,4,2,8,5,3.8541666666666665,0.2857142857142857,0.2,0.23529411764705882,2.075675675675676,85.5,85.5,2,3,0,4,"[76.0, 95.0]",
CGMacros-022,prediabetes,rescore,popTMA,C05-15,4908.971698081514,32,7,7,0,3,4,3,7,4,3.8541666666666665,0.42857142857142855,0.3,0.35294117647058826,1.8162162162162163,52.666666666666664,76.0,2,3,1,4,"[76.0, 95.0, -13.0]",
CGMacros-022,prediabetes,rescore,popTMA,native,4908.971698081514,32,7,7,0,3,4,5,4,2,3.8541666666666665,0.7142857142857143,0.5555555555555556,0.625,1.037837837837838,-33.0,-40.0,3,3,2,4,"[-40.0, -40.0, -30.0, -40.0, -15.0]",40.0
CGMacros-022,prediabetes,bl,persTMA,C05,1889.046714619008,12,7,7,0,3,4,2,1,5,3.8541666666666665,0.2857142857142857,0.6666666666666666,0.4,0.2594594594594595,16.5,16.5,2,3,0,4,"[16.0, 17.0]",
CGMacros-022,prediabetes,bl,persTMA,C05-15,1889.046714619008,12,7,7,0,3,4,2,1,5,3.8541666666666665,0.2857142857142857,0.6666666666666666,0.4,0.2594594594594595,16.5,16.5,2,3,0,4,"[16.0, 17.0]",
CGMacros-022,prediabetes,bl,persTMA,native,1889.046714619008,12,7,7,0,3,4,2,1,5,3.8541666666666665,0.2857142857142857,0.6666666666666666,0.4,0.2594594594594595,15.0,15.0,2,3,0,4,"[15.0, 15.0]",45.0
CGMacros-022,prediabetes,bl,popTMA,C05,3914.083691332282,29,7,7,0,3,4,2,8,5,3.8541666666666665,0.2857142857142857,0.2,0.23529411764705882,2.075675675675676,98.0,98.0,2,3,0,4,"[86.0, 110.0]",
CGMacros-022,prediabetes,bl,popTMA,C05-15,3914.083691332282,29,7,7,0,3,4,3,7,4,3.8541666666666665,0.42857142857142855,0.3,0.35294117647058826,1.8162162162162163,64.33333333333333,86.0,2,3,1,4,"[86.0, 110.0, -3.0]",
CGMacros-022,prediabetes,bl,popTMA,native,3914.083691332282,29,7,7,0,3,4,6,2,1,3.8541666666666665,0.8571428571428571,0.75,0.8,0.518918918918919,-30.0,-22.5,3,3,3,4,"[-25.0, -25.0, -20.0, -85.0, -20.0, -5.0]",47.5
CGMacros-022,prediabetes,bl_silDS,persTMA,C05,1889.046714619008,12,7,7,0,3,4,2,1,5,3.8541666666666665,0.2857142857142857,0.6666666666666666,0.4,0.2594594594594595,16.5,16.5,2,3,0,4,"[16.0, 17.0]",
CGMacros-022,prediabetes,bl_silDS,persTMA,C05-15,1889.046714619008,12,7,7,0,3,4,2,1,5,3.8541666666666665,0.2857142857142857,0.6666666666666666,0.4,0.2594594594594595,16.5,16.5,2,3,0,4,"[16.0, 17.0]",
CGMacros-022,prediabetes,bl_silDS,persTMA,native,1889.046714619008,12,7,7,0,3,4,2,1,5,3.8541666666666665,0.2857142857142857,0.6666666666666666,0.4,0.2594594594594595,15.0,15.0,2,3,0,4,"[15.0, 15.0]",45.0
CGMacros-022,prediabetes,bl_silDS,popTMA,C05,3914.083691332282,29,7,7,0,3,4,2,6,5,3.8541666666666665,0.2857142857142857,0.25,0.26666666666666666,1.5567567567567568,98.0,98.0,2,3,0,4,"[86.0, 110.0]",
CGMacros-022,prediabetes,bl_silDS,popTMA,C05-15,3914.083691332282,29,7,7,0,3,4,3,5,4,3.8541666666666665,0.42857142857142855,0.375,0.4,1.2972972972972974,64.33333333333333,86.0,2,3,1,4,"[86.0, 110.0, -3.0]",
CGMacros-022,prediabetes,bl_silDS,popTMA,native,3914.083691332282,29,7,7,0,3,4,6,1,1,3.8541666666666665,0.8571428571428571,0.8571428571428571,0.8571428571428571,0.2594594594594595,-30.0,-22.5,3,3,3,4,"[-25.0, -25.0, -20.0, -85.0, -20.0, -5.0]",47.5
CGMacros-023,prediabetes,rescore,persTMA,C05,7233.395253539762,21,8,8,0,4,4,6,2,2,4.184027777777778,0.75,0.75,0.75,0.47800829875518674,26.166666666666668,15.5,2,4,4,4,"[13.0, 87.0, 21.0, 5.0, 18.0, 13.0]",
CGMacros-023,prediabetes,rescore,persTMA,C05-15,7233.395253539762,21,8,8,0,4,4,7,0,1,4.184027777777778,0.875,1.0,0.9333333333333333,0.0,8.714285714285714,13.0,3,4,4,4,"[-1.0, 13.0, -8.0, 21.0, 5.0, 18.0, 13.0]",
CGMacros-023,prediabetes,rescore,persTMA,native,7233.395253539762,21,8,8,0,4,4,7,1,1,4.184027777777778,0.875,0.875,0.875,0.23900414937759337,6.428571428571429,10.0,3,4,4,4,"[-5.0, 10.0, -10.0, 20.0, 5.0, 15.0, 10.0]",60.0
CGMacros-023,prediabetes,rescore,popTMA,C05,4843.796789631408,31,8,8,0,4,4,3,6,5,4.184027777777778,0.375,0.3333333333333333,0.35294117647058826,1.4340248962655602,28.666666666666668,6.0,1,4,2,4,"[77.0, 6.0, 3.0]",
CGMacros-023,prediabetes,rescore,popTMA,C05-15,4843.796789631408,31,8,8,0,4,4,5,4,3,4.184027777777778,0.625,0.5555555555555556,0.5882352941176471,0.9560165975103735,16.4,3.0,1,4,4,4,"[-2.0, 77.0, 6.0, 3.0, -2.0]",
CGMacros-023,prediabetes,rescore,popTMA,native,4843.796789631408,31,8,8,0,4,4,7,2,1,4.184027777777778,0.875,0.7777777777777778,0.8235294117647058,0.47800829875518674,-11.428571428571429,-5.0,3,4,4,4,"[-20.0, -5.0, -30.0, 5.0, -25.0, 0.0, -5.0]",70.0
CGMacros-023,prediabetes,bl,persTMA,C05,4949.481127663119,17,8,8,0,4,4,3,6,5,4.184027777777778,0.375,0.3333333333333333,0.35294117647058826,1.4340248962655602,27.0,6.0,1,4,2,4,"[72.0, 6.0, 3.0]",
CGMacros-023,prediabetes,bl,persTMA,C05-15,4949.481127663119,17,8,8,0,4,4,6,3,2,4.184027777777778,0.75,0.6666666666666666,0.7058823529411765,0.7170124481327801,11.0,0.5,2,4,4,4,"[-11.0, -2.0, 72.0, 6.0, 3.0, -2.0]",
CGMacros-023,prediabetes,bl,persTMA,native,4949.481127663119,17,8,8,0,4,4,7,3,1,4.184027777777778,0.875,0.7,0.7777777777777778,0.7170124481327801,-9.285714285714286,-5.0,3,4,4,4,"[-15.0, -5.0, -20.0, 5.0, -25.0, 0.0, -5.0]",35.0
CGMacros-023,prediabetes,bl,popTMA,C05,4512.274738983182,29,8,8,0,4,4,3,6,5,4.184027777777778,0.375,0.3333333333333333,0.35294117647058826,1.4340248962655602,32.0,11.0,1,4,2,4,"[77.0, 11.0, 8.0]",
CGMacros-023,prediabetes,bl,popTMA,C05-15,4512.274738983182,29,8,8,0,4,4,6,3,2,4.184027777777778,0.75,0.6666666666666666,0.7058823529411765,0.7170124481327801,13.5,3.0,2,4,4,4,"[-11.0, -2.0, 77.0, 11.0, 8.0, -2.0]",
CGMacros-023,prediabetes,bl,popTMA,native,4512.274738983182,29,8,8,0,4,4,7,2,1,4.184027777777778,0.875,0.7777777777777778,0.8235294117647058,0.47800829875518674,-7.857142857142857,-5.0,3,4,4,4,"[-15.0, -5.0, -25.0, 10.0, -20.0, 5.0, -5.0]",65.0
CGMacros-023,prediabetes,bl_silDS,persTMA,C05,4949.481127663119,17,8,8,0,4,4,3,5,5,4.184027777777778,0.375,0.375,0.375,1.1950207468879668,27.0,6.0,1,4,2,4,"[72.0, 6.0, 3.0]",
CGMacros-023,prediabetes,bl_silDS,persTMA,C05-15,4949.481127663119,17,8,8,0,4,4,6,2,2,4.184027777777778,0.75,0.75,0.75,0.47800829875518674,11.0,0.5,2,4,4,4,"[-11.0, -2.0, 72.0, 6.0, 3.0, -2.0]",
CGMacros-023,prediabetes,bl_silDS,persTMA,native,4949.481127663119,17,8,8,0,4,4,7,2,1,4.184027777777778,0.875,0.7777777777777778,0.8235294117647058,0.47800829875518674,-9.285714285714286,-5.0,3,4,4,4,"[-15.0, -5.0, -20.0, 5.0, -25.0, 0.0, -5.0]",35.0
CGMacros-023,prediabetes,bl_silDS,popTMA,C05,4169.148765234244,29,8,8,0,4,4,3,5,5,4.184027777777778,0.375,0.375,0.375,1.1950207468879668,32.0,11.0,1,4,2,4,"[77.0, 11.0, 8.0]",
CGMacros-023,prediabetes,bl_silDS,popTMA,C05-15,4169.148765234244,29,8,8,0,4,4,6,2,2,4.184027777777778,0.75,0.75,0.75,0.47800829875518674,13.5,3.0,2,4,4,4,"[-11.0, -2.0, 77.0, 11.0, 8.0, -2.0]",
CGMacros-023,prediabetes,bl_silDS,popTMA,native,4169.148765234244,29,8,8,0,4,4,7,2,1,4.184027777777778,0.875,0.7777777777777778,0.8235294117647058,0.47800829875518674,-7.857142857142857,-5.0,3,4,4,4,"[-15.0, -5.0, -25.0, 10.0, -20.0, 5.0, -5.0]",65.0
CGMacros-026,prediabetes,rescore,persTMA,C05,4183.211341423297,15,8,7,0,4,3,4,5,3,5.065972222222222,0.5714285714285714,0.4444444444444444,0.5,0.9869773817683345,13.25,14.0,3,4,1,3,"[5.0, 11.0, 20.0, 17.0]",
CGMacros-026,prediabetes,rescore,persTMA,C05-15,4183.211341423297,15,8,7,0,4,3,4,5,3,5.065972222222222,0.5714285714285714,0.4444444444444444,0.5,0.9869773817683345,13.25,14.0,3,4,1,3,"[5.0, 11.0, 20.0, 17.0]",
CGMacros-026,prediabetes,rescore,persTMA,native,4183.211341423297,15,8,7,0,4,3,4,4,3,5.065972222222222,0.5714285714285714,0.5,0.5333333333333333,0.7895819054146676,12.5,12.5,3,4,1,3,"[5.0, 10.0, 20.0, 15.0]",47.5
CGMacros-026,prediabetes,rescore,popTMA,C05,3988.754092548792,31,8,7,0,4,3,1,12,6,5.065972222222222,0.14285714285714285,0.07692307692307693,0.1,2.368745716244003,76.0,76.0,1,4,0,3,[76.0],
CGMacros-026,prediabetes,rescore,popTMA,C05-15,3988.754092548792,31,8,7,0,4,3,3,10,4,5.065972222222222,0.42857142857142855,0.23076923076923078,0.3,1.973954763536669,19.0,-9.0,1,4,2,3,"[76.0, -9.0, -10.0]",
CGMacros-026,prediabetes,rescore,popTMA,native,3988.754092548792,31,8,7,0,4,3,5,7,2,5.065972222222222,0.7142857142857143,0.4166666666666667,0.5263157894736842,1.3817683344756682,-21.0,-20.0,3,4,2,3,"[-35.0, -30.0, -10.0, -10.0, -20.0]",55.0
CGMacros-026,prediabetes,bl,persTMA,C05,2467.6095698037134,15,8,7,0,4,3,4,5,3,5.065972222222222,0.5714285714285714,0.4444444444444444,0.5,0.9869773817683345,9.5,9.0,3,4,1,3,"[5.0, 6.0, 15.0, 12.0]",
CGMacros-026,prediabetes,bl,persTMA,C05-15,2467.6095698037134,15,8,7,0,4,3,4,5,3,5.065972222222222,0.5714285714285714,0.4444444444444444,0.5,0.9869773817683345,9.5,9.0,3,4,1,3,"[5.0, 6.0, 15.0, 12.0]",
CGMacros-026,prediabetes,bl,persTMA,native,2467.6095698037134,15,8,7,0,4,3,4,8,3,5.065972222222222,0.5714285714285714,0.3333333333333333,0.42105263157894735,1.579163810829335,8.75,7.5,3,4,1,3,"[5.0, 5.0, 15.0, 10.0]",42.5
CGMacros-026,prediabetes,bl,popTMA,C05,4606.10038285534,29,8,7,0,4,3,1,10,6,5.065972222222222,0.14285714285714285,0.09090909090909091,0.1111111111111111,1.973954763536669,81.0,81.0,1,4,0,3,[81.0],
CGMacros-026,prediabetes,bl,popTMA,C05-15,4606.10038285534,29,8,7,0,4,3,3,8,4,5.065972222222222,0.42857142857142855,0.2727272727272727,0.3333333333333333,1.579163810829335,21.0,-5.0,2,4,1,3,"[81.0, -5.0, -13.0]",
CGMacros-026,prediabetes,bl,popTMA,native,4606.10038285534,29,8,7,0,4,3,4,5,3,5.065972222222222,0.5714285714285714,0.4444444444444444,0.5,0.9869773817683345,-18.75,-20.0,3,4,1,3,"[-30.0, -25.0, -5.0, -15.0]",50.0
CGMacros-026,prediabetes,bl_silDS,persTMA,C05,2467.6095698037134,15,8,7,0,4,3,4,2,3,5.065972222222222,0.5714285714285714,0.6666666666666666,0.6153846153846154,0.3947909527073338,9.5,9.0,3,4,1,3,"[5.0, 6.0, 15.0, 12.0]",
CGMacros-026,prediabetes,bl_silDS,persTMA,C05-15,2467.6095698037134,15,8,7,0,4,3,4,2,3,5.065972222222222,0.5714285714285714,0.6666666666666666,0.6153846153846154,0.3947909527073338,9.5,9.0,3,4,1,3,"[5.0, 6.0, 15.0, 12.0]",
CGMacros-026,prediabetes,bl_silDS,persTMA,native,2467.6095698037134,15,8,7,0,4,3,4,6,3,5.065972222222222,0.5714285714285714,0.4,0.47058823529411764,1.1843728581220014,8.75,7.5,3,4,1,3,"[5.0, 5.0, 15.0, 10.0]",42.5
CGMacros-026,prediabetes,bl_silDS,popTMA,C05,3910.442354642535,29,8,7,0,4,3,1,8,6,5.065972222222222,0.14285714285714285,0.1111111111111111,0.125,1.579163810829335,81.0,81.0,1,4,0,3,[81.0],
CGMacros-026,prediabetes,bl_silDS,popTMA,C05-15,3910.442354642535,29,8,7,0,4,3,4,5,3,5.065972222222222,0.5714285714285714,0.4444444444444444,0.5,0.9869773817683345,14.75,-4.5,2,4,2,3,"[81.0, -4.0, -5.0, -13.0]",
CGMacros-026,prediabetes,bl_silDS,popTMA,native,3910.442354642535,29,8,7,0,4,3,5,5,2,5.065972222222222,0.7142857142857143,0.5,0.5882352941176471,0.9869773817683345,-16.0,-15.0,3,4,2,3,"[-30.0, -25.0, -5.0, -5.0, -15.0]",55.0
CGMacros-027,healthy,rescore,persTMA,C05,1363.099171149266,12,6,6,0,3,3,1,3,5,3.59375,0.16666666666666666,0.25,0.2,0.8347826086956521,8.0,8.0,0,3,1,3,[8.0],
CGMacros-027,healthy,rescore,persTMA,C05-15,1363.099171149266,12,6,6,0,3,3,3,1,3,3.59375,0.5,0.75,0.6,0.2782608695652174,-0.6666666666666666,-3.0,2,3,1,3,"[-7.0, -3.0, 8.0]",
CGMacros-027,healthy,rescore,persTMA,native,1363.099171149266,12,6,6,0,3,3,3,2,3,3.59375,0.5,0.6,0.5454545454545454,0.5565217391304348,-3.3333333333333335,-5.0,2,3,1,3,"[-10.0, -5.0, 5.0]",25.0
CGMacros-027,healthy,rescore,popTMA,C05,5319.843070288109,31,6,6,0,3,3,1,2,5,3.59375,0.16666666666666666,0.3333333333333333,0.2222222222222222,0.5565217391304348,8.0,8.0,0,3,1,3,[8.0],
CGMacros-027,healthy,rescore,popTMA,C05-15,5319.843070288109,31,6,6,0,3,3,1,2,5,3.59375,0.16666666666666666,0.3333333333333333,0.2222222222222222,0.5565217391304348,8.0,8.0,0,3,1,3,[8.0],
CGMacros-027,healthy,rescore,popTMA,native,5319.843070288109,31,6,6,0,3,3,3,0,3,3.59375,0.5,1.0,0.6666666666666666,0.0,-15.0,-25.0,2,3,1,3,"[-25.0, -25.0, 5.0]",50.0
CGMacros-027,healthy,bl,persTMA,C05,457.02233824097084,13,6,6,0,3,3,4,2,2,3.59375,0.6666666666666666,0.6666666666666666,0.6666666666666666,0.5565217391304348,11.25,12.0,2,3,2,3,"[17.0, 3.0, 7.0, 18.0]",
CGMacros-027,healthy,bl,persTMA,C05-15,457.02233824097084,13,6,6,0,3,3,5,1,1,3.59375,0.8333333333333334,0.8333333333333334,0.8333333333333334,0.2782608695652174,7.6,7.0,3,3,2,3,"[-7.0, 17.0, 3.0, 7.0, 18.0]",
CGMacros-027,healthy,bl,persTMA,native,457.02233824097084,13,6,6,0,3,3,6,1,0,3.59375,1.0,0.8571428571428571,0.9230769230769231,0.2782608695652174,-3.3333333333333335,2.5,3,3,3,3,"[-10.0, 15.0, 0.0, -45.0, 5.0, 15.0]",32.5
CGMacros-027,healthy,bl,popTMA,C05,4638.738873175411,29,6,6,0,3,3,1,2,5,3.59375,0.16666666666666666,0.3333333333333333,0.2222222222222222,0.5565217391304348,13.0,13.0,0,3,1,3,[13.0],
CGMacros-027,healthy,bl,popTMA,C05-15,4638.738873175411,29,6,6,0,3,3,1,2,5,3.59375,0.16666666666666666,0.3333333333333333,0.2222222222222222,0.5565217391304348,13.0,13.0,0,3,1,3,[13.0],
CGMacros-027,healthy,bl,popTMA,native,4638.738873175411,29,6,6,0,3,3,3,0,3,3.59375,0.5,1.0,0.6666666666666666,0.0,-10.0,-20.0,2,3,1,3,"[-20.0, -20.0, 10.0]",50.0
CGMacros-027,healthy,bl_silDS,persTMA,C05,457.02233824097084,13,6,6,0,3,3,4,2,2,3.59375,0.6666666666666666,0.6666666666666666,0.6666666666666666,0.5565217391304348,11.25,12.0,2,3,2,3,"[17.0, 3.0, 7.0, 18.0]",
CGMacros-027,healthy,bl_silDS,persTMA,C05-15,457.02233824097084,13,6,6,0,3,3,5,1,1,3.59375,0.8333333333333334,0.8333333333333334,0.8333333333333334,0.2782608695652174,7.6,7.0,3,3,2,3,"[-7.0, 17.0, 3.0, 7.0, 18.0]",
CGMacros-027,healthy,bl_silDS,persTMA,native,457.02233824097084,13,6,6,0,3,3,6,1,0,3.59375,1.0,0.8571428571428571,0.9230769230769231,0.2782608695652174,-3.3333333333333335,2.5,3,3,3,3,"[-10.0, 15.0, 0.0, -45.0, 5.0, 15.0]",32.5
CGMacros-027,healthy,bl_silDS,popTMA,C05,3933.207766277861,29,6,6,0,3,3,1,2,5,3.59375,0.16666666666666666,0.3333333333333333,0.2222222222222222,0.5565217391304348,13.0,13.0,0,3,1,3,[13.0],
CGMacros-027,healthy,bl_silDS,popTMA,C05-15,3933.207766277861,29,6,6,0,3,3,1,2,5,3.59375,0.16666666666666666,0.3333333333333333,0.2222222222222222,0.5565217391304348,13.0,13.0,0,3,1,3,[13.0],
CGMacros-027,healthy,bl_silDS,popTMA,native,3933.207766277861,29,6,6,0,3,3,3,0,3,3.59375,0.5,1.0,0.6666666666666666,0.0,-10.0,-20.0,2,3,1,3,"[-20.0, -20.0, 10.0]",50.0
CGMacros-028,T2D,rescore,persTMA,C05,1620.2540681501996,17,8,8,0,4,4,5,7,3,4.197916666666667,0.625,0.4166666666666667,0.5,1.6674937965260546,35.4,35.0,2,4,3,4,"[35.0, 25.0, 2.0, 57.0, 58.0]",
CGMacros-028,T2D,rescore,persTMA,C05-15,1620.2540681501996,17,8,8,0,4,4,7,3,1,4.197916666666667,0.875,0.7,0.7777777777777778,0.7146401985111662,7.285714285714286,-2.0,4,4,3,4,"[-15.0, 25.0, -4.0, 2.0, 57.0, -12.0, -2.0]",
CGMacros-028,T2D,rescore,persTMA,native,1620.2540681501996,17,8,8,0,4,4,7,5,1,4.197916666666667,0.875,0.5833333333333334,0.7,1.1910669975186103,5.714285714285714,-5.0,4,4,3,4,"[-15.0, 25.0, -5.0, 0.0, 55.0, -15.0, -5.0]",35.0
CGMacros-028,T2D,rescore,popTMA,C05,4008.9914151264093,31,8,8,0,4,4,2,8,6,4.197916666666667,0.25,0.2,0.2222222222222222,1.9057071960297765,23.5,23.5,0,4,2,4,"[5.0, 42.0]",
CGMacros-028,T2D,rescore,popTMA,C05-15,4008.9914151264093,31,8,8,0,4,4,5,5,3,4.197916666666667,0.625,0.5,0.5555555555555556,1.1910669975186103,4.6,-7.0,2,4,3,4,"[5.0, -9.0, -8.0, 42.0, -7.0]",
CGMacros-028,T2D,rescore,popTMA,native,4008.9914151264093,31,8,8,0,4,4,7,1,1,4.197916666666667,0.875,0.875,0.875,0.23821339950372206,-4.285714285714286,-10.0,4,4,3,4,"[-20.0, 5.0, -10.0, -10.0, 40.0, -25.0, -10.0]",65.0
CGMacros-028,T2D,bl,persTMA,C05,1502.1528236633712,18,8,8,0,4,4,5,8,3,4.197916666666667,0.625,0.38461538461538464,0.47619047619047616,1.9057071960297765,35.4,35.0,2,4,3,4,"[35.0, 25.0, 2.0, 57.0, 58.0]",
CGMacros-028,T2D,bl,persTMA,C05-15,1502.1528236633712,18,8,8,0,4,4,7,4,1,4.197916666666667,0.875,0.6363636363636364,0.7368421052631579,0.9528535980148882,7.285714285714286,-2.0,4,4,3,4,"[-15.0, 25.0, -4.0, 2.0, 57.0, -12.0, -2.0]",
CGMacros-028,T2D,bl,persTMA,native,1502.1528236633712,18,8,8,0,4,4,7,5,1,4.197916666666667,0.875,0.5833333333333334,0.7,1.1910669975186103,5.714285714285714,-5.0,4,4,3,4,"[-15.0, 25.0, -5.0, 0.0, 55.0, -15.0, -5.0]",40.0
CGMacros-028,T2D,bl,popTMA,C05,4567.954159158366,29,8,8,0,4,4,2,7,6,4.197916666666667,0.25,0.2222222222222222,0.23529411764705882,1.6674937965260546,26.0,26.0,0,4,2,4,"[10.0, 42.0]",
CGMacros-028,T2D,bl,popTMA,C05-15,4567.954159158366,29,8,8,0,4,4,6,3,2,4.197916666666667,0.75,0.6666666666666666,0.7058823529411765,0.7146401985111662,3.0,-5.0,3,4,3,4,"[-15.0, 10.0, -9.0, -3.0, 42.0, -7.0]",
CGMacros-028,T2D,bl,popTMA,native,4567.954159158366,29,8,8,0,4,4,7,1,1,4.197916666666667,0.875,0.875,0.875,0.23821339950372206,-2.142857142857143,-10.0,4,4,3,4,"[-15.0, 10.0, -10.0, -5.0, 40.0, -25.0, -10.0]",60.0
CGMacros-028,T2D,bl_silDS,persTMA,C05,1502.1528236633712,18,8,8,0,4,4,5,7,3,4.197916666666667,0.625,0.4166666666666667,0.5,1.6674937965260546,35.4,35.0,2,4,3,4,"[35.0, 25.0, 2.0, 57.0, 58.0]",
CGMacros-028,T2D,bl_silDS,persTMA,C05-15,1502.1528236633712,18,8,8,0,4,4,7,3,1,4.197916666666667,0.875,0.7,0.7777777777777778,0.7146401985111662,7.285714285714286,-2.0,4,4,3,4,"[-15.0, 25.0, -4.0, 2.0, 57.0, -12.0, -2.0]",
CGMacros-028,T2D,bl_silDS,persTMA,native,1502.1528236633712,18,8,8,0,4,4,7,4,1,4.197916666666667,0.875,0.6363636363636364,0.7368421052631579,0.9528535980148882,5.714285714285714,-5.0,4,4,3,4,"[-15.0, 25.0, -5.0, 0.0, 55.0, -15.0, -5.0]",40.0
CGMacros-028,T2D,bl_silDS,popTMA,C05,4218.68259990439,29,8,8,0,4,4,2,6,6,4.197916666666667,0.25,0.25,0.25,1.4292803970223324,26.0,26.0,0,4,2,4,"[10.0, 42.0]",
CGMacros-028,T2D,bl_silDS,popTMA,C05-15,4218.68259990439,29,8,8,0,4,4,6,2,2,4.197916666666667,0.75,0.75,0.75,0.4764267990074441,3.0,-5.0,3,4,3,4,"[-15.0, 10.0, -9.0, -3.0, 42.0, -7.0]",
CGMacros-028,T2D,bl_silDS,popTMA,native,4218.68259990439,29,8,8,0,4,4,7,0,1,4.197916666666667,0.875,1.0,0.9333333333333333,0.0,-2.142857142857143,-10.0,4,4,3,4,"[-15.0, 10.0, -10.0, -5.0, 40.0, -25.0, -10.0]",60.0
CGMacros-029,prediabetes,rescore,persTMA,C05,3247.3187423726613,17,8,8,0,4,4,4,2,0,3.9375,1.0,0.6666666666666666,0.8,0.5079365079365079,4.0,4.5,0,0,4,4,"[0.0, 2.0, 7.0, 7.0]",
CGMacros-029,prediabetes,rescore,persTMA,C05-15,3247.3187423726613,17,8,8,0,4,4,4,2,0,3.9375,1.0,0.6666666666666666,0.8,0.5079365079365079,4.0,4.5,0,0,4,4,"[0.0, 2.0, 7.0, 7.0]",
CGMacros-029,prediabetes,rescore,persTMA,native,3247.3187423726613,17,8,8,0,4,4,7,1,1,3.9375,0.875,0.875,0.875,0.25396825396825395,-1.4285714285714286,0.0,3,4,4,4,"[0.0, -5.0, 0.0, 0.0, 5.0, -15.0, 5.0]",40.0
CGMacros-029,prediabetes,rescore,popTMA,C05,4407.83650052928,31,8,8,0,4,4,4,2,0,3.9375,1.0,0.6666666666666666,0.8,0.5079365079365079,2.75,2.0,0,0,4,4,"[0.0, 2.0, 7.0, 2.0]",
CGMacros-029,prediabetes,rescore,popTMA,C05-15,4407.83650052928,31,8,8,0,4,4,4,2,0,3.9375,1.0,0.6666666666666666,0.8,0.5079365079365079,2.75,2.0,0,0,4,4,"[0.0, 2.0, 7.0, 2.0]",
CGMacros-029,prediabetes,rescore,popTMA,native,4407.83650052928,31,8,8,0,4,4,7,0,1,3.9375,0.875,1.0,0.9333333333333333,0.0,-3.5714285714285716,0.0,3,4,4,4,"[0.0, -10.0, 0.0, 0.0, 5.0, -20.0, 0.0]",75.0
CGMacros-029,prediabetes,bl,persTMA,C05,2466.901536716501,17,8,8,0,4,4,4,3,0,3.9375,1.0,0.5714285714285714,0.7272727272727273,0.7619047619047619,4.0,4.5,0,0,4,4,"[0.0, 2.0, 7.0, 7.0]",
CGMacros-029,prediabetes,bl,persTMA,C05-15,2466.901536716501,17,8,8,0,4,4,4,3,0,3.9375,1.0,0.5714285714285714,0.7272727272727273,0.7619047619047619,4.0,4.5,0,0,4,4,"[0.0, 2.0, 7.0, 7.0]",
CGMacros-029,prediabetes,bl,persTMA,native,2466.901536716501,17,8,8,0,4,4,7,2,1,3.9375,0.875,0.7777777777777778,0.8235294117647058,0.5079365079365079,-1.4285714285714286,0.0,3,4,4,4,"[0.0, -5.0, 0.0, 0.0, 5.0, -15.0, 5.0]",40.0
CGMacros-029,prediabetes,bl,popTMA,C05,4145.8364646364935,29,8,8,0,4,4,4,2,0,3.9375,1.0,0.6666666666666666,0.8,0.5079365079365079,6.5,6.0,0,0,4,4,"[5.0, 2.0, 12.0, 7.0]",
CGMacros-029,prediabetes,bl,popTMA,C05-15,4145.8364646364935,29,8,8,0,4,4,4,2,0,3.9375,1.0,0.6666666666666666,0.8,0.5079365079365079,6.5,6.0,0,0,4,4,"[5.0, 2.0, 12.0, 7.0]",
CGMacros-029,prediabetes,bl,popTMA,native,4145.8364646364935,29,8,8,0,4,4,7,0,1,3.9375,0.875,1.0,0.9333333333333333,0.0,0.7142857142857143,5.0,3,4,4,4,"[5.0, -5.0, 0.0, 5.0, 10.0, -15.0, 5.0]",75.0
CGMacros-029,prediabetes,bl_silDS,persTMA,C05,2466.901536716501,17,8,8,0,4,4,4,1,0,3.9375,1.0,0.8,0.8888888888888888,0.25396825396825395,4.0,4.5,0,0,4,4,"[0.0, 2.0, 7.0, 7.0]",
CGMacros-029,prediabetes,bl_silDS,persTMA,C05-15,2466.901536716501,17,8,8,0,4,4,4,1,0,3.9375,1.0,0.8,0.8888888888888888,0.25396825396825395,4.0,4.5,0,0,4,4,"[0.0, 2.0, 7.0, 7.0]",
CGMacros-029,prediabetes,bl_silDS,persTMA,native,2466.901536716501,17,8,8,0,4,4,7,0,1,3.9375,0.875,1.0,0.9333333333333333,0.0,-1.4285714285714286,0.0,3,4,4,4,"[0.0, -5.0, 0.0, 0.0, 5.0, -15.0, 5.0]",40.0
CGMacros-029,prediabetes,bl_silDS,popTMA,C05,4145.8364646364935,29,8,8,0,4,4,4,1,0,3.9375,1.0,0.8,0.8888888888888888,0.25396825396825395,6.5,6.0,0,0,4,4,"[5.0, 2.0, 12.0, 7.0]",
CGMacros-029,prediabetes,bl_silDS,popTMA,C05-15,4145.8364646364935,29,8,8,0,4,4,4,1,0,3.9375,1.0,0.8,0.8888888888888888,0.25396825396825395,6.5,6.0,0,0,4,4,"[5.0, 2.0, 12.0, 7.0]",
CGMacros-029,prediabetes,bl_silDS,popTMA,native,4145.8364646364935,29,8,8,0,4,4,7,0,1,3.9375,0.875,1.0,0.9333333333333333,0.0,0.7142857142857143,5.0,3,4,4,4,"[5.0, -5.0, 0.0, 5.0, 10.0, -15.0, 5.0]",75.0
CGMacros-030,T2D,rescore,persTMA,C05,3440.05781173341,10,6,5,0,3,2,3,4,2,3.6527777777777777,0.6,0.42857142857142855,0.5,1.0950570342205324,45.666666666666664,43.0,3,3,0,2,"[64.0, 43.0, 30.0]",
CGMacros-030,T2D,rescore,persTMA,C05-15,3440.05781173341,10,6,5,0,3,2,3,2,2,3.6527777777777777,0.6,0.6,0.6,0.5475285171102662,4.0,-7.0,3,3,0,2,"[-11.0, -7.0, 30.0]",
CGMacros-030,T2D,rescore,persTMA,native,3440.05781173341,10,6,5,0,3,2,3,4,2,3.6527777777777777,0.6,0.42857142857142855,0.5,1.0950570342205324,1.6666666666666667,-10.0,3,3,0,2,"[-15.0, -10.0, 30.0]",15.0
CGMacros-030,T2D,rescore,popTMA,C05,3896.35913424546,31,6,5,0,3,2,3,5,2,3.6527777777777777,0.6,0.375,0.46153846153846156,1.3688212927756653,28.666666666666668,30.0,2,3,1,2,"[54.0, 30.0, 2.0]",
CGMacros-030,T2D,rescore,popTMA,C05-15,3896.35913424546,31,6,5,0,3,2,3,5,2,3.6527777777777777,0.6,0.375,0.46153846153846156,1.3688212927756653,28.666666666666668,30.0,2,3,1,2,"[54.0, 30.0, 2.0]",
CGMacros-030,T2D,rescore,popTMA,native,3896.35913424546,31,6,5,0,3,2,4,2,1,3.6527777777777777,0.8,0.6666666666666666,0.7272727272727273,0.5475285171102662,-7.5,-15.0,2,3,2,2,"[-30.0, -30.0, 30.0, 0.0]",60.0
CGMacros-030,T2D,bl,persTMA,C05,299.6351770013325,7,6,6,0,3,3,6,3,0,3.6527777777777777,1.0,0.6666666666666666,0.8,0.8212927756653993,14.0,7.5,3,3,3,3,"[14.0, 4.0, 8.0, 46.0, 5.0, 7.0]",
CGMacros-030,T2D,bl,persTMA,C05-15,299.6351770013325,7,6,6,0,3,3,6,3,0,3.6527777777777777,1.0,0.6666666666666666,0.8,0.8212927756653993,14.0,7.5,3,3,3,3,"[14.0, 4.0, 8.0, 46.0, 5.0, 7.0]",
CGMacros-030,T2D,bl,persTMA,native,299.6351770013325,7,6,6,0,3,3,6,8,0,3.6527777777777777,1.0,0.42857142857142855,0.6,2.1901140684410647,11.666666666666666,5.0,3,3,3,3,"[10.0, 0.0, 5.0, 45.0, 5.0, 5.0]",20.0
CGMacros-030,T2D,bl,popTMA,C05,4569.41274621023,29,6,5,0,3,2,2,5,3,3.6527777777777777,0.4,0.2857142857142857,0.3333333333333333,1.3688212927756653,47.0,47.0,2,3,0,2,"[59.0, 35.0]",
CGMacros-030,T2D,bl,popTMA,C05-15,4569.41274621023,29,6,5,0,3,2,2,5,3,3.6527777777777777,0.4,0.2857142857142857,0.3333333333333333,1.3688212927756653,47.0,47.0,2,3,0,2,"[59.0, 35.0]",
CGMacros-030,T2D,bl,popTMA,native,4569.41274621023,29,6,5,0,3,2,3,2,2,3.6527777777777777,0.6,0.6,0.6,0.5475285171102662,-6.666666666666667,-25.0,2,3,1,2,"[-30.0, -25.0, 35.0]",45.0
CGMacros-030,T2D,bl_silDS,persTMA,C05,299.6351770013325,7,6,6,0,3,3,6,2,0,3.6527777777777777,1.0,0.75,0.8571428571428571,0.5475285171102662,14.0,7.5,3,3,3,3,"[14.0, 4.0, 8.0, 46.0, 5.0, 7.0]",
CGMacros-030,T2D,bl_silDS,persTMA,C05-15,299.6351770013325,7,6,6,0,3,3,6,2,0,3.6527777777777777,1.0,0.75,0.8571428571428571,0.5475285171102662,14.0,7.5,3,3,3,3,"[14.0, 4.0, 8.0, 46.0, 5.0, 7.0]",
CGMacros-030,T2D,bl_silDS,persTMA,native,299.6351770013325,7,6,6,0,3,3,6,7,0,3.6527777777777777,1.0,0.46153846153846156,0.631578947368421,1.9163498098859315,11.666666666666666,5.0,3,3,3,3,"[10.0, 0.0, 5.0, 45.0, 5.0, 5.0]",20.0
CGMacros-030,T2D,bl_silDS,popTMA,C05,3894.0679343543707,29,6,5,0,3,2,2,4,3,3.6527777777777777,0.4,0.3333333333333333,0.36363636363636365,1.0950570342205324,47.0,47.0,2,3,0,2,"[59.0, 35.0]",
CGMacros-030,T2D,bl_silDS,popTMA,C05-15,3894.0679343543707,29,6,5,0,3,2,2,4,3,3.6527777777777777,0.4,0.3333333333333333,0.36363636363636365,1.0950570342205324,47.0,47.0,2,3,0,2,"[59.0, 35.0]",
CGMacros-030,T2D,bl_silDS,popTMA,native,3894.0679343543707,29,6,5,0,3,2,3,2,2,3.6527777777777777,0.6,0.6,0.6,0.5475285171102662,-6.666666666666667,-25.0,2,3,1,2,"[-30.0, -25.0, 35.0]",45.0
CGMacros-031,healthy,rescore,persTMA,C05,1106.8534239400724,12,7,7,0,4,3,4,7,2,3.2743055555555554,0.6666666666666666,0.36363636363636365,0.47058823529411764,2.1378579003181337,26.5,26.5,1,3,3,3,"[29.0, 24.0, 24.0, 29.0]",
CGMacros-031,healthy,rescore,persTMA,C05-15,1106.8534239400724,12,7,7,0,4,3,5,6,1,3.2743055555555554,0.8333333333333334,0.45454545454545453,0.5882352941176471,1.8324496288441146,20.2,24.0,2,3,3,3,"[29.0, 24.0, 24.0, -5.0, 29.0]",
CGMacros-031,healthy,rescore,persTMA,native,1106.8534239400724,12,7,7,0,4,3,6,4,1,3.2743055555555554,0.8571428571428571,0.6,0.7058823529411765,1.2216330858960764,0.8333333333333334,7.5,3,4,3,3,"[-20.0, -35.0, 20.0, 20.0, -5.0, 25.0]",37.5
CGMacros-031,healthy,rescore,popTMA,C05,4451.685427524739,31,7,7,0,4,3,3,2,3,3.2743055555555554,0.5,0.6,0.5454545454545454,0.6108165429480382,15.666666666666666,19.0,1,3,2,3,"[19.0, 19.0, 9.0]",
CGMacros-031,healthy,rescore,popTMA,C05-15,4451.685427524739,31,7,7,0,4,3,3,2,3,3.2743055555555554,0.5,0.6,0.5454545454545454,0.6108165429480382,15.666666666666666,19.0,1,3,2,3,"[19.0, 19.0, 9.0]",
CGMacros-031,healthy,rescore,popTMA,native,4451.685427524739,31,7,7,0,4,3,3,2,4,3.2743055555555554,0.42857142857142855,0.6,0.5,0.6108165429480382,11.666666666666666,15.0,1,4,2,3,"[15.0, 15.0, 5.0]",90.0
CGMacros-031,healthy,bl,persTMA,C05,916.6876276432899,10,7,7,0,4,3,3,3,3,3.2743055555555554,0.5,0.5,0.5,0.9162248144220573,31.0,39.0,1,3,2,3,"[39.0, 10.0, 44.0]",
CGMacros-031,healthy,bl,persTMA,C05-15,916.6876276432899,10,7,7,0,4,3,4,2,2,3.2743055555555554,0.6666666666666666,0.6666666666666666,0.6666666666666666,0.6108165429480382,22.5,24.5,2,3,2,3,"[-3.0, 39.0, 10.0, 44.0]",
CGMacros-031,healthy,bl,persTMA,native,916.6876276432899,10,7,7,0,4,3,4,2,3,3.2743055555555554,0.5714285714285714,0.6666666666666666,0.6153846153846154,0.6108165429480382,20.0,22.5,2,4,2,3,"[-5.0, 35.0, 10.0, 40.0]",47.5
CGMacros-031,healthy,bl,popTMA,C05,3941.1405060308753,29,7,7,0,4,3,3,2,3,3.2743055555555554,0.5,0.6,0.5454545454545454,0.6108165429480382,17.333333333333332,19.0,1,3,2,3,"[19.0, 19.0, 14.0]",
CGMacros-031,healthy,bl,popTMA,C05-15,3941.1405060308753,29,7,7,0,4,3,3,2,3,3.2743055555555554,0.5,0.6,0.5454545454545454,0.6108165429480382,17.333333333333332,19.0,1,3,2,3,"[19.0, 19.0, 14.0]",
CGMacros-031,healthy,bl,popTMA,native,3941.1405060308753,29,7,7,0,4,3,3,2,4,3.2743055555555554,0.42857142857142855,0.6,0.5,0.6108165429480382,13.333333333333334,15.0,1,4,2,3,"[15.0, 15.0, 10.0]",85.0
CGMacros-031,healthy,bl_silDS,persTMA,C05,408.6247210590723,10,7,7,0,4,3,6,2,0,3.2743055555555554,1.0,0.75,0.8571428571428571,0.6108165429480382,30.5,39.0,3,3,3,3,"[52.0, 39.0, 39.0, 39.0, 10.0, 4.0]",
CGMacros-031,healthy,bl_silDS,persTMA,C05-15,408.6247210590723,10,7,7,0,4,3,6,1,0,3.2743055555555554,1.0,0.8571428571428571,0.9230769230769231,0.3054082714740191,21.333333333333332,24.5,3,3,3,3,"[-3.0, 39.0, 39.0, 39.0, 10.0, 4.0]",
CGMacros-031,healthy,bl_silDS,persTMA,native,408.6247210590723,10,7,7,0,4,3,7,6,0,3.2743055555555554,1.0,0.5384615384615384,0.7,1.8324496288441146,6.428571428571429,0.0,4,4,3,3,"[-5.0, -25.0, 35.0, 35.0, 10.0, 0.0, -5.0]",25.0
CGMacros-031,healthy,bl_silDS,popTMA,C05,3941.1405060308753,29,7,7,0,4,3,3,0,3,3.2743055555555554,0.5,1.0,0.6666666666666666,0.0,17.333333333333332,19.0,1,3,2,3,"[19.0, 19.0, 14.0]",
CGMacros-031,healthy,bl_silDS,popTMA,C05-15,3941.1405060308753,29,7,7,0,4,3,3,0,3,3.2743055555555554,0.5,1.0,0.6666666666666666,0.0,17.333333333333332,19.0,1,3,2,3,"[19.0, 19.0, 14.0]",
CGMacros-031,healthy,bl_silDS,popTMA,native,3941.1405060308753,29,7,7,0,4,3,3,0,4,3.2743055555555554,0.42857142857142855,1.0,0.6,0.0,13.333333333333334,15.0,1,4,2,3,"[15.0, 15.0, 10.0]",85.0
CGMacros-032,healthy,rescore,persTMA,C05,677.1761195588085,8,6,6,0,3,3,2,4,1,3.4652777777777777,0.6666666666666666,0.3333333333333333,0.4444444444444444,1.154308617234469,33.0,33.0,0,0,2,3,"[37.0, 29.0]",
CGMacros-032,healthy,rescore,persTMA,C05-15,677.1761195588085,8,6,6,0,3,3,2,4,1,3.4652777777777777,0.6666666666666666,0.3333333333333333,0.4444444444444444,1.154308617234469,33.0,33.0,0,0,2,3,"[37.0, 29.0]",
CGMacros-032,healthy,rescore,persTMA,native,677.1761195588085,8,6,6,0,3,3,4,4,2,3.4652777777777777,0.6666666666666666,0.5,0.5714285714285714,1.154308617234469,20.0,30.0,2,3,2,3,"[45.0, -25.0, 35.0, 25.0]",50.0
CGMacros-032,healthy,rescore,popTMA,C05,4066.2934363204913,31,6,6,0,3,3,2,7,1,3.4652777777777777,0.6666666666666666,0.2222222222222222,0.3333333333333333,2.020040080160321,55.5,55.5,0,0,2,3,"[107.0, 4.0]",
CGMacros-032,healthy,rescore,popTMA,C05-15,4066.2934363204913,31,6,6,0,3,3,2,7,1,3.4652777777777777,0.6666666666666666,0.2222222222222222,0.3333333333333333,2.020040080160321,-4.5,-4.5,0,0,2,3,"[-13.0, 4.0]",
CGMacros-032,healthy,rescore,popTMA,native,4066.2934363204913,31,6,6,0,3,3,6,8,0,3.4652777777777777,1.0,0.42857142857142855,0.6,2.308617234468938,-15.0,-15.0,3,3,3,3,"[-15.0, -15.0, -15.0, -25.0, -20.0, 0.0]",60.0
CGMacros-032,healthy,bl,persTMA,C05,677.1761195588085,8,6,6,0,3,3,2,4,1,3.4652777777777777,0.6666666666666666,0.3333333333333333,0.4444444444444444,1.154308617234469,33.0,33.0,0,0,2,3,"[37.0, 29.0]",
CGMacros-032,healthy,bl,persTMA,C05-15,677.1761195588085,8,6,6,0,3,3,2,4,1,3.4652777777777777,0.6666666666666666,0.3333333333333333,0.4444444444444444,1.154308617234469,33.0,33.0,0,0,2,3,"[37.0, 29.0]",
CGMacros-032,healthy,bl,persTMA,native,677.1761195588085,8,6,6,0,3,3,4,4,2,3.4652777777777777,0.6666666666666666,0.5,0.5714285714285714,1.154308617234469,20.0,30.0,2,3,2,3,"[45.0, -25.0, 35.0, 25.0]",50.0
CGMacros-032,healthy,bl,popTMA,C05,3971.218177402472,29,6,6,0,3,3,1,8,2,3.4652777777777777,0.3333333333333333,0.1111111111111111,0.16666666666666666,2.308617234468938,107.0,107.0,0,0,1,3,[107.0],
CGMacros-032,healthy,bl,popTMA,C05-15,3971.218177402472,29,6,6,0,3,3,2,7,1,3.4652777777777777,0.6666666666666666,0.2222222222222222,0.3333333333333333,2.020040080160321,-2.0,-2.0,0,0,2,3,"[-3.0, -1.0]",
CGMacros-032,healthy,bl,popTMA,native,3971.218177402472,29,6,6,0,3,3,6,8,0,3.4652777777777777,1.0,0.42857142857142855,0.6,2.308617234468938,-11.666666666666666,-10.0,3,3,3,3,"[-10.0, -5.0, -10.0, -25.0, -15.0, -5.0]",60.0
CGMacros-032,healthy,bl_silDS,persTMA,C05,677.1761195588085,8,6,6,0,3,3,2,4,1,3.4652777777777777,0.6666666666666666,0.3333333333333333,0.4444444444444444,1.154308617234469,33.0,33.0,0,0,2,3,"[37.0, 29.0]",
CGMacros-032,healthy,bl_silDS,persTMA,C05-15,677.1761195588085,8,6,6,0,3,3,2,4,1,3.4652777777777777,0.6666666666666666,0.3333333333333333,0.4444444444444444,1.154308617234469,33.0,33.0,0,0,2,3,"[37.0, 29.0]",
CGMacros-032,healthy,bl_silDS,persTMA,native,677.1761195588085,8,6,6,0,3,3,4,4,2,3.4652777777777777,0.6666666666666666,0.5,0.5714285714285714,1.154308617234469,20.0,30.0,2,3,2,3,"[45.0, -25.0, 35.0, 25.0]",50.0
CGMacros-032,healthy,bl_silDS,popTMA,C05,3971.218177402472,29,6,6,0,3,3,1,8,2,3.4652777777777777,0.3333333333333333,0.1111111111111111,0.16666666666666666,2.308617234468938,107.0,107.0,0,0,1,3,[107.0],
CGMacros-032,healthy,bl_silDS,popTMA,C05-15,3971.218177402472,29,6,6,0,3,3,2,7,1,3.4652777777777777,0.6666666666666666,0.2222222222222222,0.3333333333333333,2.020040080160321,-2.0,-2.0,0,0,2,3,"[-3.0, -1.0]",
CGMacros-032,healthy,bl_silDS,popTMA,native,3971.218177402472,29,6,6,0,3,3,6,8,0,3.4652777777777777,1.0,0.42857142857142855,0.6,2.308617234468938,-11.666666666666666,-10.0,3,3,3,3,"[-10.0, -5.0, -10.0, -25.0, -15.0, -5.0]",60.0
CGMacros-033,healthy,rescore,persTMA,C05,4692.554050991073,17,8,8,0,4,4,4,7,4,3.8472222222222223,0.5,0.36363636363636365,0.42105263157894735,1.819494584837545,15.5,3.0,3,4,1,4,"[4.0, 54.0, 2.0, 2.0]",
CGMacros-033,healthy,rescore,persTMA,C05-15,4692.554050991073,17,8,8,0,4,4,4,7,4,3.8472222222222223,0.5,0.36363636363636365,0.42105263157894735,1.819494584837545,15.5,3.0,3,4,1,4,"[4.0, 54.0, 2.0, 2.0]",
CGMacros-033,healthy,rescore,persTMA,native,4692.554050991073,17,8,8,0,4,4,5,7,3,3.8472222222222223,0.625,0.4166666666666667,0.5,1.819494584837545,0.0,0.0,3,4,2,4,"[0.0, -50.0, 50.0, 0.0, 0.0]",40.0
CGMacros-033,healthy,rescore,popTMA,C05,4827.074709788649,31,8,8,0,4,4,1,10,7,3.8472222222222223,0.125,0.09090909090909091,0.10526315789473684,2.5992779783393503,4.0,4.0,1,4,0,4,[4.0],
CGMacros-033,healthy,rescore,popTMA,C05-15,4827.074709788649,31,8,8,0,4,4,2,9,6,3.8472222222222223,0.25,0.18181818181818182,0.21052631578947367,2.339350180505415,-4.5,-4.5,1,4,1,4,"[4.0, -13.0]",
CGMacros-033,healthy,rescore,popTMA,native,4827.074709788649,31,8,8,0,4,4,6,5,2,3.8472222222222223,0.75,0.5454545454545454,0.631578947368421,1.2996389891696751,-30.0,-22.5,3,4,3,4,"[-20.0, -90.0, 0.0, -15.0, -25.0, -30.0]",52.5
CGMacros-033,healthy,bl,persTMA,C05,5637.112765826849,17,8,8,0,4,4,2,8,6,3.8472222222222223,0.25,0.2,0.2222222222222222,2.07942238267148,79.0,79.0,2,4,0,4,"[104.0, 54.0]",
CGMacros-033,healthy,bl,persTMA,C05-15,5637.112765826849,17,8,8,0,4,4,4,5,4,3.8472222222222223,0.5,0.4444444444444444,0.47058823529411764,1.2996389891696751,11.75,-2.0,3,4,1,4,"[-1.0, 54.0, -3.0, -3.0]",
CGMacros-033,healthy,bl,persTMA,native,5637.112765826849,17,8,8,0,4,4,4,6,4,3.8472222222222223,0.5,0.4,0.4444444444444444,1.55956678700361,8.75,-5.0,3,4,1,4,"[-5.0, 50.0, -5.0, -5.0]",35.0
CGMacros-033,healthy,bl,popTMA,C05,4170.122026281602,29,8,8,0,4,4,1,13,7,3.8472222222222223,0.125,0.07142857142857142,0.09090909090909091,3.3790613718411553,4.0,4.0,1,4,0,4,[4.0],
CGMacros-033,healthy,bl,popTMA,C05-15,4170.122026281602,29,8,8,0,4,4,2,12,6,3.8472222222222223,0.25,0.14285714285714285,0.18181818181818182,3.11913357400722,-2.0,-2.0,1,4,1,4,"[4.0, -8.0]",
CGMacros-033,healthy,bl,popTMA,native,4170.122026281602,29,8,8,0,4,4,6,8,2,3.8472222222222223,0.75,0.42857142857142855,0.5454545454545454,2.07942238267148,-37.5,-20.0,3,4,3,4,"[-20.0, -85.0, 0.0, -80.0, -20.0, -20.0]",50.0
CGMacros-033,healthy,bl_silDS,persTMA,C05,5173.478539864849,17,8,8,0,4,4,2,10,6,3.8472222222222223,0.25,0.16666666666666666,0.2,2.5992779783393503,79.0,79.0,2,4,0,4,"[104.0, 54.0]",
CGMacros-033,healthy,bl_silDS,persTMA,C05-15,5173.478539864849,17,8,8,0,4,4,4,6,4,3.8472222222222223,0.5,0.4,0.4444444444444444,1.55956678700361,-3.25,-3.0,3,4,1,4,"[-1.0, -6.0, -3.0, -3.0]",
CGMacros-033,healthy,bl_silDS,persTMA,native,5173.478539864849,17,8,8,0,4,4,5,7,3,3.8472222222222223,0.625,0.4166666666666667,0.5,1.819494584837545,-16.0,-5.0,3,4,2,4,"[-5.0, -55.0, -10.0, -5.0, -5.0]",35.0
CGMacros-033,healthy,bl_silDS,popTMA,C05,4170.122026281602,29,8,8,0,4,4,1,12,7,3.8472222222222223,0.125,0.07692307692307693,0.09523809523809523,3.11913357400722,4.0,4.0,1,4,0,4,[4.0],
CGMacros-033,healthy,bl_silDS,popTMA,C05-15,4170.122026281602,29,8,8,0,4,4,2,11,6,3.8472222222222223,0.25,0.15384615384615385,0.19047619047619047,2.859205776173285,-2.0,-2.0,1,4,1,4,"[4.0, -8.0]",
CGMacros-033,healthy,bl_silDS,popTMA,native,4170.122026281602,29,8,8,0,4,4,6,8,2,3.8472222222222223,0.75,0.42857142857142855,0.5454545454545454,2.07942238267148,-37.5,-20.0,3,4,3,4,"[-20.0, -85.0, 0.0, -80.0, -20.0, -20.0]",50.0
CGMacros-034,healthy,rescore,persTMA,C05,1141.947517875411,16,8,8,0,4,4,2,8,5,4.284722222222222,0.2857142857142857,0.2,0.23529411764705882,1.86709886547812,17.5,17.5,0,3,2,4,"[1.0, 34.0]",
CGMacros-034,healthy,rescore,persTMA,C05-15,1141.947517875411,16,8,8,0,4,4,4,6,3,4.284722222222222,0.5714285714285714,0.4,0.47058823529411764,1.4003241491085898,8.0,0.0,2,3,2,4,"[-2.0, 1.0, -1.0, 34.0]",
CGMacros-034,healthy,rescore,persTMA,native,1141.947517875411,16,8,8,0,4,4,6,5,2,4.284722222222222,0.75,0.5454545454545454,0.631578947368421,1.1669367909238249,2.5,-2.5,3,4,3,4,"[25.0, -30.0, -5.0, 0.0, -5.0, 30.0]",37.5
CGMacros-034,healthy,rescore,popTMA,C05,3996.4780701937852,31,8,8,0,4,4,1,4,6,4.284722222222222,0.14285714285714285,0.2,0.16666666666666666,0.93354943273906,66.0,66.0,0,3,1,4,[66.0],
CGMacros-034,healthy,rescore,popTMA,C05-15,3996.4780701937852,31,8,8,0,4,4,1,4,6,4.284722222222222,0.14285714285714285,0.2,0.16666666666666666,0.93354943273906,66.0,66.0,0,3,1,4,[66.0],
CGMacros-034,healthy,rescore,popTMA,native,3996.4780701937852,31,8,8,0,4,4,3,3,5,4.284722222222222,0.375,0.5,0.42857142857142855,0.7001620745542949,-25.0,-25.0,1,4,2,4,"[5.0, -55.0, -25.0]",50.0
CGMacros-034,healthy,bl,persTMA,C05,717.9831018488451,13,8,8,0,4,4,3,2,4,4.284722222222222,0.42857142857142855,0.6,0.5,0.46677471636953,24.333333333333332,24.0,2,3,1,4,"[23.0, 26.0, 24.0]",
CGMacros-034,healthy,bl,persTMA,C05-15,717.9831018488451,13,8,8,0,4,4,3,2,4,4.284722222222222,0.42857142857142855,0.6,0.5,0.46677471636953,24.333333333333332,24.0,2,3,1,4,"[23.0, 26.0, 24.0]",
CGMacros-034,healthy,bl,persTMA,native,717.9831018488451,13,8,8,0,4,4,4,2,4,4.284722222222222,0.5,0.6666666666666666,0.5714285714285714,0.46677471636953,28.75,22.5,3,4,1,4,"[50.0, 20.0, 25.0, 20.0]",52.5
CGMacros-034,healthy,bl,popTMA,C05,4701.303729036648,29,8,8,0,4,4,0,3,7,4.284722222222222,0.0,0.0,0.0,0.7001620745542949,,,0,3,0,4,[],
CGMacros-034,healthy,bl,popTMA,C05-15,4701.303729036648,29,8,8,0,4,4,0,3,7,4.284722222222222,0.0,0.0,0.0,0.7001620745542949,,,0,3,0,4,[],
CGMacros-034,healthy,bl,popTMA,native,4701.303729036648,29,8,8,0,4,4,2,2,6,4.284722222222222,0.25,0.5,0.3333333333333333,0.46677471636953,-35.0,-35.0,0,4,2,4,"[-50.0, -20.0]",35.0
CGMacros-034,healthy,bl_silDS,persTMA,C05,717.9831018488451,13,8,8,0,4,4,3,2,4,4.284722222222222,0.42857142857142855,0.6,0.5,0.46677471636953,24.333333333333332,24.0,2,3,1,4,"[23.0, 26.0, 24.0]",
CGMacros-034,healthy,bl_silDS,persTMA,C05-15,717.9831018488451,13,8,8,0,4,4,3,2,4,4.284722222222222,0.42857142857142855,0.6,0.5,0.46677471636953,24.333333333333332,24.0,2,3,1,4,"[23.0, 26.0, 24.0]",
CGMacros-034,healthy,bl_silDS,persTMA,native,717.9831018488451,13,8,8,0,4,4,4,2,4,4.284722222222222,0.5,0.6666666666666666,0.5714285714285714,0.46677471636953,28.75,22.5,3,4,1,4,"[50.0, 20.0, 25.0, 20.0]",52.5
CGMacros-034,healthy,bl_silDS,popTMA,C05,4701.303729036648,29,8,8,0,4,4,0,2,7,4.284722222222222,0.0,0.0,0.0,0.46677471636953,,,0,3,0,4,[],
CGMacros-034,healthy,bl_silDS,popTMA,C05-15,4701.303729036648,29,8,8,0,4,4,0,2,7,4.284722222222222,0.0,0.0,0.0,0.46677471636953,,,0,3,0,4,[],
CGMacros-034,healthy,bl_silDS,popTMA,native,4701.303729036648,29,8,8,0,4,4,1,2,7,4.284722222222222,0.125,0.3333333333333333,0.18181818181818182,0.46677471636953,-20.0,-20.0,0,4,1,4,[-20.0],50.0
CGMacros-035,T2D,rescore,persTMA,C05,7468.115652877796,22,7,7,0,3,4,3,5,1,3.920138888888889,0.75,0.375,0.5,1.2754650132860939,34.666666666666664,38.0,0,0,3,4,"[14.0, 52.0, 38.0]",
CGMacros-035,T2D,rescore,persTMA,C05-15,7468.115652877796,22,7,7,0,3,4,4,4,0,3.920138888888889,1.0,0.5,0.6666666666666666,1.0203720106288752,23.75,26.0,0,0,4,4,"[14.0, 52.0, -9.0, 38.0]",
CGMacros-035,T2D,rescore,persTMA,native,7468.115652877796,22,7,7,0,3,4,7,3,0,3.920138888888889,1.0,0.7,0.8235294117647058,0.7652790079716564,17.142857142857142,15.0,3,3,4,4,"[10.0, 5.0, 50.0, 15.0, -10.0, 15.0, 35.0]",70.0
CGMacros-035,T2D,rescore,popTMA,C05,3948.413474963345,31,7,7,0,3,4,3,6,1,3.920138888888889,0.75,0.3333333333333333,0.46153846153846156,1.5305580159433128,24.666666666666668,18.0,0,0,3,4,"[14.0, 42.0, 18.0]",
CGMacros-035,T2D,rescore,popTMA,C05-15,3948.413474963345,31,7,7,0,3,4,3,6,1,3.920138888888889,0.75,0.3333333333333333,0.46153846153846156,1.5305580159433128,24.666666666666668,18.0,0,0,3,4,"[14.0, 42.0, 18.0]",
CGMacros-035,T2D,rescore,popTMA,native,3948.413474963345,31,7,7,0,3,4,7,3,0,3.920138888888889,1.0,0.7,0.8235294117647058,0.7652790079716564,6.428571428571429,10.0,3,3,4,4,"[10.0, -5.0, 40.0, 10.0, -25.0, 0.0, 15.0]",85.0
CGMacros-035,T2D,bl,persTMA,C05,-2783.7761442712717,10,7,7,0,3,4,4,22,0,3.920138888888889,1.0,0.15384615384615385,0.26666666666666666,5.612046058458813,56.25,50.0,0,0,4,4,"[59.0, 22.0, 41.0, 103.0]",
CGMacros-035,T2D,bl,persTMA,C05-15,-2783.7761442712717,10,7,7,0,3,4,4,22,0,3.920138888888889,1.0,0.15384615384615385,0.26666666666666666,5.612046058458813,56.25,50.0,0,0,4,4,"[59.0, 22.0, 41.0, 103.0]",
CGMacros-035,T2D,bl,persTMA,native,-2783.7761442712717,10,7,7,0,3,4,7,33,0,3.920138888888889,1.0,0.175,0.2978723404255319,8.41806908768822,-21.428571428571427,-25.0,3,3,4,4,"[-25.0, -30.0, 20.0, -20.0, -35.0, -40.0, -20.0]",0.0
CGMacros-035,T2D,bl,popTMA,C05,4187.528157916458,29,7,7,0,3,4,3,6,1,3.920138888888889,0.75,0.3333333333333333,0.46153846153846156,1.5305580159433128,28.0,23.0,0,0,3,4,"[14.0, 47.0, 23.0]",
CGMacros-035,T2D,bl,popTMA,C05-15,4187.528157916458,29,7,7,0,3,4,3,6,1,3.920138888888889,0.75,0.3333333333333333,0.46153846153846156,1.5305580159433128,28.0,23.0,0,0,3,4,"[14.0, 47.0, 23.0]",
CGMacros-035,T2D,bl,popTMA,native,4187.528157916458,29,7,7,0,3,4,7,3,0,3.920138888888889,1.0,0.7,0.8235294117647058,0.7652790079716564,9.285714285714286,10.0,3,3,4,4,"[10.0, -5.0, 45.0, 15.0, -20.0, 0.0, 20.0]",80.0
CGMacros-035,T2D,bl_silDS,persTMA,C05,-2783.7761442712717,10,7,7,0,3,4,4,22,0,3.920138888888889,1.0,0.15384615384615385,0.26666666666666666,5.612046058458813,56.25,50.0,0,0,4,4,"[59.0, 22.0, 41.0, 103.0]",
CGMacros-035,T2D,bl_silDS,persTMA,C05-15,-2783.7761442712717,10,7,7,0,3,4,4,22,0,3.920138888888889,1.0,0.15384615384615385,0.26666666666666666,5.612046058458813,56.25,50.0,0,0,4,4,"[59.0, 22.0, 41.0, 103.0]",
CGMacros-035,T2D,bl_silDS,persTMA,native,-2783.7761442712717,10,7,7,0,3,4,7,33,0,3.920138888888889,1.0,0.175,0.2978723404255319,8.41806908768822,-21.428571428571427,-25.0,3,3,4,4,"[-25.0, -30.0, 20.0, -20.0, -35.0, -40.0, -20.0]",0.0
CGMacros-035,T2D,bl_silDS,popTMA,C05,4187.528157916458,29,7,7,0,3,4,3,6,1,3.920138888888889,0.75,0.3333333333333333,0.46153846153846156,1.5305580159433128,28.0,23.0,0,0,3,4,"[14.0, 47.0, 23.0]",
CGMacros-035,T2D,bl_silDS,popTMA,C05-15,4187.528157916458,29,7,7,0,3,4,3,6,1,3.920138888888889,0.75,0.3333333333333333,0.46153846153846156,1.5305580159433128,28.0,23.0,0,0,3,4,"[14.0, 47.0, 23.0]",
CGMacros-035,T2D,bl_silDS,popTMA,native,4187.528157916458,29,7,7,0,3,4,7,3,0,3.920138888888889,1.0,0.7,0.8235294117647058,0.7652790079716564,9.285714285714286,10.0,3,3,4,4,"[10.0, -5.0, 45.0, 15.0, -20.0, 0.0, 20.0]",80.0
CGMacros-036,T2D,rescore,persTMA,C05,5291.596125779413,16,8,8,0,4,4,4,2,4,3.954861111111111,0.5,0.6666666666666666,0.5714285714285714,0.5057067603160668,32.5,32.0,2,4,2,4,"[35.0, 39.0, 29.0, 27.0]",
CGMacros-036,T2D,rescore,persTMA,C05-15,5291.596125779413,16,8,8,0,4,4,4,2,4,3.954861111111111,0.5,0.6666666666666666,0.5714285714285714,0.5057067603160668,32.5,32.0,2,4,2,4,"[35.0, 39.0, 29.0, 27.0]",
CGMacros-036,T2D,rescore,persTMA,native,5291.596125779413,16,8,8,0,4,4,4,2,4,3.954861111111111,0.5,0.6666666666666666,0.5714285714285714,0.5057067603160668,30.0,30.0,2,4,2,4,"[35.0, 35.0, 25.0, 25.0]",70.0
CGMacros-036,T2D,rescore,popTMA,C05,4874.550347159457,31,8,8,0,4,4,3,6,5,3.954861111111111,0.375,0.3333333333333333,0.35294117647058826,1.5171202809482,75.66666666666667,97.0,1,4,2,4,"[114.0, 16.0, 97.0]",
CGMacros-036,T2D,rescore,popTMA,C05-15,4874.550347159457,31,8,8,0,4,4,3,4,5,3.954861111111111,0.375,0.42857142857142855,0.4,1.0114135206321335,-1.0,-6.0,1,4,2,4,"[-6.0, 16.0, -13.0]",
CGMacros-036,T2D,rescore,popTMA,native,4874.550347159457,31,8,8,0,4,4,5,2,3,3.954861111111111,0.625,0.7142857142857143,0.6666666666666666,0.5057067603160668,-11.0,-15.0,3,4,2,4,"[-10.0, -25.0, 15.0, -20.0, -15.0]",60.0
CGMacros-036,T2D,bl,persTMA,C05,9077.81407970131,16,8,8,0,4,4,1,0,7,3.954861111111111,0.125,1.0,0.2222222222222222,0.0,39.0,39.0,1,4,0,4,[39.0],
CGMacros-036,T2D,bl,persTMA,C05-15,9077.81407970131,16,8,8,0,4,4,1,0,7,3.954861111111111,0.125,1.0,0.2222222222222222,0.0,39.0,39.0,1,4,0,4,[39.0],
CGMacros-036,T2D,bl,persTMA,native,9077.81407970131,16,8,8,0,4,4,1,0,7,3.954861111111111,0.125,1.0,0.2222222222222222,0.0,35.0,35.0,1,4,0,4,[35.0],75.0
CGMacros-036,T2D,bl,popTMA,C05,4156.084839633775,29,8,8,0,4,4,4,6,4,3.954861111111111,0.5,0.4,0.4444444444444444,1.5171202809482,68.5,72.0,2,4,2,4,"[114.0, 47.0, 16.0, 97.0]",
CGMacros-036,T2D,bl,popTMA,C05-15,4156.084839633775,29,8,8,0,4,4,5,3,3,3.954861111111111,0.625,0.625,0.625,0.7585601404741,8.6,-1.0,3,4,2,4,"[-1.0, 47.0, 16.0, -11.0, -8.0]",
CGMacros-036,T2D,bl,popTMA,native,4156.084839633775,29,8,8,0,4,4,5,3,3,3.954861111111111,0.625,0.625,0.625,0.7585601404741,-8.0,-10.0,3,4,2,4,"[-5.0, -25.0, 15.0, -15.0, -10.0]",60.0
CGMacros-036,T2D,bl_silDS,persTMA,C05,9077.81407970131,16,8,8,0,4,4,1,0,7,3.954861111111111,0.125,1.0,0.2222222222222222,0.0,39.0,39.0,1,4,0,4,[39.0],
CGMacros-036,T2D,bl_silDS,persTMA,C05-15,9077.81407970131,16,8,8,0,4,4,1,0,7,3.954861111111111,0.125,1.0,0.2222222222222222,0.0,39.0,39.0,1,4,0,4,[39.0],
CGMacros-036,T2D,bl_silDS,persTMA,native,9077.81407970131,16,8,8,0,4,4,1,0,7,3.954861111111111,0.125,1.0,0.2222222222222222,0.0,35.0,35.0,1,4,0,4,[35.0],75.0
CGMacros-036,T2D,bl_silDS,popTMA,C05,4156.084839633775,29,8,8,0,4,4,4,4,4,3.954861111111111,0.5,0.5,0.5,1.0114135206321335,68.5,72.0,2,4,2,4,"[114.0, 47.0, 16.0, 97.0]",
CGMacros-036,T2D,bl_silDS,popTMA,C05-15,4156.084839633775,29,8,8,0,4,4,5,1,3,3.954861111111111,0.625,0.8333333333333334,0.7142857142857143,0.2528533801580334,8.6,-1.0,3,4,2,4,"[-1.0, 47.0, 16.0, -11.0, -8.0]",
CGMacros-036,T2D,bl_silDS,popTMA,native,4156.084839633775,29,8,8,0,4,4,5,3,3,3.954861111111111,0.625,0.625,0.625,0.7585601404741,-8.0,-10.0,3,4,2,4,"[-5.0, -25.0, 15.0, -15.0, -10.0]",60.0
CGMacros-038,T2D,rescore,persTMA,C05,4223.1437863930405,23,7,7,0,4,3,3,2,3,3.6805555555555554,0.5,0.6,0.5454545454545454,0.5433962264150943,16.666666666666668,21.0,3,3,0,3,"[21.0, 7.0, 22.0]",
CGMacros-038,T2D,rescore,persTMA,C05-15,4223.1437863930405,23,7,7,0,4,3,3,2,3,3.6805555555555554,0.5,0.6,0.5454545454545454,0.5433962264150943,16.666666666666668,21.0,3,3,0,3,"[21.0, 7.0, 22.0]",
CGMacros-038,T2D,rescore,persTMA,native,4223.1437863930405,23,7,7,0,4,3,4,2,3,3.6805555555555554,0.5714285714285714,0.6666666666666666,0.6153846153846154,0.5433962264150943,18.75,20.0,4,4,0,3,"[20.0, 5.0, 20.0, 30.0]",75.0
CGMacros-038,T2D,rescore,popTMA,C05,4894.144774029584,31,7,7,0,4,3,1,8,5,3.6805555555555554,0.16666666666666666,0.1111111111111111,0.13333333333333333,2.1735849056603773,6.0,6.0,0,3,1,3,[6.0],
CGMacros-038,T2D,rescore,popTMA,C05-15,4894.144774029584,31,7,7,0,4,3,3,6,3,3.6805555555555554,0.5,0.3333333333333333,0.4,1.630188679245283,-7.0,-13.0,2,3,1,3,"[-14.0, -13.0, 6.0]",
CGMacros-038,T2D,rescore,popTMA,native,4894.144774029584,31,7,7,0,4,3,5,4,2,3.6805555555555554,0.7142857142857143,0.5555555555555556,0.625,1.0867924528301887,-16.0,-15.0,4,4,1,3,"[-15.0, -35.0, -15.0, 5.0, -20.0]",60.0
CGMacros-038,T2D,bl,persTMA,C05,3082.923304703909,23,7,7,0,4,3,5,4,1,3.6805555555555554,0.8333333333333334,0.5555555555555556,0.6666666666666666,1.0867924528301887,37.4,22.0,3,3,2,3,"[21.0, 101.0, 7.0, 22.0, 36.0]",
CGMacros-038,T2D,bl,persTMA,C05-15,3082.923304703909,23,7,7,0,4,3,5,4,1,3.6805555555555554,0.8333333333333334,0.5555555555555556,0.6666666666666666,1.0867924528301887,37.4,22.0,3,3,2,3,"[21.0, 101.0, 7.0, 22.0, 36.0]",
CGMacros-038,T2D,bl,persTMA,native,3082.923304703909,23,7,7,0,4,3,5,5,2,3.6805555555555554,0.7142857142857143,0.5,0.5882352941176471,1.358490566037736,22.0,20.0,4,4,1,3,"[20.0, 5.0, 20.0, 35.0, 30.0]",75.0
CGMacros-038,T2D,bl,popTMA,C05,3812.2570640553495,29,7,7,0,4,3,1,8,5,3.6805555555555554,0.16666666666666666,0.1111111111111111,0.13333333333333333,2.1735849056603773,6.0,6.0,0,3,1,3,[6.0],
CGMacros-038,T2D,bl,popTMA,C05-15,3812.2570640553495,29,7,7,0,4,3,3,6,3,3.6805555555555554,0.5,0.3333333333333333,0.4,1.630188679245283,-5.333333333333333,-9.0,2,3,1,3,"[-9.0, -13.0, 6.0]",
CGMacros-038,T2D,bl,popTMA,native,3812.2570640553495,29,7,7,0,4,3,5,4,2,3.6805555555555554,0.7142857142857143,0.5555555555555556,0.625,1.0867924528301887,-12.0,-10.0,4,4,1,3,"[-10.0, -30.0, -15.0, 5.0, -10.0]",60.0
CGMacros-038,T2D,bl_silDS,persTMA,C05,3082.923304703909,23,7,7,0,4,3,5,0,1,3.6805555555555554,0.8333333333333334,1.0,0.9090909090909091,0.0,37.4,22.0,3,3,2,3,"[21.0, 101.0, 7.0, 22.0, 36.0]",
CGMacros-038,T2D,bl_silDS,persTMA,C05-15,3082.923304703909,23,7,7,0,4,3,5,0,1,3.6805555555555554,0.8333333333333334,1.0,0.9090909090909091,0.0,37.4,22.0,3,3,2,3,"[21.0, 101.0, 7.0, 22.0, 36.0]",
CGMacros-038,T2D,bl_silDS,persTMA,native,3082.923304703909,23,7,7,0,4,3,5,2,2,3.6805555555555554,0.7142857142857143,0.7142857142857143,0.7142857142857143,0.5433962264150943,22.0,20.0,4,4,1,3,"[20.0, 5.0, 20.0, 35.0, 30.0]",75.0
CGMacros-038,T2D,bl_silDS,popTMA,C05,3812.2570640553495,29,7,7,0,4,3,1,3,5,3.6805555555555554,0.16666666666666666,0.25,0.2,0.8150943396226416,6.0,6.0,0,3,1,3,[6.0],
CGMacros-038,T2D,bl_silDS,popTMA,C05-15,3812.2570640553495,29,7,7,0,4,3,3,1,3,3.6805555555555554,0.5,0.75,0.6,0.27169811320754716,-5.333333333333333,-9.0,2,3,1,3,"[-9.0, -13.0, 6.0]",
CGMacros-038,T2D,bl_silDS,popTMA,native,3812.2570640553495,29,7,7,0,4,3,5,0,2,3.6805555555555554,0.7142857142857143,1.0,0.8333333333333334,0.0,-12.0,-10.0,4,4,1,3,"[-10.0, -30.0, -15.0, 5.0, -10.0]",60.0
CGMacros-039,T2D,rescore,persTMA,C05,2451.298325085656,16,8,8,0,4,4,3,2,4,4.774305555555555,0.42857142857142855,0.6,0.5,0.41890909090909095,26.666666666666668,29.0,2,3,1,4,"[5.0, 46.0, 29.0]",
CGMacros-039,T2D,rescore,persTMA,C05-15,2451.298325085656,16,8,8,0,4,4,3,2,4,4.774305555555555,0.42857142857142855,0.6,0.5,0.41890909090909095,26.666666666666668,29.0,2,3,1,4,"[5.0, 46.0, 29.0]",
CGMacros-039,T2D,rescore,persTMA,native,2451.298325085656,16,8,8,0,4,4,4,2,4,4.774305555555555,0.5,0.6666666666666666,0.5714285714285714,0.41890909090909095,22.5,20.0,3,4,1,4,"[5.0, 15.0, 45.0, 25.0]",60.0
CGMacros-039,T2D,rescore,popTMA,C05,3932.2267526971264,31,8,8,0,4,4,3,4,4,4.774305555555555,0.42857142857142855,0.42857142857142855,0.42857142857142855,0.8378181818181819,8.0,9.0,1,3,2,4,"[9.0, 6.0, 9.0]",
CGMacros-039,T2D,rescore,popTMA,C05-15,3932.2267526971264,31,8,8,0,4,4,4,3,3,4.774305555555555,0.5714285714285714,0.5714285714285714,0.5714285714285714,0.6283636363636363,2.25,7.5,2,3,2,4,"[-15.0, 9.0, 6.0, 9.0]",
CGMacros-039,T2D,rescore,popTMA,native,3932.2267526971264,31,8,8,0,4,4,6,6,2,4.774305555555555,0.75,0.5,0.6,1.2567272727272727,-4.166666666666667,-2.5,4,4,2,4,"[-15.0, 5.0, -10.0, 5.0, -15.0, 5.0]",72.5
CGMacros-039,T2D,bl,persTMA,C05,25011.26825474325,31,8,8,0,4,4,4,2,3,4.774305555555555,0.5714285714285714,0.6666666666666666,0.6153846153846154,0.41890909090909095,17.75,17.5,3,3,1,4,"[5.0, 31.0, 6.0, 29.0]",
CGMacros-039,T2D,bl,persTMA,C05-15,25011.26825474325,31,8,8,0,4,4,4,2,3,4.774305555555555,0.5714285714285714,0.6666666666666666,0.6153846153846154,0.41890909090909095,17.75,17.5,3,3,1,4,"[5.0, 31.0, 6.0, 29.0]",
CGMacros-039,T2D,bl,persTMA,native,25011.26825474325,31,8,8,0,4,4,5,1,3,4.774305555555555,0.625,0.8333333333333334,0.7142857142857143,0.20945454545454548,16.0,15.0,4,4,1,4,"[5.0, 15.0, 30.0, 5.0, 25.0]",90.0
CGMacros-039,T2D,bl,popTMA,C05,3793.314521529668,29,8,8,0,4,4,3,5,4,4.774305555555555,0.42857142857142855,0.375,0.4,1.0472727272727274,11.333333333333334,11.0,1,3,2,4,"[14.0, 11.0, 9.0]",
CGMacros-039,T2D,bl,popTMA,C05-15,3793.314521529668,29,8,8,0,4,4,5,3,2,4.774305555555555,0.7142857142857143,0.625,0.6666666666666666,0.6283636363636363,3.0,9.0,3,3,2,4,"[-10.0, 14.0, 11.0, -9.0, 9.0]",
CGMacros-039,T2D,bl,popTMA,native,3793.314521529668,29,8,8,0,4,4,6,6,2,4.774305555555555,0.75,0.5,0.6,1.2567272727272727,-0.8333333333333334,-2.5,4,4,2,4,"[-10.0, 10.0, -10.0, 10.0, -10.0, 5.0]",67.5
CGMacros-039,T2D,bl_silDS,persTMA,C05,11646.383511239736,31,8,8,0,4,4,5,2,2,4.774305555555555,0.7142857142857143,0.7142857142857143,0.7142857142857143,0.41890909090909095,20.0,29.0,3,3,2,4,"[5.0, 29.0, 31.0, 6.0, 29.0]",
CGMacros-039,T2D,bl_silDS,persTMA,C05-15,11646.383511239736,31,8,8,0,4,4,5,2,2,4.774305555555555,0.7142857142857143,0.7142857142857143,0.7142857142857143,0.41890909090909095,20.0,29.0,3,3,2,4,"[5.0, 29.0, 31.0, 6.0, 29.0]",
CGMacros-039,T2D,bl_silDS,persTMA,native,11646.383511239736,31,8,8,0,4,4,6,1,2,4.774305555555555,0.75,0.8571428571428571,0.8,0.20945454545454548,17.5,20.0,4,4,2,4,"[5.0, 25.0, 15.0, 30.0, 5.0, 25.0]",95.0
CGMacros-039,T2D,bl_silDS,popTMA,C05,3793.314521529668,29,8,8,0,4,4,3,2,4,4.774305555555555,0.42857142857142855,0.6,0.5,0.41890909090909095,11.333333333333334,11.0,1,3,2,4,"[14.0, 11.0, 9.0]",
CGMacros-039,T2D,bl_silDS,popTMA,C05-15,3793.314521529668,29,8,8,0,4,4,5,0,2,4.774305555555555,0.7142857142857143,1.0,0.8333333333333334,0.0,3.0,9.0,3,3,2,4,"[-10.0, 14.0, 11.0, -9.0, 9.0]",
CGMacros-039,T2D,bl_silDS,popTMA,native,3793.314521529668,29,8,8,0,4,4,6,3,2,4.774305555555555,0.75,0.6666666666666666,0.7058823529411765,0.6283636363636363,-0.8333333333333334,-2.5,4,4,2,4,"[-10.0, 10.0, -10.0, 10.0, -10.0, 5.0]",67.5
CGMacros-041,prediabetes,rescore,persTMA,C05,2240.2941716396163,23,8,8,0,4,4,8,5,0,4.215277777777778,1.0,0.6153846153846154,0.7619047619047619,1.186161449752883,26.75,19.0,4,4,4,4,"[19.0, 68.0, 14.0, 46.0, 0.0, 30.0, 19.0, 18.0]",
CGMacros-041,prediabetes,rescore,persTMA,C05-15,2240.2941716396163,23,8,8,0,4,4,8,5,0,4.215277777777778,1.0,0.6153846153846154,0.7619047619047619,1.186161449752883,26.75,19.0,4,4,4,4,"[19.0, 68.0, 14.0, 46.0, 0.0, 30.0, 19.0, 18.0]",
CGMacros-041,prediabetes,rescore,persTMA,native,2240.2941716396163,23,8,8,0,4,4,8,6,0,4.215277777777778,1.0,0.5714285714285714,0.7272727272727273,1.4233937397034597,24.375,15.0,4,4,4,4,"[15.0, 65.0, 10.0, 45.0, 0.0, 30.0, 15.0, 15.0]",70.0
CGMacros-041,prediabetes,rescore,popTMA,C05,4890.911601524756,31,8,8,0,4,4,3,8,5,4.215277777777778,0.375,0.2727272727272727,0.3157894736842105,1.8978583196046128,32.333333333333336,45.0,2,4,1,4,"[4.0, 48.0, 45.0]",
CGMacros-041,prediabetes,rescore,popTMA,C05-15,4890.911601524756,31,8,8,0,4,4,6,4,2,4.215277777777778,0.75,0.6,0.6666666666666666,0.9489291598023064,7.166666666666667,-1.0,4,4,2,4,"[4.0, 48.0, -1.0, -5.0, -1.0, -2.0]",
CGMacros-041,prediabetes,rescore,popTMA,native,4890.911601524756,31,8,8,0,4,4,6,4,2,4.215277777777778,0.75,0.6,0.6666666666666666,0.9489291598023064,4.166666666666667,-5.0,4,4,2,4,"[0.0, 45.0, -5.0, -5.0, -5.0, -5.0]",70.0
CGMacros-041,prediabetes,bl,persTMA,C05,35784.727074613955,32,8,8,0,4,4,0,6,8,4.215277777777778,0.0,0.0,0.0,1.4233937397034597,,,0,4,0,4,[],
CGMacros-041,prediabetes,bl,persTMA,C05-15,35784.727074613955,32,8,8,0,4,4,0,6,8,4.215277777777778,0.0,0.0,0.0,1.4233937397034597,,,0,4,0,4,[],
CGMacros-041,prediabetes,bl,persTMA,native,35784.727074613955,32,8,8,0,4,4,3,3,5,4.215277777777778,0.375,0.5,0.42857142857142855,0.7116968698517299,-35.0,-35.0,3,4,0,4,"[-35.0, -40.0, -30.0]",45.0
CGMacros-041,prediabetes,bl,popTMA,C05,4633.336172171865,28,8,8,0,4,4,6,5,2,4.215277777777778,0.75,0.5454545454545454,0.631578947368421,1.186161449752883,23.833333333333332,8.5,4,4,2,4,"[9.0, 58.0, 4.0, 60.0, 4.0, 8.0]",
CGMacros-041,prediabetes,bl,popTMA,C05-15,4633.336172171865,28,8,8,0,4,4,6,4,2,4.215277777777778,0.75,0.6,0.6666666666666666,0.9489291598023064,13.0,6.0,4,4,2,4,"[9.0, 58.0, 4.0, -5.0, 4.0, 8.0]",
CGMacros-041,prediabetes,bl,popTMA,native,4633.336172171865,28,8,8,0,4,4,5,5,3,4.215277777777778,0.625,0.5,0.5555555555555556,1.186161449752883,1.0,0.0,4,4,1,4,"[5.0, 0.0, -5.0, 0.0, 5.0]",70.0
CGMacros-041,prediabetes,bl_silDS,persTMA,C05,6056.594184357324,32,8,8,0,4,4,1,5,7,4.215277777777778,0.125,0.16666666666666666,0.14285714285714285,1.186161449752883,8.0,8.0,0,4,1,4,[8.0],
CGMacros-041,prediabetes,bl_silDS,persTMA,C05-15,6056.594184357324,32,8,8,0,4,4,1,5,7,4.215277777777778,0.125,0.16666666666666666,0.14285714285714285,1.186161449752883,8.0,8.0,0,4,1,4,[8.0],
CGMacros-041,prediabetes,bl_silDS,persTMA,native,6056.594184357324,32,8,8,0,4,4,6,1,2,4.215277777777778,0.75,0.8571428571428571,0.8,0.2372322899505766,-30.0,-37.5,4,4,2,4,"[-35.0, 5.0, -40.0, -30.0, -40.0, -40.0]",42.5
CGMacros-041,prediabetes,bl_silDS,popTMA,C05,3424.4543511005904,28,8,8,0,4,4,7,1,1,4.215277777777778,0.875,0.875,0.875,0.2372322899505766,23.285714285714285,9.0,4,4,3,4,"[9.0, 58.0, 4.0, 60.0, 20.0, 4.0, 8.0]",
CGMacros-041,prediabetes,bl_silDS,popTMA,C05-15,3424.4543511005904,28,8,8,0,4,4,7,0,1,4.215277777777778,0.875,1.0,0.9333333333333333,0.0,14.0,8.0,4,4,3,4,"[9.0, 58.0, 4.0, -5.0, 20.0, 4.0, 8.0]",
CGMacros-041,prediabetes,bl_silDS,popTMA,native,3424.4543511005904,28,8,8,0,4,4,6,2,2,4.215277777777778,0.75,0.75,0.75,0.4744645799011532,4.166666666666667,2.5,4,4,2,4,"[5.0, 0.0, -5.0, 20.0, 0.0, 5.0]",72.5
CGMacros-042,T2D,rescore,persTMA,C05,9257.483573813868,22,8,6,2,4,2,2,8,4,4.368055555555555,0.3333333333333333,0.2,0.25,1.8314785373608904,70.0,70.0,2,4,0,2,"[90.0, 50.0]",
CGMacros-042,T2D,rescore,persTMA,C05-15,9257.483573813868,22,8,6,2,4,2,3,7,3,4.368055555555555,0.5,0.3,0.375,1.602543720190779,45.0,50.0,3,4,0,2,"[90.0, 50.0, -5.0]",
CGMacros-042,T2D,rescore,persTMA,native,9257.483573813868,22,8,6,2,4,2,3,6,3,4.368055555555555,0.5,0.3333333333333333,0.4,1.3736089030206677,8.333333333333334,-5.0,3,4,0,2,"[50.0, -5.0, -20.0]",50.0
CGMacros-042,T2D,rescore,popTMA,C05,4852.163850754165,31,8,6,2,4,2,5,8,1,4.368055555555555,0.8333333333333334,0.38461538461538464,0.5263157894736842,1.8314785373608904,82.8,85.0,3,4,2,2,"[85.0, 40.0, 91.0, 80.0, 118.0]",
CGMacros-042,T2D,rescore,popTMA,C05-15,4852.163850754165,31,8,6,2,4,2,5,8,1,4.368055555555555,0.8333333333333334,0.38461538461538464,0.5263157894736842,1.8314785373608904,82.8,85.0,3,4,2,2,"[85.0, 40.0, 91.0, 80.0, 118.0]",
CGMacros-042,T2D,rescore,popTMA,native,4852.163850754165,31,8,6,2,4,2,3,9,3,4.368055555555555,0.5,0.25,0.3333333333333333,2.0604133545310015,-3.3333333333333335,-20.0,3,4,0,2,"[40.0, -20.0, -30.0]",55.0
CGMacros-042,T2D,bl,persTMA,C05,17259.82958691279,24,8,6,2,4,2,1,2,5,4.368055555555555,0.16666666666666666,0.3333333333333333,0.2222222222222222,0.4578696343402226,35.0,35.0,1,4,0,2,[35.0],
CGMacros-042,T2D,bl,persTMA,C05-15,17259.82958691279,24,8,6,2,4,2,1,2,5,4.368055555555555,0.16666666666666666,0.3333333333333333,0.2222222222222222,0.4578696343402226,35.0,35.0,1,4,0,2,[35.0],
CGMacros-042,T2D,bl,persTMA,native,17259.82958691279,24,8,6,2,4,2,1,2,5,4.368055555555555,0.16666666666666666,0.3333333333333333,0.2222222222222222,0.4578696343402226,35.0,35.0,1,4,0,2,[35.0],95.0
CGMacros-042,T2D,bl,popTMA,C05,3396.439442413506,28,8,6,2,4,2,4,9,2,4.368055555555555,0.6666666666666666,0.3076923076923077,0.42105263157894735,2.0604133545310015,79.0,87.5,3,4,1,2,"[90.0, 50.0, 91.0, 85.0]",
CGMacros-042,T2D,bl,popTMA,C05-15,3396.439442413506,28,8,6,2,4,2,4,8,2,4.368055555555555,0.6666666666666666,0.3333333333333333,0.4444444444444444,1.8314785373608904,55.25,70.0,3,4,1,2,"[90.0, 50.0, 91.0, -10.0]",
CGMacros-042,T2D,bl,popTMA,native,3396.439442413506,28,8,6,2,4,2,3,9,3,4.368055555555555,0.5,0.25,0.3333333333333333,2.0604133545310015,6.666666666666667,-10.0,3,4,0,2,"[50.0, -10.0, -20.0]",60.0
CGMacros-042,T2D,bl_silDS,persTMA,C05,17259.82958691279,24,8,6,2,4,2,1,2,5,4.368055555555555,0.16666666666666666,0.3333333333333333,0.2222222222222222,0.4578696343402226,35.0,35.0,1,4,0,2,[35.0],
CGMacros-042,T2D,bl_silDS,persTMA,C05-15,17259.82958691279,24,8,6,2,4,2,1,2,5,4.368055555555555,0.16666666666666666,0.3333333333333333,0.2222222222222222,0.4578696343402226,35.0,35.0,1,4,0,2,[35.0],
CGMacros-042,T2D,bl_silDS,persTMA,native,17259.82958691279,24,8,6,2,4,2,1,2,5,4.368055555555555,0.16666666666666666,0.3333333333333333,0.2222222222222222,0.4578696343402226,35.0,35.0,1,4,0,2,[35.0],95.0
CGMacros-042,T2D,bl_silDS,popTMA,C05,3101.1565988052535,28,8,6,2,4,2,4,10,2,4.368055555555555,0.6666666666666666,0.2857142857142857,0.4,2.289348171701113,79.0,87.5,3,4,1,2,"[90.0, 50.0, 91.0, 85.0]",
CGMacros-042,T2D,bl_silDS,popTMA,C05-15,3101.1565988052535,28,8,6,2,4,2,4,9,2,4.368055555555555,0.6666666666666666,0.3076923076923077,0.42105263157894735,2.0604133545310015,55.25,70.0,3,4,1,2,"[90.0, 50.0, 91.0, -10.0]",
CGMacros-042,T2D,bl_silDS,popTMA,native,3101.1565988052535,28,8,6,2,4,2,3,10,3,4.368055555555555,0.5,0.23076923076923078,0.3157894736842105,2.289348171701113,6.666666666666667,-10.0,3,4,0,2,"[50.0, -10.0, -20.0]",60.0
CGMacros-043,prediabetes,rescore,persTMA,C05,1875.7625298232479,17,6,5,1,3,2,1,6,4,3.732638888888889,0.2,0.14285714285714285,0.16666666666666666,1.6074418604651164,11.0,11.0,0,3,1,2,[11.0],
CGMacros-043,prediabetes,rescore,persTMA,C05-15,1875.7625298232479,17,6,5,1,3,2,3,4,2,3.732638888888889,0.6,0.42857142857142855,0.5,1.0716279069767443,1.0,-1.0,1,3,2,2,"[11.0, -7.0, -1.0]",
CGMacros-043,prediabetes,rescore,persTMA,native,1875.7625298232479,17,6,5,1,3,2,3,2,2,3.732638888888889,0.6,0.6,0.6,0.5358139534883721,-1.6666666666666667,-5.0,1,3,2,2,"[10.0, -10.0, -5.0]",35.0
CGMacros-043,prediabetes,rescore,popTMA,C05,5270.308887080006,31,6,5,1,3,2,1,5,4,3.732638888888889,0.2,0.16666666666666666,0.18181818181818182,1.3395348837209302,1.0,1.0,0,3,1,2,[1.0],
CGMacros-043,prediabetes,rescore,popTMA,C05-15,5270.308887080006,31,6,5,1,3,2,1,5,4,3.732638888888889,0.2,0.16666666666666666,0.18181818181818182,1.3395348837209302,1.0,1.0,0,3,1,2,[1.0],
CGMacros-043,prediabetes,rescore,popTMA,native,5270.308887080006,31,6,5,1,3,2,3,1,2,3.732638888888889,0.6,0.75,0.6666666666666666,0.26790697674418606,-15.0,-20.0,1,3,2,2,"[0.0, -25.0, -20.0]",55.0
CGMacros-043,prediabetes,bl,persTMA,C05,2392.263823597128,26,6,5,1,3,2,1,7,4,3.732638888888889,0.2,0.125,0.15384615384615385,1.8753488372093023,16.0,16.0,0,3,1,2,[16.0],
CGMacros-043,prediabetes,bl,persTMA,C05-15,2392.263823597128,26,6,5,1,3,2,3,5,2,3.732638888888889,0.6,0.375,0.46153846153846156,1.3395348837209302,2.6666666666666665,-1.0,1,3,2,2,"[16.0, -7.0, -1.0]",
CGMacros-043,prediabetes,bl,persTMA,native,2392.263823597128,26,6,5,1,3,2,3,2,2,3.732638888888889,0.6,0.6,0.6,0.5358139534883721,0.0,-5.0,1,3,2,2,"[15.0, -10.0, -5.0]",60.0
CGMacros-043,prediabetes,bl,popTMA,C05,4608.097024653343,28,6,5,1,3,2,1,5,4,3.732638888888889,0.2,0.16666666666666666,0.18181818181818182,1.3395348837209302,6.0,6.0,0,3,1,2,[6.0],
CGMacros-043,prediabetes,bl,popTMA,C05-15,4608.097024653343,28,6,5,1,3,2,3,3,2,3.732638888888889,0.6,0.5,0.5454545454545454,0.8037209302325582,-4.0,-6.0,1,3,2,2,"[6.0, -12.0, -6.0]",
CGMacros-043,prediabetes,bl,popTMA,native,4608.097024653343,28,6,5,1,3,2,3,1,2,3.732638888888889,0.6,0.75,0.6666666666666666,0.26790697674418606,-6.666666666666667,-10.0,1,3,2,2,"[5.0, -15.0, -10.0]",60.0
CGMacros-043,prediabetes,bl_silDS,persTMA,C05,2392.263823597128,26,6,5,1,3,2,1,4,4,3.732638888888889,0.2,0.2,0.2,1.0716279069767443,16.0,16.0,0,3,1,2,[16.0],
CGMacros-043,prediabetes,bl_silDS,persTMA,C05-15,2392.263823597128,26,6,5,1,3,2,3,2,2,3.732638888888889,0.6,0.6,0.6,0.5358139534883721,2.6666666666666665,-1.0,1,3,2,2,"[16.0, -7.0, -1.0]",
CGMacros-043,prediabetes,bl_silDS,persTMA,native,2392.263823597128,26,6,5,1,3,2,3,2,2,3.732638888888889,0.6,0.6,0.6,0.5358139534883721,0.0,-5.0,1,3,2,2,"[15.0, -10.0, -5.0]",60.0
CGMacros-043,prediabetes,bl_silDS,popTMA,C05,3122.058475658192,28,6,5,1,3,2,1,3,4,3.732638888888889,0.2,0.25,0.2222222222222222,0.8037209302325582,6.0,6.0,0,3,1,2,[6.0],
CGMacros-043,prediabetes,bl_silDS,popTMA,C05-15,3122.058475658192,28,6,5,1,3,2,3,1,2,3.732638888888889,0.6,0.75,0.6666666666666666,0.26790697674418606,-4.0,-6.0,1,3,2,2,"[6.0, -12.0, -6.0]",
CGMacros-043,prediabetes,bl_silDS,popTMA,native,3122.058475658192,28,6,5,1,3,2,3,1,2,3.732638888888889,0.6,0.75,0.6666666666666666,0.26790697674418606,-6.666666666666667,-10.0,1,3,2,2,"[5.0, -15.0, -10.0]",60.0
CGMacros-044,prediabetes,rescore,persTMA,C05,4423.1717106090055,30,6,5,0,3,2,4,1,1,3.7222222222222223,0.8,0.8,0.8,0.26865671641791045,26.75,34.0,2,3,2,2,"[35.0, 33.0, 4.0, 35.0]",
CGMacros-044,prediabetes,rescore,persTMA,C05-15,4423.1717106090055,30,6,5,0,3,2,4,1,1,3.7222222222222223,0.8,0.8,0.8,0.26865671641791045,26.75,34.0,2,3,2,2,"[35.0, 33.0, 4.0, 35.0]",
CGMacros-044,prediabetes,rescore,persTMA,native,4423.1717106090055,30,6,5,0,3,2,4,0,1,3.7222222222222223,0.8,1.0,0.8888888888888888,0.0,25.0,32.5,2,3,2,2,"[35.0, 30.0, 0.0, 35.0]",107.5
CGMacros-044,prediabetes,rescore,popTMA,C05,4984.775322826441,30,6,5,0,3,2,3,6,2,3.7222222222222223,0.6,0.3333333333333333,0.42857142857142855,1.6119402985074627,1.0,0.0,1,3,2,2,"[0.0, 3.0, 0.0]",
CGMacros-044,prediabetes,rescore,popTMA,C05-15,4984.775322826441,30,6,5,0,3,2,4,5,1,3.7222222222222223,0.8,0.4444444444444444,0.5714285714285714,1.3432835820895521,-0.75,0.0,2,3,2,2,"[0.0, 3.0, -6.0, 0.0]",
CGMacros-044,prediabetes,rescore,popTMA,native,4984.775322826441,30,6,5,0,3,2,5,1,0,3.7222222222222223,1.0,0.8333333333333334,0.9090909090909091,0.26865671641791045,-9.0,0.0,3,3,2,2,"[0.0, 0.0, -10.0, -35.0, 0.0]",75.0
CGMacros-044,prediabetes,bl,persTMA,C05,4115.166710160785,30,6,5,0,3,2,3,4,2,3.7222222222222223,0.6,0.42857142857142855,0.5,1.0746268656716418,31.0,30.0,1,3,2,2,"[30.0, 33.0, 30.0]",
CGMacros-044,prediabetes,bl,persTMA,C05-15,4115.166710160785,30,6,5,0,3,2,4,3,1,3.7222222222222223,0.8,0.5714285714285714,0.6666666666666666,0.8059701492537313,23.0,30.0,2,3,2,2,"[30.0, 33.0, -1.0, 30.0]",
CGMacros-044,prediabetes,bl,persTMA,native,4115.166710160785,30,6,5,0,3,2,4,0,1,3.7222222222222223,0.8,1.0,0.8888888888888888,0.0,21.25,30.0,2,3,2,2,"[30.0, 30.0, -5.0, 30.0]",105.0
CGMacros-044,prediabetes,bl,popTMA,C05,4208.397244969994,29,6,5,0,3,2,4,5,1,3.7222222222222223,0.8,0.4444444444444444,0.5714285714285714,1.3432835820895521,9.25,10.0,2,3,2,2,"[10.0, 13.0, 4.0, 10.0]",
CGMacros-044,prediabetes,bl,popTMA,C05-15,4208.397244969994,29,6,5,0,3,2,4,5,1,3.7222222222222223,0.8,0.4444444444444444,0.5714285714285714,1.3432835820895521,9.25,10.0,2,3,2,2,"[10.0, 13.0, 4.0, 10.0]",
CGMacros-044,prediabetes,bl,popTMA,native,4208.397244969994,29,6,5,0,3,2,5,1,0,3.7222222222222223,1.0,0.8333333333333334,0.9090909090909091,0.26865671641791045,1.0,10.0,3,3,2,2,"[10.0, 10.0, 0.0, -25.0, 10.0]",80.0
CGMacros-044,prediabetes,bl_silDS,persTMA,C05,4115.166710160785,30,6,5,0,3,2,3,2,2,3.7222222222222223,0.6,0.6,0.6,0.5373134328358209,31.0,30.0,1,3,2,2,"[30.0, 33.0, 30.0]",
CGMacros-044,prediabetes,bl_silDS,persTMA,C05-15,4115.166710160785,30,6,5,0,3,2,4,1,1,3.7222222222222223,0.8,0.8,0.8,0.26865671641791045,23.0,30.0,2,3,2,2,"[30.0, 33.0, -1.0, 30.0]",
CGMacros-044,prediabetes,bl_silDS,persTMA,native,4115.166710160785,30,6,5,0,3,2,4,0,1,3.7222222222222223,0.8,1.0,0.8888888888888888,0.0,21.25,30.0,2,3,2,2,"[30.0, 30.0, -5.0, 30.0]",105.0
CGMacros-044,prediabetes,bl_silDS,popTMA,C05,4208.397244969994,29,6,5,0,3,2,4,1,1,3.7222222222222223,0.8,0.8,0.8,0.26865671641791045,9.25,10.0,2,3,2,2,"[10.0, 13.0, 4.0, 10.0]",
CGMacros-044,prediabetes,bl_silDS,popTMA,C05-15,4208.397244969994,29,6,5,0,3,2,4,1,1,3.7222222222222223,0.8,0.8,0.8,0.26865671641791045,9.25,10.0,2,3,2,2,"[10.0, 13.0, 4.0, 10.0]",
CGMacros-044,prediabetes,bl_silDS,popTMA,native,4208.397244969994,29,6,5,0,3,2,5,0,0,3.7222222222222223,1.0,1.0,1.0,0.0,1.0,10.0,3,3,2,2,"[10.0, 10.0, 0.0, -25.0, 10.0]",80.0
CGMacros-045,prediabetes,rescore,persTMA,C05,12229.312597304906,24,6,5,1,3,2,3,2,2,3.732638888888889,0.6,0.6,0.6,0.5358139534883721,29.333333333333332,18.0,2,3,1,2,"[13.0, 18.0, 57.0]",
CGMacros-045,prediabetes,rescore,persTMA,C05-15,12229.312597304906,24,6,5,1,3,2,3,2,2,3.732638888888889,0.6,0.6,0.6,0.5358139534883721,29.333333333333332,18.0,2,3,1,2,"[13.0, 18.0, 57.0]",
CGMacros-045,prediabetes,rescore,persTMA,native,12229.312597304906,24,6,5,1,3,2,3,2,2,3.732638888888889,0.6,0.6,0.6,0.5358139534883721,26.666666666666668,15.0,2,3,1,2,"[10.0, 15.0, 55.0]",75.0
CGMacros-045,prediabetes,rescore,popTMA,C05,4834.074052934695,31,6,5,1,3,2,2,7,3,3.732638888888889,0.4,0.2222222222222222,0.2857142857142857,1.8753488372093023,63.5,63.5,0,3,2,2,"[95.0, 32.0]",
CGMacros-045,prediabetes,rescore,popTMA,C05-15,4834.074052934695,31,6,5,1,3,2,4,5,1,3.732638888888889,0.8,0.4444444444444444,0.5714285714285714,1.3395348837209302,27.0,12.5,2,3,2,2,"[-12.0, 95.0, -7.0, 32.0]",
CGMacros-045,prediabetes,rescore,popTMA,native,4834.074052934695,31,6,5,1,3,2,4,5,1,3.732638888888889,0.8,0.4444444444444444,0.5714285714285714,1.3395348837209302,-22.5,-20.0,3,3,1,2,"[-15.0, -10.0, -25.0, -40.0]",55.0
CGMacros-045,prediabetes,bl,persTMA,C05,3928.785973894999,24,6,5,1,3,2,5,4,0,3.732638888888889,1.0,0.5555555555555556,0.7142857142857143,1.0716279069767443,42.0,18.0,3,3,2,2,"[13.0, 115.0, 18.0, 7.0, 57.0]",
CGMacros-045,prediabetes,bl,persTMA,C05-15,3928.785973894999,24,6,5,1,3,2,5,4,0,3.732638888888889,1.0,0.5555555555555556,0.7142857142857143,1.0716279069767443,42.0,18.0,3,3,2,2,"[13.0, 115.0, 18.0, 7.0, 57.0]",
CGMacros-045,prediabetes,bl,persTMA,native,3928.785973894999,24,6,5,1,3,2,4,9,1,3.732638888888889,0.8,0.3076923076923077,0.4444444444444444,2.4111627906976745,1.25,7.5,3,3,1,2,"[10.0, 15.0, 5.0, -25.0]",67.5
CGMacros-045,prediabetes,bl,popTMA,C05,3747.7108897823127,29,6,5,1,3,2,2,7,3,3.732638888888889,0.4,0.2222222222222222,0.2857142857142857,1.8753488372093023,66.0,66.0,0,3,2,2,"[95.0, 37.0]",
CGMacros-045,prediabetes,bl,popTMA,C05-15,3747.7108897823127,29,6,5,1,3,2,4,5,1,3.732638888888889,0.8,0.4444444444444444,0.5714285714285714,1.3395348837209302,28.25,15.0,2,3,2,2,"[-12.0, 95.0, -7.0, 37.0]",
CGMacros-045,prediabetes,bl,popTMA,native,3747.7108897823127,29,6,5,1,3,2,4,5,1,3.732638888888889,0.8,0.4444444444444444,0.5714285714285714,1.3395348837209302,-21.25,-17.5,3,3,1,2,"[-15.0, -10.0, -20.0, -40.0]",52.5
CGMacros-045,prediabetes,bl_silDS,persTMA,C05,3928.785973894999,24,6,5,1,3,2,5,2,0,3.732638888888889,1.0,0.7142857142857143,0.8333333333333334,0.5358139534883721,42.0,18.0,3,3,2,2,"[13.0, 115.0, 18.0, 7.0, 57.0]",
CGMacros-045,prediabetes,bl_silDS,persTMA,C05-15,3928.785973894999,24,6,5,1,3,2,5,2,0,3.732638888888889,1.0,0.7142857142857143,0.8333333333333334,0.5358139534883721,42.0,18.0,3,3,2,2,"[13.0, 115.0, 18.0, 7.0, 57.0]",
CGMacros-045,prediabetes,bl_silDS,persTMA,native,3928.785973894999,24,6,5,1,3,2,4,7,1,3.732638888888889,0.8,0.36363636363636365,0.5,1.8753488372093023,1.25,7.5,3,3,1,2,"[10.0, 15.0, 5.0, -25.0]",67.5
CGMacros-045,prediabetes,bl_silDS,popTMA,C05,3747.7108897823127,29,6,5,1,3,2,2,5,3,3.732638888888889,0.4,0.2857142857142857,0.3333333333333333,1.3395348837209302,66.0,66.0,0,3,2,2,"[95.0, 37.0]",
CGMacros-045,prediabetes,bl_silDS,popTMA,C05-15,3747.7108897823127,29,6,5,1,3,2,4,3,1,3.732638888888889,0.8,0.5714285714285714,0.6666666666666666,0.8037209302325582,28.25,15.0,2,3,2,2,"[-12.0, 95.0, -7.0, 37.0]",
CGMacros-045,prediabetes,bl_silDS,popTMA,native,3747.7108897823127,29,6,5,1,3,2,4,3,1,3.732638888888889,0.8,0.5714285714285714,0.6666666666666666,0.8037209302325582,-21.25,-17.5,3,3,1,2,"[-15.0, -10.0, -20.0, -40.0]",52.5
CGMacros-046,T2D,rescore,persTMA,C05,12908.116469138273,22,6,6,0,3,3,1,5,5,3.7152777777777777,0.16666666666666666,0.16666666666666666,0.16666666666666666,1.3457943925233644,24.0,24.0,1,3,0,3,[24.0],
CGMacros-046,T2D,rescore,persTMA,C05-15,12908.116469138273,22,6,6,0,3,3,2,4,4,3.7152777777777777,0.3333333333333333,0.3333333333333333,0.3333333333333333,1.0766355140186916,6.5,6.5,2,3,0,3,"[24.0, -11.0]",
CGMacros-046,T2D,rescore,persTMA,native,12908.116469138273,22,6,6,0,3,3,3,3,3,3.7152777777777777,0.5,0.5,0.5,0.8074766355140187,-11.666666666666666,-15.0,3,3,0,3,"[20.0, -15.0, -40.0]",40.0
CGMacros-046,T2D,rescore,popTMA,C05,4851.318535629995,31,6,6,0,3,3,2,7,4,3.7152777777777777,0.3333333333333333,0.2222222222222222,0.26666666666666666,1.8841121495327102,8.0,8.0,1,3,1,3,"[9.0, 7.0]",
CGMacros-046,T2D,rescore,popTMA,C05-15,4851.318535629995,31,6,6,0,3,3,3,6,3,3.7152777777777777,0.5,0.3333333333333333,0.4,1.6149532710280374,1.6666666666666667,7.0,2,3,1,3,"[9.0, -11.0, 7.0]",
CGMacros-046,T2D,rescore,popTMA,native,4851.318535629995,31,6,6,0,3,3,5,4,1,3.7152777777777777,0.8333333333333334,0.5555555555555556,0.6666666666666666,1.0766355140186916,-22.0,-15.0,3,3,2,3,"[5.0, -15.0, -75.0, -30.0, 5.0]",60.0
CGMacros-046,T2D,bl,persTMA,C05,9582.700303770667,22,6,6,0,3,3,1,7,5,3.7152777777777777,0.16666666666666666,0.125,0.14285714285714285,1.8841121495327102,24.0,24.0,1,3,0,3,[24.0],
CGMacros-046,T2D,bl,persTMA,C05-15,9582.700303770667,22,6,6,0,3,3,3,5,3,3.7152777777777777,0.5,0.375,0.42857142857142855,1.3457943925233644,3.3333333333333335,-3.0,2,3,1,3,"[24.0, -11.0, -3.0]",
CGMacros-046,T2D,bl,persTMA,native,9582.700303770667,22,6,6,0,3,3,4,4,2,3.7152777777777777,0.6666666666666666,0.5,0.5714285714285714,1.0766355140186916,-10.0,-10.0,3,3,1,3,"[20.0, -15.0, -40.0, -5.0]",45.0
CGMacros-046,T2D,bl,popTMA,C05,4363.924463659641,28,6,6,0,3,3,2,6,4,3.7152777777777777,0.3333333333333333,0.25,0.2857142857142857,1.6149532710280374,18.0,18.0,1,3,1,3,"[24.0, 12.0]",
CGMacros-046,T2D,bl,popTMA,C05-15,4363.924463659641,28,6,6,0,3,3,3,5,3,3.7152777777777777,0.5,0.375,0.42857142857142855,1.3457943925233644,11.666666666666666,12.0,2,3,1,3,"[24.0, -1.0, 12.0]",
CGMacros-046,T2D,bl,popTMA,native,4363.924463659641,28,6,6,0,3,3,5,3,1,3.7152777777777777,0.8333333333333334,0.625,0.7142857142857143,0.8074766355140187,-13.0,-5.0,3,3,2,3,"[20.0, -5.0, -70.0, -20.0, 10.0]",65.0
CGMacros-046,T2D,bl_silDS,persTMA,C05,9582.700303770667,22,6,6,0,3,3,1,5,5,3.7152777777777777,0.16666666666666666,0.16666666666666666,0.16666666666666666,1.3457943925233644,24.0,24.0,1,3,0,3,[24.0],
CGMacros-046,T2D,bl_silDS,persTMA,C05-15,9582.700303770667,22,6,6,0,3,3,3,3,3,3.7152777777777777,0.5,0.5,0.5,0.8074766355140187,3.3333333333333335,-3.0,2,3,1,3,"[24.0, -11.0, -3.0]",
CGMacros-046,T2D,bl_silDS,persTMA,native,9582.700303770667,22,6,6,0,3,3,4,2,2,3.7152777777777777,0.6666666666666666,0.6666666666666666,0.6666666666666666,0.5383177570093458,-10.0,-10.0,3,3,1,3,"[20.0, -15.0, -40.0, -5.0]",45.0
CGMacros-046,T2D,bl_silDS,popTMA,C05,3172.8975788563657,28,6,6,0,3,3,2,5,4,3.7152777777777777,0.3333333333333333,0.2857142857142857,0.3076923076923077,1.3457943925233644,18.0,18.0,1,3,1,3,"[24.0, 12.0]",
CGMacros-046,T2D,bl_silDS,popTMA,C05-15,3172.8975788563657,28,6,6,0,3,3,3,4,3,3.7152777777777777,0.5,0.42857142857142855,0.46153846153846156,1.0766355140186916,11.666666666666666,12.0,2,3,1,3,"[24.0, -1.0, 12.0]",
CGMacros-046,T2D,bl_silDS,popTMA,native,3172.8975788563657,28,6,6,0,3,3,6,1,0,3.7152777777777777,1.0,0.8571428571428571,0.9230769230769231,0.2691588785046729,-20.0,-12.5,3,3,3,3,"[20.0, -55.0, -5.0, -70.0, -20.0, 10.0]",57.5
CGMacros-047,T2D,rescore,persTMA,C05,3050.101102372095,20,7,5,0,2,3,4,5,1,3.861111111111111,0.8,0.4444444444444444,0.5714285714285714,1.2949640287769784,65.0,65.0,2,2,2,3,"[36.0, 23.0, 94.0, 107.0]",
CGMacros-047,T2D,rescore,persTMA,C05-15,3050.101102372095,20,7,5,0,2,3,4,5,1,3.861111111111111,0.8,0.4444444444444444,0.5714285714285714,1.2949640287769784,65.0,65.0,2,2,2,3,"[36.0, 23.0, 94.0, 107.0]",
CGMacros-047,T2D,rescore,persTMA,native,3050.101102372095,20,7,5,0,2,3,5,3,0,3.861111111111111,1.0,0.625,0.7692307692307693,0.776978417266187,-3.0,15.0,2,2,3,3,"[35.0, 20.0, -60.0, -25.0, 15.0]",65.0
CGMacros-047,T2D,rescore,popTMA,C05,3971.297898587429,31,7,5,0,2,3,2,8,3,3.861111111111111,0.4,0.2,0.26666666666666666,2.0719424460431655,53.0,53.0,1,2,1,3,"[39.0, 67.0]",
CGMacros-047,T2D,rescore,popTMA,C05-15,3971.297898587429,31,7,5,0,2,3,2,8,3,3.861111111111111,0.4,0.2,0.26666666666666666,2.0719424460431655,53.0,53.0,1,2,1,3,"[39.0, 67.0]",
CGMacros-047,T2D,rescore,popTMA,native,3971.297898587429,31,7,5,0,2,3,3,4,2,3.861111111111111,0.6,0.42857142857142855,0.5,1.0359712230215827,-5.0,-25.0,1,2,2,3,"[-25.0, 35.0, -25.0]",50.0
CGMacros-047,T2D,bl,persTMA,C05,4186.281472325449,20,7,5,0,2,3,4,3,1,3.861111111111111,0.8,0.5714285714285714,0.6666666666666666,0.776978417266187,65.0,65.0,2,2,2,3,"[36.0, 23.0, 94.0, 107.0]",
CGMacros-047,T2D,bl,persTMA,C05-15,4186.281472325449,20,7,5,0,2,3,4,3,1,3.861111111111111,0.8,0.5714285714285714,0.6666666666666666,0.776978417266187,65.0,65.0,2,2,2,3,"[36.0, 23.0, 94.0, 107.0]",
CGMacros-047,T2D,bl,persTMA,native,4186.281472325449,20,7,5,0,2,3,4,3,1,3.861111111111111,0.8,0.5714285714285714,0.6666666666666666,0.776978417266187,11.25,17.5,2,2,2,3,"[35.0, 20.0, -25.0, 15.0]",67.5
CGMacros-047,T2D,bl,popTMA,C05,4173.999136407925,29,7,5,0,2,3,2,8,3,3.861111111111111,0.4,0.2,0.26666666666666666,2.0719424460431655,58.0,58.0,1,2,1,3,"[44.0, 72.0]",
CGMacros-047,T2D,bl,popTMA,C05-15,4173.999136407925,29,7,5,0,2,3,2,8,3,3.861111111111111,0.4,0.2,0.26666666666666666,2.0719424460431655,58.0,58.0,1,2,1,3,"[44.0, 72.0]",
CGMacros-047,T2D,bl,popTMA,native,4173.999136407925,29,7,5,0,2,3,3,4,2,3.861111111111111,0.6,0.42857142857142855,0.5,1.0359712230215827,0.0,-20.0,1,2,2,3,"[-20.0, 40.0, -20.0]",50.0
CGMacros-047,T2D,bl_silDS,persTMA,C05,4186.281472325449,20,7,5,0,2,3,4,2,1,3.861111111111111,0.8,0.6666666666666666,0.7272727272727273,0.5179856115107914,65.0,65.0,2,2,2,3,"[36.0, 23.0, 94.0, 107.0]",
CGMacros-047,T2D,bl_silDS,persTMA,C05-15,4186.281472325449,20,7,5,0,2,3,4,2,1,3.861111111111111,0.8,0.6666666666666666,0.7272727272727273,0.5179856115107914,65.0,65.0,2,2,2,3,"[36.0, 23.0, 94.0, 107.0]",
CGMacros-047,T2D,bl_silDS,persTMA,native,4186.281472325449,20,7,5,0,2,3,4,2,1,3.861111111111111,0.8,0.6666666666666666,0.7272727272727273,0.5179856115107914,11.25,17.5,2,2,2,3,"[35.0, 20.0, -25.0, 15.0]",67.5
CGMacros-047,T2D,bl_silDS,popTMA,C05,4173.999136407925,29,7,5,0,2,3,2,4,3,3.861111111111111,0.4,0.3333333333333333,0.36363636363636365,1.0359712230215827,58.0,58.0,1,2,1,3,"[44.0, 72.0]",
CGMacros-047,T2D,bl_silDS,popTMA,C05-15,4173.999136407925,29,7,5,0,2,3,2,4,3,3.861111111111111,0.4,0.3333333333333333,0.36363636363636365,1.0359712230215827,58.0,58.0,1,2,1,3,"[44.0, 72.0]",
CGMacros-047,T2D,bl_silDS,popTMA,native,4173.999136407925,29,7,5,0,2,3,3,3,2,3.861111111111111,0.6,0.5,0.5454545454545454,0.776978417266187,0.0,-20.0,1,2,2,3,"[-20.0, 40.0, -20.0]",50.0
CGMacros-048,healthy,rescore,persTMA,C05,3886.1947572025347,17,7,7,0,3,4,5,0,2,3.9583333333333335,0.7142857142857143,1.0,0.8333333333333334,0.0,22.4,23.0,3,3,2,4,"[23.0, 34.0, 23.0, 17.0, 15.0]",
CGMacros-048,healthy,rescore,persTMA,C05-15,3886.1947572025347,17,7,7,0,3,4,5,0,2,3.9583333333333335,0.7142857142857143,1.0,0.8333333333333334,0.0,22.4,23.0,3,3,2,4,"[23.0, 34.0, 23.0, 17.0, 15.0]",
CGMacros-048,healthy,rescore,persTMA,native,3886.1947572025347,17,7,7,0,3,4,5,0,2,3.9583333333333335,0.7142857142857143,1.0,0.8333333333333334,0.0,20.0,20.0,3,3,2,4,"[20.0, 30.0, 20.0, 15.0, 15.0]",60.0
CGMacros-048,healthy,rescore,popTMA,C05,4943.619760506925,31,7,7,0,3,4,0,9,7,3.9583333333333335,0.0,0.0,0.0,2.2736842105263158,,,0,3,0,4,[],
CGMacros-048,healthy,rescore,popTMA,C05-15,4943.619760506925,31,7,7,0,3,4,1,8,6,3.9583333333333335,0.14285714285714285,0.1111111111111111,0.125,2.0210526315789474,-5.0,-5.0,0,3,1,4,[-5.0],
CGMacros-048,healthy,rescore,popTMA,native,4943.619760506925,31,7,7,0,3,4,6,2,1,3.9583333333333335,0.8571428571428571,0.75,0.8,0.5052631578947369,-20.0,-20.0,3,3,3,4,"[-20.0, -20.0, -25.0, -20.0, -30.0, -5.0]",55.0
CGMacros-048,healthy,bl,persTMA,C05,3025.7504631565225,17,7,7,0,3,4,5,2,2,3.9583333333333335,0.7142857142857143,0.7142857142857143,0.7142857142857143,0.5052631578947369,25.4,23.0,3,3,2,4,"[28.0, 39.0, 23.0, 22.0, 15.0]",
CGMacros-048,healthy,bl,persTMA,C05-15,3025.7504631565225,17,7,7,0,3,4,5,2,2,3.9583333333333335,0.7142857142857143,0.7142857142857143,0.7142857142857143,0.5052631578947369,25.4,23.0,3,3,2,4,"[28.0, 39.0, 23.0, 22.0, 15.0]",
CGMacros-048,healthy,bl,persTMA,native,3025.7504631565225,17,7,7,0,3,4,5,4,2,3.9583333333333335,0.7142857142857143,0.5555555555555556,0.625,1.0105263157894737,23.0,20.0,3,3,2,4,"[25.0, 35.0, 20.0, 20.0, 15.0]",60.0
CGMacros-048,healthy,bl,popTMA,C05,4179.513952576737,29,7,7,0,3,4,1,8,6,3.9583333333333335,0.14285714285714285,0.1111111111111111,0.125,2.0210526315789474,0.0,0.0,0,3,1,4,[0.0],
CGMacros-048,healthy,bl,popTMA,C05-15,4179.513952576737,29,7,7,0,3,4,4,5,3,3.9583333333333335,0.5714285714285714,0.4444444444444444,0.5,1.263157894736842,-9.0,-11.5,1,3,3,4,"[-12.0, -11.0, -13.0, 0.0]",
CGMacros-048,healthy,bl,popTMA,native,4179.513952576737,29,7,7,0,3,4,6,2,1,3.9583333333333335,0.8571428571428571,0.75,0.8,0.5052631578947369,-15.0,-15.0,3,3,3,4,"[-15.0, -15.0, -20.0, -15.0, -25.0, 0.0]",55.0
CGMacros-048,healthy,bl_silDS,persTMA,C05,3025.7504631565225,17,7,7,0,3,4,5,1,2,3.9583333333333335,0.7142857142857143,0.8333333333333334,0.7692307692307693,0.25263157894736843,25.4,23.0,3,3,2,4,"[28.0, 39.0, 23.0, 22.0, 15.0]",
CGMacros-048,healthy,bl_silDS,persTMA,C05-15,3025.7504631565225,17,7,7,0,3,4,5,1,2,3.9583333333333335,0.7142857142857143,0.8333333333333334,0.7692307692307693,0.25263157894736843,25.4,23.0,3,3,2,4,"[28.0, 39.0, 23.0, 22.0, 15.0]",
CGMacros-048,healthy,bl_silDS,persTMA,native,3025.7504631565225,17,7,7,0,3,4,5,3,2,3.9583333333333335,0.7142857142857143,0.625,0.6666666666666666,0.7578947368421053,23.0,20.0,3,3,2,4,"[25.0, 35.0, 20.0, 20.0, 15.0]",60.0
CGMacros-048,healthy,bl_silDS,popTMA,C05,4179.513952576737,29,7,7,0,3,4,1,6,6,3.9583333333333335,0.14285714285714285,0.14285714285714285,0.14285714285714285,1.5157894736842106,0.0,0.0,0,3,1,4,[0.0],
CGMacros-048,healthy,bl_silDS,popTMA,C05-15,4179.513952576737,29,7,7,0,3,4,4,3,3,3.9583333333333335,0.5714285714285714,0.5714285714285714,0.5714285714285714,0.7578947368421053,-9.0,-11.5,1,3,3,4,"[-12.0, -11.0, -13.0, 0.0]",
CGMacros-048,healthy,bl_silDS,popTMA,native,4179.513952576737,29,7,7,0,3,4,6,1,1,3.9583333333333335,0.8571428571428571,0.8571428571428571,0.8571428571428571,0.25263157894736843,-15.0,-15.0,3,3,3,4,"[-15.0, -15.0, -20.0, -15.0, -25.0, 0.0]",55.0
CGMacros-049,T2D,rescore,persTMA,C05,5755.7801394343805,26,7,7,0,3,4,6,2,1,3.9270833333333335,0.8571428571428571,0.75,0.8,0.5092838196286472,29.333333333333332,24.0,2,3,4,4,"[22.0, 19.0, 52.0, 22.0, 26.0, 35.0]",
CGMacros-049,T2D,rescore,persTMA,C05-15,5755.7801394343805,26,7,7,0,3,4,7,1,0,3.9270833333333335,1.0,0.875,0.9333333333333333,0.2546419098143236,24.714285714285715,22.0,3,3,4,4,"[22.0, 19.0, 52.0, 22.0, 26.0, -3.0, 35.0]",
CGMacros-049,T2D,rescore,persTMA,native,5755.7801394343805,26,7,7,0,3,4,7,2,0,3.9270833333333335,1.0,0.7777777777777778,0.875,0.5092838196286472,22.857142857142858,20.0,3,3,4,4,"[20.0, 15.0, 50.0, 20.0, 25.0, -5.0, 35.0]",85.0
CGMacros-049,T2D,rescore,popTMA,C05,4966.446948874684,31,7,7,0,3,4,5,3,2,3.9270833333333335,0.7142857142857143,0.625,0.6666666666666666,0.7639257294429708,15.4,11.0,1,3,4,4,"[7.0, 32.0, 2.0, 11.0, 25.0]",
CGMacros-049,T2D,rescore,popTMA,C05-15,4966.446948874684,31,7,7,0,3,4,6,2,1,3.9270833333333335,0.8571428571428571,0.75,0.8,0.5092838196286472,12.666666666666666,9.0,2,3,4,4,"[7.0, -1.0, 32.0, 2.0, 11.0, 25.0]",
CGMacros-049,T2D,rescore,popTMA,native,4966.446948874684,31,7,7,0,3,4,7,3,0,3.9270833333333335,1.0,0.7,0.8235294117647058,0.7639257294429708,7.142857142857143,5.0,3,3,4,4,"[5.0, -5.0, 30.0, 0.0, 10.0, -15.0, 25.0]",80.0
CGMacros-049,T2D,bl,persTMA,C05,5160.102752293977,24,7,7,0,3,4,5,3,2,3.9270833333333335,0.7142857142857143,0.625,0.6666666666666666,0.7639257294429708,49.0,54.0,3,3,2,4,"[54.0, 72.0, 42.0, 12.0, 65.0]",
CGMacros-049,T2D,bl,persTMA,C05-15,5160.102752293977,24,7,7,0,3,4,5,3,2,3.9270833333333335,0.7142857142857143,0.625,0.6666666666666666,0.7639257294429708,49.0,54.0,3,3,2,4,"[54.0, 72.0, 42.0, 12.0, 65.0]",
CGMacros-049,T2D,bl,persTMA,native,5160.102752293977,24,7,7,0,3,4,3,5,4,3.9270833333333335,0.42857142857142855,0.375,0.4,1.273209549071618,33.333333333333336,40.0,3,3,0,4,"[50.0, 40.0, 10.0]",100.0
CGMacros-049,T2D,bl,popTMA,C05,3798.5401234146266,29,7,7,0,3,4,5,3,2,3.9270833333333335,0.7142857142857143,0.625,0.6666666666666666,0.7639257294429708,16.4,16.0,1,3,4,4,"[7.0, 32.0, 2.0, 16.0, 25.0]",
CGMacros-049,T2D,bl,popTMA,C05-15,3798.5401234146266,29,7,7,0,3,4,6,2,1,3.9270833333333335,0.8571428571428571,0.75,0.8,0.5092838196286472,13.5,11.5,2,3,4,4,"[7.0, -1.0, 32.0, 2.0, 16.0, 25.0]",
CGMacros-049,T2D,bl,popTMA,native,3798.5401234146266,29,7,7,0,3,4,7,4,0,3.9270833333333335,1.0,0.6363636363636364,0.7777777777777778,1.0185676392572944,7.857142857142857,5.0,3,3,4,4,"[5.0, -5.0, 30.0, 0.0, 15.0, -15.0, 25.0]",75.0
CGMacros-049,T2D,bl_silDS,persTMA,C05,5160.102752293977,24,7,7,0,3,4,5,3,2,3.9270833333333335,0.7142857142857143,0.625,0.6666666666666666,0.7639257294429708,49.0,54.0,3,3,2,4,"[54.0, 72.0, 42.0, 12.0, 65.0]",
CGMacros-049,T2D,bl_silDS,persTMA,C05-15,5160.102752293977,24,7,7,0,3,4,5,3,2,3.9270833333333335,0.7142857142857143,0.625,0.6666666666666666,0.7639257294429708,49.0,54.0,3,3,2,4,"[54.0, 72.0, 42.0, 12.0, 65.0]",
CGMacros-049,T2D,bl_silDS,persTMA,native,5160.102752293977,24,7,7,0,3,4,3,5,4,3.9270833333333335,0.42857142857142855,0.375,0.4,1.273209549071618,33.333333333333336,40.0,3,3,0,4,"[50.0, 40.0, 10.0]",100.0
CGMacros-049,T2D,bl_silDS,popTMA,C05,3798.5401234146266,29,7,7,0,3,4,5,3,2,3.9270833333333335,0.7142857142857143,0.625,0.6666666666666666,0.7639257294429708,16.4,16.0,1,3,4,4,"[7.0, 32.0, 2.0, 16.0, 25.0]",
CGMacros-049,T2D,bl_silDS,popTMA,C05-15,3798.5401234146266,29,7,7,0,3,4,6,2,1,3.9270833333333335,0.8571428571428571,0.75,0.8,0.5092838196286472,13.5,11.5,2,3,4,4,"[7.0, -1.0, 32.0, 2.0, 16.0, 25.0]",
CGMacros-049,T2D,bl_silDS,popTMA,native,3798.5401234146266,29,7,7,0,3,4,7,4,0,3.9270833333333335,1.0,0.6363636363636364,0.7777777777777778,1.0185676392572944,7.857142857142857,5.0,3,3,4,4,"[5.0, -5.0, 30.0, 0.0, 15.0, -15.0, 25.0]",75.0
