subject,group,evaluation,TH,M,n_curves,n_donors,variant,draw,template_group,TP,FP,FN,days,sensitivity,precision,F1,FP_per_day,delay_mean_min,delay_median_min,delays,cc_peak_minus_meal_median_min
CGMacros-001,healthy,C05,3570.8944846623235,27,216,44,mixed,0,all,3,6,11,4.545138888888889,0.21428571428571427,0.3333333333333333,0.2608695652173913,1.3200916730328494,67.0,68.0,"[53.0, 68.0, 80.0]",
CGMacros-001,healthy,C05-15,3570.8944846623235,27,216,44,mixed,0,all,5,4,9,4.545138888888889,0.35714285714285715,0.5555555555555556,0.43478260869565216,0.8800611153552329,37.6,53.0,"[53.0, -12.0, -1.0, 68.0, 80.0]",
CGMacros-001,healthy,native,3570.8944846623235,27,216,44,mixed,0,all,8,3,7,4.545138888888889,0.5333333333333333,0.7272727272727273,0.6153846153846154,0.6600458365164247,-14.375,-20.0,"[-20.0, 50.0, -20.0, -15.0, -5.0, -50.0, -30.0, -25.0]",45.0
CGMacros-001,healthy,C05,1426.3856621808573,23,70,14,grouped,0,healthy,6,8,8,4.545138888888889,0.42857142857142855,0.42857142857142855,0.42857142857142855,1.7601222307104658,50.333333333333336,49.5,"[36.0, 58.0, 41.0, 14.0, 73.0, 80.0]",
CGMacros-001,healthy,C05-15,1426.3856621808573,23,70,14,grouped,0,healthy,11,4,3,4.545138888888889,0.7857142857142857,0.7333333333333333,0.7586206896551724,0.8800611153552329,23.636363636363637,14.0,"[36.0, -8.0, -8.0, 58.0, -6.0, 41.0, -7.0, 14.0, 73.0, -13.0, 80.0]",
CGMacros-001,healthy,native,1426.3856621808573,23,70,14,grouped,0,healthy,12,8,3,4.545138888888889,0.8,0.6,0.6857142857142857,1.7601222307104658,-10.0,-10.0,"[35.0, -10.0, -10.0, 55.0, -10.0, -35.0, -10.0, 10.0, -70.0, -40.0, -20.0, -15.0]",45.0
CGMacros-001,healthy,C05,2241.3066671430643,27,77,16,cross,0,prediabetes,6,9,8,4.545138888888889,0.42857142857142855,0.4,0.41379310344827586,1.9801375095492741,51.166666666666664,52.0,"[36.0, 58.0, 46.0, 9.0, 73.0, 85.0]",
CGMacros-001,healthy,C05-15,2241.3066671430643,27,77,16,cross,0,prediabetes,11,5,3,4.545138888888889,0.7857142857142857,0.6875,0.7333333333333333,1.1000763941940412,25.0,9.0,"[36.0, -8.0, -3.0, 58.0, -6.0, 46.0, -2.0, 9.0, 73.0, -13.0, 85.0]",
CGMacros-001,healthy,native,2241.3066671430643,27,77,16,cross,0,prediabetes,12,8,3,4.545138888888889,0.8,0.6,0.6857142857142857,1.7601222307104658,-9.583333333333334,-10.0,"[35.0, -10.0, -5.0, 55.0, -10.0, -35.0, -5.0, 5.0, -70.0, -40.0, -20.0, -15.0]",55.0
CGMacros-001,healthy,C05,5332.754445726088,32,69,14,cross,0,T2D,4,7,10,4.545138888888889,0.2857142857142857,0.36363636363636365,0.32,1.5401069518716577,53.0,52.0,"[46.0, 38.0, 58.0, 70.0]",
CGMacros-001,healthy,C05-15,5332.754445726088,32,69,14,cross,0,T2D,4,7,10,4.545138888888889,0.2857142857142857,0.36363636363636365,0.32,1.5401069518716577,53.0,52.0,"[46.0, 38.0, 58.0, 70.0]",
CGMacros-001,healthy,native,5332.754445726088,32,69,14,cross,0,T2D,8,5,7,4.545138888888889,0.5333333333333333,0.6153846153846154,0.5714285714285714,1.1000763941940412,-33.125,-40.0,"[-40.0, 35.0, -45.0, -25.0, -30.0, -70.0, -50.0, -40.0]",40.0
CGMacros-001,healthy,C05,2132.8290456954564,27,216,44,mixT_grpTH,0,all,5,10,9,4.545138888888889,0.35714285714285715,0.3333333333333333,0.3448275862068966,2.2001527883880825,54.6,53.0,"[31.0, 53.0, 41.0, 68.0, 80.0]",
CGMacros-001,healthy,C05-15,2132.8290456954564,27,216,44,mixT_grpTH,0,all,8,7,6,4.545138888888889,0.5714285714285714,0.5333333333333333,0.5517241379310345,1.5401069518716577,30.875,36.0,"[31.0, -13.0, 53.0, 41.0, -12.0, -1.0, 68.0, 80.0]",
CGMacros-001,healthy,native,2132.8290456954564,27,216,44,mixT_grpTH,0,all,12,8,3,4.545138888888889,0.8,0.6,0.6857142857142857,1.7601222307104658,-18.75,-20.0,"[30.0, -20.0, -15.0, 50.0, -20.0, -45.0, -15.0, -5.0, -80.0, -50.0, -30.0, -25.0]",45.0
CGMacros-002,healthy,C05,3507.65161013732,27,216,44,mixed,0,all,5,7,7,3.670138888888889,0.4166666666666667,0.4166666666666667,0.4166666666666667,1.9072847682119205,14.8,1.0,"[7.0, 0.0, 0.0, 1.0, 66.0]",
CGMacros-002,healthy,C05-15,3507.65161013732,27,216,44,mixed,0,all,7,5,5,3.670138888888889,0.5833333333333334,0.5833333333333334,0.5833333333333334,1.3623462630085146,9.428571428571429,0.0,"[7.0, -7.0, 0.0, -1.0, 0.0, 1.0, 66.0]",
CGMacros-002,healthy,native,3507.65161013732,27,216,44,mixed,0,all,10,2,2,3.670138888888889,0.8333333333333334,0.8333333333333334,0.8333333333333334,0.5449385052034059,-13.0,-7.5,"[5.0, -25.0, -10.0, -50.0, 0.0, -5.0, 0.0, -20.0, 0.0, -25.0]",57.5
CGMacros-002,healthy,C05,1188.8282594650082,22,70,14,grouped,0,healthy,7,7,5,3.670138888888889,0.5833333333333334,0.5,0.5384615384615384,1.9072847682119205,28.857142857142858,5.0,"[12.0, 119.0, 5.0, 4.0, 0.0, 1.0, 61.0]",
CGMacros-002,healthy,C05-15,1188.8282594650082,22,70,14,grouped,0,healthy,9,5,3,3.670138888888889,0.75,0.6428571428571429,0.6923076923076923,1.3623462630085146,20.0,4.0,"[12.0, -7.0, 119.0, 5.0, 4.0, 0.0, -15.0, 1.0, 61.0]",
CGMacros-002,healthy,native,1188.8282594650082,22,70,14,grouped,0,healthy,10,5,2,3.670138888888889,0.8333333333333334,0.6666666666666666,0.7407407407407407,1.3623462630085146,-9.5,-5.0,"[10.0, -20.0, -10.0, -45.0, 5.0, 0.0, 0.0, -15.0, 0.0, -20.0]",50.0
CGMacros-002,healthy,C05,2241.3066671430643,27,77,16,cross,0,prediabetes,7,6,5,3.670138888888889,0.5833333333333334,0.5384615384615384,0.56,1.6348155156102175,18.714285714285715,10.0,"[17.0, 3.0, 10.0, 9.0, 10.0, 11.0, 71.0]",
CGMacros-002,healthy,C05-15,2241.3066671430643,27,77,16,cross,0,prediabetes,9,4,3,3.670138888888889,0.75,0.6923076923076923,0.72,1.0898770104068118,2.4444444444444446,9.0,"[17.0, -14.0, 3.0, 10.0, 9.0, 10.0, -10.0, 11.0, -14.0]",
CGMacros-002,healthy,native,2241.3066671430643,27,77,16,cross,0,prediabetes,10,4,2,3.670138888888889,0.8333333333333334,0.7142857142857143,0.7692307692307693,1.0898770104068118,-3.0,2.5,"[15.0, -15.0, 0.0, -40.0, 10.0, 5.0, 10.0, -10.0, 10.0, -15.0]",67.5
CGMacros-002,healthy,C05,5332.754445726088,32,69,14,cross,0,T2D,1,11,11,3.670138888888889,0.08333333333333333,0.08333333333333333,0.08333333333333333,2.9971617786187323,56.0,56.0,[56.0],
CGMacros-002,healthy,C05-15,5332.754445726088,32,69,14,cross,0,T2D,4,8,8,3.670138888888889,0.3333333333333333,0.3333333333333333,0.3333333333333333,2.1797540208136237,4.75,-11.0,"[-8.0, -15.0, -14.0, 56.0]",
CGMacros-002,healthy,native,5332.754445726088,32,69,14,cross,0,T2D,10,2,2,3.670138888888889,0.8333333333333334,0.8333333333333334,0.8333333333333334,0.5449385052034059,-36.5,-27.5,"[-10.0, -45.0, -20.0, -65.0, -20.0, -95.0, -15.0, -35.0, -15.0, -45.0]",52.5
CGMacros-002,healthy,C05,2095.3016244536157,27,216,44,mixT_grpTH,0,all,5,8,7,3.670138888888889,0.4166666666666667,0.38461538461538464,0.4,2.1797540208136237,14.8,1.0,"[7.0, 0.0, 0.0, 1.0, 66.0]",
CGMacros-002,healthy,C05-15,2095.3016244536157,27,216,44,mixT_grpTH,0,all,7,6,5,3.670138888888889,0.5833333333333334,0.5384615384615384,0.56,1.6348155156102175,9.428571428571429,0.0,"[7.0, -7.0, 0.0, -1.0, 0.0, 1.0, 66.0]",
CGMacros-002,healthy,native,2095.3016244536157,27,216,44,mixT_grpTH,0,all,10,4,2,3.670138888888889,0.8333333333333334,0.7142857142857143,0.7692307692307693,1.0898770104068118,-13.0,-7.5,"[5.0, -25.0, -10.0, -50.0, 0.0, -5.0, 0.0, -20.0, 0.0, -25.0]",57.5
CGMacros-003,T2D,C05,3488.1358395666175,27,216,44,mixed,0,all,2,8,12,3.642361111111111,0.14285714285714285,0.2,0.16666666666666666,2.196377502383222,63.0,63.0,"[37.0, 89.0]",
CGMacros-003,T2D,C05-15,3488.1358395666175,27,216,44,mixed,0,all,6,4,8,3.642361111111111,0.42857142857142855,0.6,0.5,1.098188751191611,1.1666666666666667,-5.0,"[-12.0, -4.0, 37.0, -11.0, 3.0, -6.0]",
CGMacros-003,T2D,native,3488.1358395666175,27,216,44,mixed,0,all,10,0,4,3.642361111111111,0.7142857142857143,1.0,0.8333333333333334,0.0,-10.0,-15.0,"[-20.0, -20.0, -15.0, -25.0, -5.0, 35.0, -15.0, 0.0, -25.0, -10.0]",50.0
CGMacros-003,T2D,C05,3508.4133789964726,22,75,15,cross,0,healthy,1,5,13,3.642361111111111,0.07142857142857142,0.16666666666666666,0.1,1.3727359389895137,1.0,1.0,[1.0],
CGMacros-003,T2D,C05-15,3508.4133789964726,22,75,15,cross,0,healthy,4,2,10,3.642361111111111,0.2857142857142857,0.6666666666666666,0.4,0.5490943755958055,-4.5,-4.0,"[-11.0, -7.0, 1.0, -1.0]",
CGMacros-003,T2D,native,3508.4133789964726,22,75,15,cross,0,healthy,6,0,8,3.642361111111111,0.42857142857142855,1.0,0.6,0.0,-11.666666666666666,-12.5,"[-20.0, -15.0, -10.0, 0.0, -20.0, -5.0]",42.5
CGMacros-003,T2D,C05,6691.664222005977,27,77,16,cross,0,prediabetes,2,4,12,3.642361111111111,0.14285714285714285,0.3333333333333333,0.2,1.098188751191611,5.0,5.0,"[6.0, 4.0]",
CGMacros-003,T2D,C05-15,6691.664222005977,27,77,16,cross,0,prediabetes,6,0,8,3.642361111111111,0.42857142857142855,1.0,0.6,0.0,-3.3333333333333335,-4.0,"[-8.0, -6.0, -2.0, 6.0, -14.0, 4.0]",
CGMacros-003,T2D,native,6691.664222005977,27,77,16,cross,0,prediabetes,6,0,8,3.642361111111111,0.42857142857142855,1.0,0.6,0.0,-5.833333333333333,-7.5,"[-10.0, -10.0, -5.0, 5.0, -15.0, 0.0]",57.5
CGMacros-003,T2D,C05,10666.788392650007,32,64,13,grouped,0,T2D,1,7,13,3.642361111111111,0.07142857142857142,0.125,0.09090909090909091,1.9218303145853193,17.0,17.0,[17.0],
CGMacros-003,T2D,C05-15,10666.788392650007,32,64,13,grouped,0,T2D,1,7,13,3.642361111111111,0.07142857142857142,0.125,0.09090909090909091,1.9218303145853193,17.0,17.0,[17.0],
CGMacros-003,T2D,native,10666.788392650007,32,64,13,grouped,0,T2D,8,0,6,3.642361111111111,0.5714285714285714,1.0,0.7272727272727273,0.0,-27.5,-30.0,"[-35.0, -40.0, -30.0, -25.0, 15.0, -30.0, -45.0, -30.0]",50.0
CGMacros-003,T2D,C05,5025.034219430894,27,216,44,mixT_grpTH,0,all,1,7,13,3.642361111111111,0.07142857142857142,0.125,0.09090909090909091,1.9218303145853193,37.0,37.0,[37.0],
CGMacros-003,T2D,C05-15,5025.034219430894,27,216,44,mixT_grpTH,0,all,5,3,9,3.642361111111111,0.35714285714285715,0.625,0.45454545454545453,0.8236415633937083,0.8,-6.0,"[-12.0, -4.0, 37.0, -11.0, -6.0]",
CGMacros-003,T2D,native,5025.034219430894,27,216,44,mixT_grpTH,0,all,8,0,6,3.642361111111111,0.5714285714285714,1.0,0.7272727272727273,0.0,-9.375,-15.0,"[-20.0, -20.0, -15.0, -5.0, 35.0, -15.0, -25.0, -10.0]",50.0
CGMacros-004,healthy,C05,3540.9438923592497,27,216,44,mixed,0,all,7,5,11,3.513888888888889,0.3888888888888889,0.5833333333333334,0.4666666666666667,1.4229249011857708,61.285714285714285,64.0,"[117.0, 5.0, 86.0, 36.0, 1.0, 120.0, 64.0]",
CGMacros-004,healthy,C05-15,3540.9438923592497,27,216,44,mixed,0,all,8,3,10,3.513888888888889,0.4444444444444444,0.7272727272727273,0.5517241379310345,0.8537549407114625,40.125,20.5,"[117.0, -13.0, 5.0, -9.0, 36.0, 1.0, 120.0, 64.0]",
CGMacros-004,healthy,native,3540.9438923592497,27,216,44,mixed,0,all,8,5,12,3.513888888888889,0.4,0.6153846153846154,0.48484848484848486,1.4229249011857708,-13.125,-12.5,"[-55.0, -15.0, 5.0, -10.0, -30.0, -35.0, 0.0, 35.0]",52.5
CGMacros-004,healthy,C05,1862.6450098980295,21,70,14,grouped,0,healthy,4,4,14,3.513888888888889,0.2222222222222222,0.5,0.3076923076923077,1.1383399209486167,36.0,34.5,"[6.0, 21.0, 48.0, 69.0]",
CGMacros-004,healthy,C05-15,1862.6450098980295,21,70,14,grouped,0,healthy,6,2,12,3.513888888888889,0.3333333333333333,0.75,0.46153846153846156,0.5691699604743083,21.666666666666668,13.5,"[-3.0, 6.0, -11.0, 21.0, 48.0, 69.0]",
CGMacros-004,healthy,native,1862.6450098980295,21,70,14,grouped,0,healthy,9,5,11,3.513888888888889,0.45,0.6428571428571429,0.5294117647058824,1.4229249011857708,-3.3333333333333335,-5.0,"[-40.0, -5.0, 5.0, -20.0, 5.0, -15.0, 20.0, 45.0, -25.0]",45.0
CGMacros-004,healthy,C05,2241.3066671430643,27,77,16,cross,0,prediabetes,8,6,10,3.513888888888889,0.4444444444444444,0.5714285714285714,0.5,1.707509881422925,53.625,47.0,"[15.0, 1.0, 46.0, 120.0, 119.0, 11.0, 48.0, 69.0]",
CGMacros-004,healthy,C05-15,2241.3066671430643,27,77,16,cross,0,prediabetes,10,4,8,3.513888888888889,0.5555555555555556,0.7142857142857143,0.625,1.1383399209486167,40.8,30.5,"[-8.0, 15.0, 1.0, 46.0, -13.0, 120.0, 119.0, 11.0, 48.0, 69.0]",
CGMacros-004,healthy,native,2241.3066671430643,27,77,16,cross,0,prediabetes,13,6,7,3.513888888888889,0.65,0.6842105263157895,0.6666666666666666,1.707509881422925,-6.538461538461538,-10.0,"[-45.0, -10.0, 15.0, 0.0, -30.0, -20.0, -15.0, 15.0, 0.0, -25.0, 10.0, 45.0, -25.0]",55.0
CGMacros-004,healthy,C05,4740.471435005718,32,69,14,cross,0,T2D,5,8,13,3.513888888888889,0.2777777777777778,0.38461538461538464,0.3225806451612903,2.2766798418972334,72.6,76.0,"[107.0, 21.0, 76.0, 105.0, 54.0]",
CGMacros-004,healthy,C05-15,4740.471435005718,32,69,14,cross,0,T2D,7,6,11,3.513888888888889,0.3888888888888889,0.5384615384615384,0.45161290322580644,1.707509881422925,48.42857142857143,54.0,"[107.0, 21.0, -10.0, 76.0, -14.0, 105.0, 54.0]",
CGMacros-004,healthy,native,4740.471435005718,32,69,14,cross,0,T2D,10,4,10,3.513888888888889,0.5,0.7142857142857143,0.5882352941176471,1.1383399209486167,-23.5,-22.5,"[-75.0, -30.0, 20.0, -10.0, -25.0, -15.0, -45.0, -55.0, -20.0, 20.0]",57.5
CGMacros-004,healthy,C05,1809.2165391695708,27,216,44,mixT_grpTH,0,all,12,6,6,3.513888888888889,0.6666666666666666,0.6666666666666666,0.6666666666666666,1.707509881422925,64.91666666666667,68.0,"[117.0, 36.0, 5.0, 86.0, 36.0, 15.0, 72.0, 109.0, 1.0, 120.0, 118.0, 64.0]",
CGMacros-004,healthy,C05-15,1809.2165391695708,27,216,44,mixT_grpTH,0,all,13,5,5,3.513888888888889,0.7222222222222222,0.7222222222222222,0.7222222222222222,1.4229249011857708,51.61538461538461,36.0,"[117.0, -13.0, 36.0, 5.0, -9.0, 36.0, 15.0, 72.0, 109.0, 1.0, 120.0, 118.0, 64.0]",
CGMacros-004,healthy,native,1809.2165391695708,27,216,44,mixT_grpTH,0,all,15,6,5,3.513888888888889,0.75,0.7142857142857143,0.7317073170731707,1.707509881422925,-10.666666666666666,-10.0,"[-55.0, -15.0, 35.0, 5.0, -10.0, -40.0, -30.0, -25.0, 15.0, 5.0, -10.0, -35.0, 0.0, 35.0, -35.0]",55.0
CGMacros-005,T2D,C05,3505.991043675818,27,216,44,mixed,0,all,12,0,5,3.892361111111111,0.7058823529411765,1.0,0.8275862068965517,0.0,51.166666666666664,50.0,"[71.0, 53.0, 39.0, 61.0, 0.0, 111.0, 50.0, 47.0, 22.0, 71.0, 39.0, 50.0]",
CGMacros-005,T2D,C05-15,3505.991043675818,27,216,44,mixed,0,all,12,0,5,3.892361111111111,0.7058823529411765,1.0,0.8275862068965517,0.0,51.166666666666664,50.0,"[71.0, 53.0, 39.0, 61.0, 0.0, 111.0, 50.0, 47.0, 22.0, 71.0, 39.0, 50.0]",
CGMacros-005,T2D,native,3505.991043675818,27,216,44,mixed,0,all,9,4,8,3.892361111111111,0.5294117647058824,0.6923076923076923,0.6,1.0276538804638715,33.888888888888886,35.0,"[50.0, 35.0, 0.0, 50.0, 45.0, 20.0, 20.0, 35.0, 50.0]",100.0
CGMacros-005,T2D,C05,3384.2856400866294,22,75,15,cross,0,healthy,6,0,11,3.892361111111111,0.35294117647058826,1.0,0.5217391304347826,0.0,54.5,55.0,"[58.0, 44.0, 55.0, 71.0, 44.0, 55.0]",
CGMacros-005,T2D,C05-15,3384.2856400866294,22,75,15,cross,0,healthy,6,0,11,3.892361111111111,0.35294117647058826,1.0,0.5217391304347826,0.0,54.5,55.0,"[58.0, 44.0, 55.0, 71.0, 44.0, 55.0]",
CGMacros-005,T2D,native,3384.2856400866294,22,75,15,cross,0,healthy,6,0,11,3.892361111111111,0.35294117647058826,1.0,0.5217391304347826,0.0,44.166666666666664,47.5,"[55.0, 40.0, 55.0, 20.0, 40.0, 55.0]",102.5
CGMacros-005,T2D,C05,6691.664222005977,27,77,16,cross,0,prediabetes,7,0,10,3.892361111111111,0.4117647058823529,1.0,0.5833333333333334,0.0,66.14285714285714,63.0,"[91.0, 63.0, 49.0, 65.0, 81.0, 54.0, 60.0]",
CGMacros-005,T2D,C05-15,6691.664222005977,27,77,16,cross,0,prediabetes,7,0,10,3.892361111111111,0.4117647058823529,1.0,0.5833333333333334,0.0,66.14285714285714,63.0,"[91.0, 63.0, 49.0, 65.0, 81.0, 54.0, 60.0]",
CGMacros-005,T2D,native,6691.664222005977,27,77,16,cross,0,prediabetes,3,4,14,3.892361111111111,0.17647058823529413,0.42857142857142855,0.25,1.0276538804638715,41.666666666666664,45.0,"[45.0, 30.0, 50.0]",110.0
CGMacros-005,T2D,C05,10510.904174084397,32,64,13,grouped,0,T2D,9,1,8,3.892361111111111,0.5294117647058824,0.9,0.6666666666666666,0.2569134701159679,43.77777777777778,35.0,"[56.0, 38.0, 19.0, 41.0, 35.0, 32.0, 114.0, 24.0, 35.0]",
CGMacros-005,T2D,C05-15,10510.904174084397,32,64,13,grouped,0,T2D,10,0,7,3.892361111111111,0.5882352941176471,1.0,0.7407407407407407,0.0,37.9,35.0,"[56.0, 38.0, 19.0, 41.0, -15.0, 35.0, 32.0, 114.0, 24.0, 35.0]",
CGMacros-005,T2D,native,10510.904174084397,32,64,13,grouped,0,T2D,9,1,8,3.892361111111111,0.5294117647058824,0.9,0.6666666666666666,0.2569134701159679,22.77777777777778,30.0,"[35.0, 15.0, 40.0, -15.0, 35.0, 30.0, 10.0, 20.0, 35.0]",110.0
CGMacros-005,T2D,C05,5746.662701041503,27,216,44,mixT_grpTH,0,all,9,0,8,3.892361111111111,0.5294117647058824,1.0,0.6923076923076923,0.0,48.22222222222222,50.0,"[71.0, 53.0, 39.0, 61.0, 0.0, 50.0, 71.0, 39.0, 50.0]",
CGMacros-005,T2D,C05-15,5746.662701041503,27,216,44,mixT_grpTH,0,all,9,0,8,3.892361111111111,0.5294117647058824,1.0,0.6923076923076923,0.0,48.22222222222222,50.0,"[71.0, 53.0, 39.0, 61.0, 0.0, 50.0, 71.0, 39.0, 50.0]",
CGMacros-005,T2D,native,5746.662701041503,27,216,44,mixT_grpTH,0,all,7,2,10,3.892361111111111,0.4117647058823529,0.7777777777777778,0.5384615384615384,0.5138269402319358,34.285714285714285,35.0,"[50.0, 35.0, 0.0, 50.0, 20.0, 35.0, 50.0]",100.0
CGMacros-006,healthy,C05,3873.8710636072683,27,216,44,mixed,0,all,1,4,12,3.2916666666666665,0.07692307692307693,0.2,0.1111111111111111,1.2151898734177216,82.0,82.0,[82.0],
CGMacros-006,healthy,C05-15,3873.8710636072683,27,216,44,mixed,0,all,3,2,10,3.2916666666666665,0.23076923076923078,0.6,0.3333333333333333,0.6075949367088608,21.333333333333332,-7.0,"[-7.0, -11.0, 82.0]",
CGMacros-006,healthy,native,3873.8710636072683,27,216,44,mixed,0,all,5,0,9,3.2916666666666665,0.35714285714285715,1.0,0.5263157894736842,0.0,-14.0,-15.0,"[-30.0, -10.0, -15.0, -25.0, 10.0]",50.0
CGMacros-006,healthy,C05,1257.4759013059193,24,70,14,grouped,0,healthy,3,4,10,3.2916666666666665,0.23076923076923078,0.42857142857142855,0.3,1.2151898734177216,54.0,67.0,"[67.0, 3.0, 92.0]",
CGMacros-006,healthy,C05-15,1257.4759013059193,24,70,14,grouped,0,healthy,6,1,7,3.2916666666666665,0.46153846153846156,0.8571428571428571,0.6,0.3037974683544304,22.0,-1.5,"[-12.0, 67.0, 3.0, -6.0, -12.0, 92.0]",
CGMacros-006,healthy,native,1257.4759013059193,24,70,14,grouped,0,healthy,9,1,5,3.2916666666666665,0.6428571428571429,0.9,0.75,0.3037974683544304,-8.88888888888889,-10.0,"[-15.0, -5.0, -20.0, 0.0, -25.0, -10.0, -15.0, 20.0, -10.0]",50.0
CGMacros-006,healthy,C05,2241.3066671430643,27,77,16,cross,0,prediabetes,3,5,10,3.2916666666666665,0.23076923076923078,0.375,0.2857142857142857,1.518987341772152,55.666666666666664,72.0,"[72.0, 3.0, 92.0]",
CGMacros-006,healthy,C05-15,2241.3066671430643,27,77,16,cross,0,prediabetes,6,2,7,3.2916666666666665,0.46153846153846156,0.75,0.5714285714285714,0.6075949367088608,23.666666666666668,1.0,"[-12.0, 72.0, 3.0, -1.0, -12.0, 92.0]",
CGMacros-006,healthy,native,2241.3066671430643,27,77,16,cross,0,prediabetes,9,2,5,3.2916666666666665,0.6428571428571429,0.8181818181818182,0.72,0.6075949367088608,-8.333333333333334,-10.0,"[-15.0, -5.0, -20.0, 0.0, -25.0, -5.0, -15.0, 20.0, -10.0]",55.0
CGMacros-006,healthy,C05,5332.754445726088,32,69,14,cross,0,T2D,1,6,12,3.2916666666666665,0.07692307692307693,0.14285714285714285,0.1,1.8227848101265824,62.0,62.0,[62.0],
CGMacros-006,healthy,C05-15,5332.754445726088,32,69,14,cross,0,T2D,1,6,12,3.2916666666666665,0.07692307692307693,0.14285714285714285,0.1,1.8227848101265824,62.0,62.0,[62.0],
CGMacros-006,healthy,native,5332.754445726088,32,69,14,cross,0,T2D,8,0,6,3.2916666666666665,0.5714285714285714,1.0,0.7272727272727273,0.0,-32.5,-32.5,"[-45.0, -30.0, -45.0, -25.0, -35.0, -40.0, -10.0, -30.0]",47.5
CGMacros-006,healthy,C05,2153.5611815818047,27,216,44,mixT_grpTH,0,all,2,7,11,3.2916666666666665,0.15384615384615385,0.2222222222222222,0.18181818181818182,2.126582278481013,72.0,72.0,"[62.0, 82.0]",
CGMacros-006,healthy,C05-15,2153.5611815818047,27,216,44,mixT_grpTH,0,all,4,5,9,3.2916666666666665,0.3076923076923077,0.4444444444444444,0.36363636363636365,1.518987341772152,31.5,27.5,"[62.0, -7.0, -11.0, 82.0]",
CGMacros-006,healthy,native,2153.5611815818047,27,216,44,mixT_grpTH,0,all,9,2,5,3.2916666666666665,0.6428571428571429,0.8181818181818182,0.72,0.6075949367088608,-18.333333333333332,-20.0,"[-25.0, -15.0, -30.0, -10.0, -35.0, -15.0, -25.0, 10.0, -20.0]",45.0
CGMacros-007,prediabetes,C05,3521.9570540340646,27,219,44,mixed,0,all,0,2,3,1.5659722222222223,0.0,0.0,0.0,1.2771618625277161,,,[],
CGMacros-007,prediabetes,C05-15,3521.9570540340646,27,219,44,mixed,0,all,1,1,2,1.5659722222222223,0.3333333333333333,0.5,0.4,0.6385809312638581,-4.0,-4.0,[-4.0],
CGMacros-007,prediabetes,native,3521.9570540340646,27,219,44,mixed,0,all,2,0,1,1.5659722222222223,0.6666666666666666,1.0,0.8,0.0,-12.5,-12.5,"[-20.0, -5.0]",52.5
CGMacros-007,prediabetes,C05,1998.5621392268895,22,75,15,cross,0,healthy,0,2,3,1.5659722222222223,0.0,0.0,0.0,1.2771618625277161,,,[],
CGMacros-007,prediabetes,C05-15,1998.5621392268895,22,75,15,cross,0,healthy,2,0,1,1.5659722222222223,0.6666666666666666,1.0,0.8,0.0,-7.5,-7.5,"[-11.0, -4.0]",
CGMacros-007,prediabetes,native,1998.5621392268895,22,75,15,cross,0,healthy,2,0,1,1.5659722222222223,0.6666666666666666,1.0,0.8,0.0,-10.0,-10.0,"[-15.0, -5.0]",45.0
CGMacros-007,prediabetes,C05,3514.6282494060433,27,75,15,grouped,0,prediabetes,1,1,2,1.5659722222222223,0.3333333333333333,0.5,0.4,0.6385809312638581,6.0,6.0,[6.0],
CGMacros-007,prediabetes,C05-15,3514.6282494060433,27,75,15,grouped,0,prediabetes,2,0,1,1.5659722222222223,0.6666666666666666,1.0,0.8,0.0,0.0,0.0,"[-6.0, 6.0]",
CGMacros-007,prediabetes,native,3514.6282494060433,27,75,15,grouped,0,prediabetes,2,0,1,1.5659722222222223,0.6666666666666666,1.0,0.8,0.0,-2.5,-2.5,"[-10.0, 5.0]",62.5
CGMacros-007,prediabetes,C05,5800.487283279988,32,69,14,cross,0,T2D,0,2,3,1.5659722222222223,0.0,0.0,0.0,1.2771618625277161,,,[],
CGMacros-007,prediabetes,C05-15,5800.487283279988,32,69,14,cross,0,T2D,0,2,3,1.5659722222222223,0.0,0.0,0.0,1.2771618625277161,,,[],
CGMacros-007,prediabetes,native,5800.487283279988,32,69,14,cross,0,T2D,2,0,1,1.5659722222222223,0.6666666666666666,1.0,0.8,0.0,-27.5,-27.5,"[-35.0, -20.0]",52.5
CGMacros-007,prediabetes,C05,3458.086711344964,27,219,44,mixT_grpTH,0,all,0,2,3,1.5659722222222223,0.0,0.0,0.0,1.2771618625277161,,,[],
CGMacros-007,prediabetes,C05-15,3458.086711344964,27,219,44,mixT_grpTH,0,all,1,1,2,1.5659722222222223,0.3333333333333333,0.5,0.4,0.6385809312638581,-4.0,-4.0,[-4.0],
CGMacros-007,prediabetes,native,3458.086711344964,27,219,44,mixT_grpTH,0,all,2,0,1,1.5659722222222223,0.6666666666666666,1.0,0.8,0.0,-12.5,-12.5,"[-20.0, -5.0]",52.5
CGMacros-008,prediabetes,C05,3592.4543905529354,27,216,44,mixed,0,all,2,10,10,3.8819444444444446,0.16666666666666666,0.16666666666666666,0.16666666666666666,2.5760286225402504,6.0,6.0,"[8.0, 4.0]",
CGMacros-008,prediabetes,C05-15,3592.4543905529354,27,216,44,mixed,0,all,6,6,6,3.8819444444444446,0.5,0.5,0.5,1.5456171735241502,-3.3333333333333335,-1.5,"[8.0, -15.0, 4.0, -2.0, -1.0, -14.0]",
CGMacros-008,prediabetes,native,3592.4543905529354,27,216,44,mixed,0,all,11,1,1,3.8819444444444446,0.9166666666666666,0.9166666666666666,0.9166666666666666,0.257602862254025,-15.909090909090908,-15.0,"[5.0, -30.0, -15.0, 0.0, -30.0, -20.0, -5.0, -40.0, -20.0, -5.0, -15.0]",50.0
CGMacros-008,prediabetes,C05,1998.5621392268895,22,75,15,cross,0,healthy,2,9,10,3.8819444444444446,0.16666666666666666,0.18181818181818182,0.17391304347826086,2.3184257602862255,59.0,59.0,"[13.0, 105.0]",
CGMacros-008,prediabetes,C05-15,1998.5621392268895,22,75,15,cross,0,healthy,6,4,6,3.8819444444444446,0.5,0.6,0.5454545454545454,1.0304114490161,-5.333333333333333,-8.5,"[13.0, -10.0, -7.0, -13.0, -1.0, -14.0]",
CGMacros-008,prediabetes,native,1998.5621392268895,22,75,15,cross,0,healthy,9,2,3,3.8819444444444446,0.75,0.8181818181818182,0.782608695652174,0.51520572450805,-12.777777777777779,-15.0,"[10.0, -25.0, -10.0, -25.0, -20.0, -10.0, -15.0, -5.0, -15.0]",40.0
CGMacros-008,prediabetes,C05,3597.5120540700445,27,72,15,grouped,0,prediabetes,4,8,8,3.8819444444444446,0.3333333333333333,0.3333333333333333,0.3333333333333333,2.0608228980322,11.0,11.5,"[18.0, 9.0, 3.0, 14.0]",
CGMacros-008,prediabetes,C05-15,3597.5120540700445,27,72,15,grouped,0,prediabetes,8,4,4,3.8819444444444446,0.6666666666666666,0.6666666666666666,0.6666666666666666,1.0304114490161,2.25,-0.5,"[18.0, -5.0, 9.0, -9.0, 3.0, -8.0, 14.0, -4.0]",
CGMacros-008,prediabetes,native,3597.5120540700445,27,72,15,grouped,0,prediabetes,11,1,1,3.8819444444444446,0.9166666666666666,0.9166666666666666,0.9166666666666666,0.257602862254025,-5.909090909090909,-5.0,"[15.0, -20.0, -5.0, 5.0, -20.0, -10.0, 0.0, -25.0, -10.0, 10.0, -5.0]",60.0
CGMacros-008,prediabetes,C05,5800.487283279988,32,69,14,cross,0,T2D,0,12,12,3.8819444444444446,0.0,0.0,0.0,3.0912343470483004,,,[],
CGMacros-008,prediabetes,C05-15,5800.487283279988,32,69,14,cross,0,T2D,4,8,8,3.8819444444444446,0.3333333333333333,0.3333333333333333,0.3333333333333333,2.0608228980322,-10.25,-11.0,"[-7.0, -11.0, -12.0, -11.0]",
CGMacros-008,prediabetes,native,5800.487283279988,32,69,14,cross,0,T2D,11,1,1,3.8819444444444446,0.9166666666666666,0.9166666666666666,0.9166666666666666,0.257602862254025,-31.363636363636363,-30.0,"[-10.0, -45.0, -30.0, -15.0, -45.0, -40.0, -15.0, -60.0, -40.0, -15.0, -30.0]",50.0
CGMacros-008,prediabetes,C05,3542.8733803381,27,216,44,mixT_grpTH,0,all,2,10,10,3.8819444444444446,0.16666666666666666,0.16666666666666666,0.16666666666666666,2.5760286225402504,6.0,6.0,"[8.0, 4.0]",
CGMacros-008,prediabetes,C05-15,3542.8733803381,27,216,44,mixT_grpTH,0,all,6,6,6,3.8819444444444446,0.5,0.5,0.5,1.5456171735241502,-3.3333333333333335,-1.5,"[8.0, -15.0, 4.0, -2.0, -1.0, -14.0]",
CGMacros-008,prediabetes,native,3542.8733803381,27,216,44,mixT_grpTH,0,all,11,1,1,3.8819444444444446,0.9166666666666666,0.9166666666666666,0.9166666666666666,0.257602862254025,-15.909090909090908,-15.0,"[5.0, -30.0, -15.0, 0.0, -30.0, -20.0, -5.0, -40.0, -20.0, -5.0, -15.0]",50.0
CGMacros-009,prediabetes,C05,3474.235451431883,27,216,44,mixed,0,all,12,3,4,4.232638888888889,0.75,0.8,0.7741935483870968,0.7087776866283838,44.333333333333336,41.0,"[55.0, 51.0, 86.0, 42.0, 37.0, 45.0, 26.0, 40.0, 27.0, 28.0, 60.0, 35.0]",
CGMacros-009,prediabetes,C05-15,3474.235451431883,27,216,44,mixed,0,all,12,3,4,4.232638888888889,0.75,0.8,0.7741935483870968,0.7087776866283838,44.333333333333336,41.0,"[55.0, 51.0, 86.0, 42.0, 37.0, 45.0, 26.0, 40.0, 27.0, 28.0, 60.0, 35.0]",
CGMacros-009,prediabetes,native,3474.235451431883,27,216,44,mixed,0,all,11,9,5,4.232638888888889,0.6875,0.55,0.6111111111111112,2.1263330598851518,26.363636363636363,35.0,"[55.0, 50.0, 25.0, 40.0, 35.0, 45.0, 25.0, -70.0, 25.0, 25.0, 35.0]",100.0
CGMacros-009,prediabetes,C05,1998.5621392268895,22,75,15,cross,0,healthy,12,3,4,4.232638888888889,0.75,0.8,0.7741935483870968,0.7087776866283838,48.083333333333336,43.5,"[55.0, 56.0, 91.0, 42.0, 42.0, 45.0, 31.0, 45.0, 32.0, 33.0, 65.0, 40.0]",
CGMacros-009,prediabetes,C05-15,1998.5621392268895,22,75,15,cross,0,healthy,12,3,4,4.232638888888889,0.75,0.8,0.7741935483870968,0.7087776866283838,48.083333333333336,43.5,"[55.0, 56.0, 91.0, 42.0, 42.0, 45.0, 31.0, 45.0, 32.0, 33.0, 65.0, 40.0]",
CGMacros-009,prediabetes,native,1998.5621392268895,22,75,15,cross,0,healthy,12,10,4,4.232638888888889,0.75,0.5454545454545454,0.631578947368421,2.3625922887612796,32.5,40.0,"[55.0, 55.0, 30.0, 40.0, 40.0, 45.0, 30.0, -70.0, 30.0, 30.0, 65.0, 40.0]",95.0
CGMacros-009,prediabetes,C05,3292.307517513673,27,72,15,grouped,0,prediabetes,12,3,4,4.232638888888889,0.75,0.8,0.7741935483870968,0.7087776866283838,54.333333333333336,51.0,"[65.0, 61.0, 96.0, 52.0, 47.0, 55.0, 36.0, 50.0, 37.0, 38.0, 70.0, 45.0]",
CGMacros-009,prediabetes,C05-15,3292.307517513673,27,72,15,grouped,0,prediabetes,12,3,4,4.232638888888889,0.75,0.8,0.7741935483870968,0.7087776866283838,54.333333333333336,51.0,"[65.0, 61.0, 96.0, 52.0, 47.0, 55.0, 36.0, 50.0, 37.0, 38.0, 70.0, 45.0]",
CGMacros-009,prediabetes,native,3292.307517513673,27,72,15,grouped,0,prediabetes,9,13,7,4.232638888888889,0.5625,0.4090909090909091,0.47368421052631576,3.0713699753896635,16.666666666666668,35.0,"[35.0, 50.0, 45.0, 55.0, 35.0, -60.0, 35.0, 35.0, -80.0]",100.0
CGMacros-009,prediabetes,C05,6920.598048654705,32,69,14,cross,0,T2D,11,1,5,4.232638888888889,0.6875,0.9166666666666666,0.7857142857142857,0.23625922887612796,30.90909090909091,27.0,"[40.0, 41.0, 66.0, 27.0, 22.0, 35.0, 6.0, 25.0, 13.0, 45.0, 20.0]",
CGMacros-009,prediabetes,C05-15,6920.598048654705,32,69,14,cross,0,T2D,11,1,5,4.232638888888889,0.6875,0.9166666666666666,0.7857142857142857,0.23625922887612796,30.90909090909091,27.0,"[40.0, 41.0, 66.0, 27.0, 22.0, 35.0, 6.0, 25.0, 13.0, 45.0, 20.0]",
CGMacros-009,prediabetes,native,6920.598048654705,32,69,14,cross,0,T2D,10,6,6,4.232638888888889,0.625,0.625,0.625,1.4175553732567676,11.5,20.0,"[40.0, 40.0, 5.0, 25.0, 20.0, 35.0, 5.0, -85.0, 10.0, 20.0]",100.0
CGMacros-009,prediabetes,C05,3648.963997866671,27,216,44,mixT_grpTH,0,all,12,2,4,4.232638888888889,0.75,0.8571428571428571,0.8,0.4725184577522559,44.333333333333336,41.0,"[55.0, 51.0, 86.0, 42.0, 37.0, 45.0, 26.0, 40.0, 27.0, 28.0, 60.0, 35.0]",
CGMacros-009,prediabetes,C05-15,3648.963997866671,27,216,44,mixT_grpTH,0,all,12,2,4,4.232638888888889,0.75,0.8571428571428571,0.8,0.4725184577522559,44.333333333333336,41.0,"[55.0, 51.0, 86.0, 42.0, 37.0, 45.0, 26.0, 40.0, 27.0, 28.0, 60.0, 35.0]",
CGMacros-009,prediabetes,native,3648.963997866671,27,216,44,mixT_grpTH,0,all,11,6,5,4.232638888888889,0.6875,0.6470588235294118,0.6666666666666666,1.4175553732567676,26.363636363636363,35.0,"[55.0, 50.0, 25.0, 40.0, 35.0, 45.0, 25.0, -70.0, 25.0, 25.0, 35.0]",100.0
CGMacros-010,prediabetes,C05,3547.4029642746573,27,216,44,mixed,0,all,3,6,10,4.052083333333333,0.23076923076923078,0.3333333333333333,0.2727272727272727,1.4807197943444732,37.333333333333336,1.0,"[1.0, 0.0, 111.0]",
CGMacros-010,prediabetes,C05-15,3547.4029642746573,27,216,44,mixed,0,all,5,4,8,4.052083333333333,0.38461538461538464,0.5555555555555556,0.45454545454545453,0.9871465295629821,20.8,0.0,"[1.0, -4.0, 0.0, -4.0, 111.0]",
CGMacros-010,prediabetes,native,3547.4029642746573,27,216,44,mixed,0,all,10,2,6,4.052083333333333,0.625,0.8333333333333334,0.7142857142857143,0.49357326478149105,-19.5,-5.0,"[0.0, -5.0, -5.0, 0.0, -5.0, -5.0, -60.0, -25.0, -65.0, -25.0]",60.0
CGMacros-010,prediabetes,C05,1998.5621392268895,22,75,15,cross,0,healthy,7,4,6,4.052083333333333,0.5384615384615384,0.6363636363636364,0.5833333333333334,0.9871465295629821,34.285714285714285,1.0,"[1.0, 1.0, 0.0, 1.0, 67.0, 59.0, 111.0]",
CGMacros-010,prediabetes,C05-15,1998.5621392268895,22,75,15,cross,0,healthy,7,6,6,4.052083333333333,0.5384615384615384,0.5384615384615384,0.5384615384615384,1.4807197943444732,6.428571428571429,1.0,"[1.0, 1.0, 0.0, 1.0, 67.0, -11.0, -14.0]",
CGMacros-010,prediabetes,native,1998.5621392268895,22,75,15,cross,0,healthy,13,3,3,4.052083333333333,0.8125,0.8125,0.8125,0.7403598971722366,-18.46153846153846,-15.0,"[0.0, 0.0, -5.0, 0.0, -10.0, 0.0, -55.0, -30.0, -20.0, -65.0, -15.0, -15.0, -25.0]",40.0
CGMacros-010,prediabetes,C05,3776.5064135974135,28,72,15,grouped,0,prediabetes,4,6,9,4.052083333333333,0.3076923076923077,0.4,0.34782608695652173,1.4807197943444732,29.5,3.5,"[6.0, 1.0, 0.0, 111.0]",
CGMacros-010,prediabetes,C05-15,3776.5064135974135,28,72,15,grouped,0,prediabetes,5,5,8,4.052083333333333,0.38461538461538464,0.5,0.43478260869565216,1.2339331619537275,22.8,1.0,"[6.0, 1.0, 0.0, -4.0, 111.0]",
CGMacros-010,prediabetes,native,3776.5064135974135,28,72,15,grouped,0,prediabetes,11,2,5,4.052083333333333,0.6875,0.8461538461538461,0.7586206896551724,0.49357326478149105,-17.727272727272727,-5.0,"[5.0, 0.0, -5.0, 0.0, 0.0, -5.0, -60.0, -25.0, -65.0, -20.0, -20.0]",65.0
CGMacros-010,prediabetes,C05,6920.598048654705,32,69,14,cross,0,T2D,1,7,12,4.052083333333333,0.07692307692307693,0.125,0.09523809523809523,1.7275064267352187,54.0,54.0,[54.0],
CGMacros-010,prediabetes,C05-15,6920.598048654705,32,69,14,cross,0,T2D,4,4,9,4.052083333333333,0.3076923076923077,0.5,0.38095238095238093,0.9871465295629821,2.75,-14.0,"[-14.0, -14.0, -15.0, 54.0]",
CGMacros-010,prediabetes,native,6920.598048654705,32,69,14,cross,0,T2D,10,4,6,4.052083333333333,0.625,0.7142857142857143,0.6666666666666666,0.9871465295629821,-33.5,-22.5,"[-15.0, -15.0, -20.0, -15.0, -10.0, -25.0, -75.0, -45.0, -80.0, -35.0]",57.5
CGMacros-010,prediabetes,C05,3747.116903104288,27,216,44,mixT_grpTH,0,all,3,5,10,4.052083333333333,0.23076923076923078,0.375,0.2857142857142857,1.2339331619537275,37.333333333333336,1.0,"[1.0, 0.0, 111.0]",
CGMacros-010,prediabetes,C05-15,3747.116903104288,27,216,44,mixT_grpTH,0,all,5,3,8,4.052083333333333,0.38461538461538464,0.625,0.47619047619047616,0.7403598971722366,20.8,0.0,"[1.0, -4.0, 0.0, -4.0, 111.0]",
CGMacros-010,prediabetes,native,3747.116903104288,27,216,44,mixT_grpTH,0,all,10,1,6,4.052083333333333,0.625,0.9090909090909091,0.7407407407407407,0.24678663239074553,-19.5,-5.0,"[0.0, -5.0, -5.0, 0.0, -5.0, -5.0, -60.0, -25.0, -65.0, -25.0]",60.0
CGMacros-011,prediabetes,C05,3570.9309957145197,27,216,44,mixed,0,all,1,10,12,3.875,0.07692307692307693,0.09090909090909091,0.08333333333333333,2.5806451612903225,49.0,49.0,[49.0],
CGMacros-011,prediabetes,C05-15,3570.9309957145197,27,216,44,mixed,0,all,4,7,9,3.875,0.3076923076923077,0.36363636363636365,0.3333333333333333,1.8064516129032258,3.75,-9.5,"[49.0, -15.0, -15.0, -4.0]",
CGMacros-011,prediabetes,native,3570.9309957145197,27,216,44,mixed,0,all,11,2,3,3.875,0.7857142857142857,0.8461538461538461,0.8148148148148148,0.5161290322580645,-22.272727272727273,-20.0,"[45.0, -35.0, -80.0, -25.0, -15.0, -20.0, -15.0, -5.0, -25.0, -50.0, -20.0]",45.0
CGMacros-011,prediabetes,C05,1998.5621392268895,22,75,15,cross,0,healthy,2,11,11,3.875,0.15384615384615385,0.15384615384615385,0.15384615384615385,2.838709677419355,79.5,79.5,"[54.0, 105.0]",
CGMacros-011,prediabetes,C05-15,1998.5621392268895,22,75,15,cross,0,healthy,5,7,8,3.875,0.38461538461538464,0.4166666666666667,0.4,1.8064516129032258,2.0,-10.0,"[54.0, -15.0, -10.0, -4.0, -15.0]",
CGMacros-011,prediabetes,native,1998.5621392268895,22,75,15,cross,0,healthy,10,5,4,3.875,0.7142857142857143,0.6666666666666666,0.6896551724137931,1.2903225806451613,-25.5,-20.0,"[-65.0, -35.0, -20.0, -15.0, -20.0, -10.0, -5.0, -25.0, -45.0, -15.0]",35.0
CGMacros-011,prediabetes,C05,3507.694598296399,27,72,15,grouped,0,prediabetes,3,10,10,3.875,0.23076923076923078,0.23076923076923078,0.23076923076923078,2.5806451612903225,58.333333333333336,59.0,"[59.0, 110.0, 6.0]",
CGMacros-011,prediabetes,C05-15,3507.694598296399,27,72,15,grouped,0,prediabetes,8,4,5,3.875,0.6153846153846154,0.6666666666666666,0.64,1.032258064516129,1.875,-5.5,"[59.0, -13.0, -5.0, -6.0, -5.0, 6.0, -11.0, -10.0]",
CGMacros-011,prediabetes,native,3507.694598296399,27,72,15,grouped,0,prediabetes,11,4,3,3.875,0.7857142857142857,0.7333333333333333,0.7586206896551724,1.032258064516129,-22.272727272727273,-15.0,"[-55.0, -25.0, -70.0, -15.0, -5.0, -10.0, -5.0, 5.0, -15.0, -40.0, -10.0]",50.0
CGMacros-011,prediabetes,C05,5800.487283279988,32,69,14,cross,0,T2D,1,9,12,3.875,0.07692307692307693,0.1,0.08695652173913043,2.3225806451612905,34.0,34.0,[34.0],
CGMacros-011,prediabetes,C05-15,5800.487283279988,32,69,14,cross,0,T2D,1,9,12,3.875,0.07692307692307693,0.1,0.08695652173913043,2.3225806451612905,34.0,34.0,[34.0],
CGMacros-011,prediabetes,native,5800.487283279988,32,69,14,cross,0,T2D,12,1,2,3.875,0.8571428571428571,0.9230769230769231,0.8888888888888888,0.25806451612903225,-40.0,-37.5,"[30.0, -60.0, -90.0, -40.0, -50.0, -35.0, -35.0, -35.0, -25.0, -45.0, -60.0, -35.0]",42.5
CGMacros-011,prediabetes,C05,3508.969045818365,27,216,44,mixT_grpTH,0,all,1,10,12,3.875,0.07692307692307693,0.09090909090909091,0.08333333333333333,2.5806451612903225,49.0,49.0,[49.0],
CGMacros-011,prediabetes,C05-15,3508.969045818365,27,216,44,mixT_grpTH,0,all,4,7,9,3.875,0.3076923076923077,0.36363636363636365,0.3333333333333333,1.8064516129032258,3.75,-9.5,"[49.0, -15.0, -15.0, -4.0]",
CGMacros-011,prediabetes,native,3508.969045818365,27,216,44,mixT_grpTH,0,all,11,2,3,3.875,0.7857142857142857,0.8461538461538461,0.8148148148148148,0.5161290322580645,-22.272727272727273,-20.0,"[45.0, -35.0, -80.0, -25.0, -15.0, -20.0, -15.0, -5.0, -25.0, -50.0, -20.0]",45.0
CGMacros-012,T2D,C05,3455.126108605342,27,216,44,mixed,0,all,4,6,7,3.8159722222222223,0.36363636363636365,0.4,0.38095238095238093,1.5723384895359418,14.25,13.0,"[9.0, 17.0, 23.0, 8.0]",
CGMacros-012,T2D,C05-15,3455.126108605342,27,216,44,mixed,0,all,8,2,3,3.8159722222222223,0.7272727272727273,0.8,0.7619047619047619,0.5241128298453139,2.75,1.5,"[9.0, -13.0, -5.0, 17.0, 23.0, -7.0, 8.0, -10.0]",
CGMacros-012,T2D,native,3455.126108605342,27,216,44,mixed,0,all,10,3,2,3.8159722222222223,0.8333333333333334,0.7692307692307693,0.8,0.7861692447679709,-2.0,-2.5,"[5.0, 0.0, -15.0, -5.0, 15.0, -25.0, 20.0, -10.0, 5.0, -10.0]",62.5
CGMacros-012,T2D,C05,3384.2856400866294,22,75,15,cross,0,healthy,4,4,7,3.8159722222222223,0.36363636363636365,0.5,0.42105263157894735,1.0482256596906279,15.5,15.0,"[9.0, 17.0, 23.0, 13.0]",
CGMacros-012,T2D,C05-15,3384.2856400866294,22,75,15,cross,0,healthy,7,1,4,3.8159722222222223,0.6363636363636364,0.875,0.7368421052631579,0.26205641492265697,6.0,9.0,"[9.0, -8.0, 17.0, 23.0, -2.0, 13.0, -10.0]",
CGMacros-012,T2D,native,3384.2856400866294,22,75,15,cross,0,healthy,9,0,3,3.8159722222222223,0.75,1.0,0.8571428571428571,0.0,1.1111111111111112,5.0,"[5.0, 5.0, -10.0, 15.0, -20.0, 20.0, -5.0, 10.0, -10.0]",60.0
CGMacros-012,T2D,C05,6146.5411504187505,27,77,16,cross,0,prediabetes,6,3,5,3.8159722222222223,0.5454545454545454,0.6666666666666666,0.6,0.7861692447679709,16.666666666666668,18.5,"[19.0, 27.0, 33.0, 3.0, 18.0, 0.0]",
CGMacros-012,T2D,C05-15,6146.5411504187505,27,77,16,cross,0,prediabetes,8,1,3,3.8159722222222223,0.7272727272727273,0.8888888888888888,0.8,0.26205641492265697,11.0,10.5,"[19.0, -3.0, 27.0, -9.0, 33.0, 3.0, 18.0, 0.0]",
CGMacros-012,T2D,native,6146.5411504187505,27,77,16,cross,0,prediabetes,9,1,3,3.8159722222222223,0.75,0.9,0.8181818181818182,0.26205641492265697,8.88888888888889,10.0,"[15.0, 10.0, -5.0, 25.0, -10.0, 30.0, 0.0, 15.0, 0.0]",75.0
CGMacros-012,T2D,C05,11915.572279278203,33,64,13,grouped,0,T2D,0,8,11,3.8159722222222223,0.0,0.0,0.0,2.0964513193812557,,,[],
CGMacros-012,T2D,C05-15,11915.572279278203,33,64,13,grouped,0,T2D,4,4,7,3.8159722222222223,0.36363636363636365,0.5,0.42105263157894735,1.0482256596906279,-4.5,-4.5,"[-6.0, -3.0, -2.0, -7.0]",
CGMacros-012,T2D,native,11915.572279278203,33,64,13,grouped,0,T2D,8,1,4,3.8159722222222223,0.6666666666666666,0.8888888888888888,0.7619047619047619,0.26205641492265697,-19.375,-15.0,"[-10.0, -20.0, -35.0, -5.0, -5.0, -35.0, -10.0, -35.0]",65.0
CGMacros-012,T2D,C05,4462.74118892863,27,216,44,mixT_grpTH,0,all,4,6,7,3.8159722222222223,0.36363636363636365,0.4,0.38095238095238093,1.5723384895359418,14.25,13.0,"[9.0, 17.0, 23.0, 8.0]",
CGMacros-012,T2D,C05-15,4462.74118892863,27,216,44,mixT_grpTH,0,all,8,2,3,3.8159722222222223,0.7272727272727273,0.8,0.7619047619047619,0.5241128298453139,2.75,1.5,"[9.0, -13.0, -5.0, 17.0, 23.0, -7.0, 8.0, -10.0]",
CGMacros-012,T2D,native,4462.74118892863,27,216,44,mixT_grpTH,0,all,10,2,2,3.8159722222222223,0.8333333333333334,0.8333333333333334,0.8333333333333334,0.5241128298453139,-2.0,-2.5,"[5.0, 0.0, -15.0, -5.0, 15.0, -25.0, 20.0, -10.0, 5.0, -10.0]",62.5
CGMacros-013,prediabetes,C05,3406.9637523000893,27,216,44,mixed,0,all,7,8,6,3.6354166666666665,0.5384615384615384,0.4666666666666667,0.5,2.200573065902579,50.714285714285715,43.0,"[64.0, 83.0, 35.0, 34.0, 42.0, 54.0, 43.0]",
CGMacros-013,prediabetes,C05-15,3406.9637523000893,27,216,44,mixed,0,all,9,6,4,3.6354166666666665,0.6923076923076923,0.6,0.6428571428571429,1.6504297994269341,37.666666666666664,42.0,"[64.0, 83.0, 35.0, 34.0, 42.0, 54.0, -15.0, -1.0, 43.0]",
CGMacros-013,prediabetes,native,3406.9637523000893,27,216,44,mixed,0,all,11,5,4,3.6354166666666665,0.7333333333333333,0.6875,0.7096774193548387,1.3753581661891119,24.545454545454547,40.0,"[45.0, 45.0, 35.0, 40.0, 30.0, 40.0, 50.0, -15.0, -5.0, 40.0, -35.0]",105.0
CGMacros-013,prediabetes,C05,1998.5621392268895,22,75,15,cross,0,healthy,8,6,5,3.6354166666666665,0.6153846153846154,0.5714285714285714,0.5925925925925926,1.6504297994269341,47.375,44.0,"[64.0, 93.0, 40.0, 39.0, 37.0, 54.0, 4.0, 48.0]",
CGMacros-013,prediabetes,C05-15,1998.5621392268895,22,75,15,cross,0,healthy,9,5,4,3.6354166666666665,0.6923076923076923,0.6428571428571429,0.6666666666666666,1.3753581661891119,41.0,40.0,"[64.0, 93.0, 40.0, 39.0, 37.0, 54.0, -10.0, 4.0, 48.0]",
CGMacros-013,prediabetes,native,1998.5621392268895,22,75,15,cross,0,healthy,12,3,3,3.6354166666666665,0.8,0.8,0.8,0.8252148997134671,30.833333333333332,40.0,"[45.0, 60.0, 55.0, 40.0, 40.0, 35.0, 35.0, 50.0, -10.0, 0.0, 45.0, -25.0]",95.0
CGMacros-013,prediabetes,C05,3383.284800583442,27,72,15,grouped,0,prediabetes,8,7,5,3.6354166666666665,0.6153846153846154,0.5333333333333333,0.5714285714285714,1.9255014326647566,53.625,50.0,"[74.0, 93.0, 45.0, 44.0, 47.0, 64.0, 9.0, 53.0]",
CGMacros-013,prediabetes,C05-15,3383.284800583442,27,72,15,grouped,0,prediabetes,9,6,4,3.6354166666666665,0.6923076923076923,0.6,0.6428571428571429,1.6504297994269341,47.111111111111114,47.0,"[74.0, 93.0, 45.0, 44.0, 47.0, 64.0, -5.0, 9.0, 53.0]",
CGMacros-013,prediabetes,native,3383.284800583442,27,72,15,grouped,0,prediabetes,9,7,6,3.6354166666666665,0.6,0.5625,0.5806451612903226,1.9255014326647566,37.77777777777778,45.0,"[55.0, 55.0, 45.0, 50.0, 40.0, 45.0, -5.0, 5.0, 50.0]",110.0
CGMacros-013,prediabetes,C05,5800.487283279988,32,69,14,cross,0,T2D,7,8,6,3.6354166666666665,0.5384615384615384,0.4666666666666667,0.5,2.200573065902579,35.0,37.0,"[49.0, 58.0, 10.0, 19.0, 37.0, 44.0, 28.0]",
CGMacros-013,prediabetes,C05-15,5800.487283279988,32,69,14,cross,0,T2D,7,8,6,3.6354166666666665,0.5384615384615384,0.4666666666666667,0.5,2.200573065902579,35.0,37.0,"[49.0, 58.0, 10.0, 19.0, 37.0, 44.0, 28.0]",
CGMacros-013,prediabetes,native,5800.487283279988,32,69,14,cross,0,T2D,10,5,5,3.6354166666666665,0.6666666666666666,0.6666666666666666,0.6666666666666666,1.3753581661891119,14.5,22.5,"[25.0, 20.0, 10.0, 30.0, 15.0, 35.0, 40.0, -35.0, -20.0, 25.0]",102.5
CGMacros-013,prediabetes,C05,3067.678025426314,27,216,44,mixT_grpTH,0,all,7,8,6,3.6354166666666665,0.5384615384615384,0.4666666666666667,0.5,2.200573065902579,50.714285714285715,43.0,"[64.0, 83.0, 35.0, 34.0, 42.0, 54.0, 43.0]",
CGMacros-013,prediabetes,C05-15,3067.678025426314,27,216,44,mixT_grpTH,0,all,9,6,4,3.6354166666666665,0.6923076923076923,0.6,0.6428571428571429,1.6504297994269341,37.666666666666664,42.0,"[64.0, 83.0, 35.0, 34.0, 42.0, 54.0, -15.0, -1.0, 43.0]",
CGMacros-013,prediabetes,native,3067.678025426314,27,216,44,mixT_grpTH,0,all,11,5,4,3.6354166666666665,0.7333333333333333,0.6875,0.7096774193548387,1.3753581661891119,24.545454545454547,40.0,"[45.0, 45.0, 35.0, 40.0, 30.0, 40.0, 50.0, -15.0, -5.0, 40.0, -35.0]",105.0
CGMacros-014,T2D,C05,3573.8856626946144,27,216,44,mixed,0,all,4,7,8,3.7430555555555554,0.3333333333333333,0.36363636363636365,0.34782608695652173,1.8701298701298703,42.25,31.0,"[105.0, 3.0, 2.0, 59.0]",
CGMacros-014,T2D,C05-15,3573.8856626946144,27,216,44,mixed,0,all,6,4,6,3.7430555555555554,0.5,0.6,0.5454545454545454,1.0686456400742115,5.5,0.0,"[-2.0, -15.0, 3.0, -14.0, 2.0, 59.0]",
CGMacros-014,T2D,native,3573.8856626946144,27,216,44,mixed,0,all,12,0,2,3.7430555555555554,0.8571428571428571,1.0,0.9230769230769231,0.0,-4.583333333333333,-15.0,"[-20.0, 45.0, -30.0, -5.0, -15.0, -20.0, -25.0, 0.0, -15.0, -25.0, 0.0, 55.0]",50.0
CGMacros-014,T2D,C05,3384.2856400866294,22,75,15,cross,0,healthy,2,5,10,3.7430555555555554,0.16666666666666666,0.2857142857142857,0.21052631578947367,1.3358070500927643,30.5,30.5,"[2.0, 59.0]",
CGMacros-014,T2D,C05-15,3384.2856400866294,22,75,15,cross,0,healthy,4,3,8,3.7430555555555554,0.3333333333333333,0.5714285714285714,0.42105263157894735,0.8014842300556587,10.0,-3.5,"[-12.0, -9.0, 2.0, 59.0]",
CGMacros-014,T2D,native,3384.2856400866294,22,75,15,cross,0,healthy,8,0,6,3.7430555555555554,0.5714285714285714,1.0,0.7272727272727273,0.0,1.875,-12.5,"[-15.0, 50.0, -25.0, -20.0, -10.0, -20.0, 0.0, 55.0]",42.5
CGMacros-014,T2D,C05,6691.664222005977,27,77,16,cross,0,prediabetes,3,4,9,3.7430555555555554,0.25,0.42857142857142855,0.3157894736842105,1.0686456400742115,27.333333333333332,12.0,"[1.0, 12.0, 69.0]",
CGMacros-014,T2D,C05-15,6691.664222005977,27,77,16,cross,0,prediabetes,6,1,6,3.7430555555555554,0.5,0.8571428571428571,0.631578947368421,0.26716141001855287,9.166666666666666,-3.0,"[-7.0, -7.0, 1.0, -13.0, 12.0, 69.0]",
CGMacros-014,T2D,native,6691.664222005977,27,77,16,cross,0,prediabetes,6,2,8,3.7430555555555554,0.42857142857142855,0.75,0.5454545454545454,0.5343228200371057,-7.5,-10.0,"[-10.0, -20.0, -10.0, 0.0, -15.0, 10.0]",55.0
CGMacros-014,T2D,C05,11970.513117957657,33,64,13,grouped,0,T2D,2,6,10,3.7430555555555554,0.16666666666666666,0.25,0.2,1.6029684601113174,38.5,38.5,"[28.0, 49.0]",
CGMacros-014,T2D,C05-15,11970.513117957657,33,64,13,grouped,0,T2D,3,5,9,3.7430555555555554,0.25,0.375,0.3,1.3358070500927643,21.333333333333332,28.0,"[28.0, -13.0, 49.0]",
CGMacros-014,T2D,native,11970.513117957657,33,64,13,grouped,0,T2D,8,1,6,3.7430555555555554,0.5714285714285714,0.8888888888888888,0.6956521739130435,0.26716141001855287,-30.625,-37.5,"[-40.0, 25.0, -55.0, -30.0, -45.0, -35.0, -50.0, -15.0]",42.5
CGMacros-014,T2D,C05,6724.481570119355,27,216,44,mixT_grpTH,0,all,2,5,10,3.7430555555555554,0.16666666666666666,0.2857142857142857,0.21052631578947367,1.3358070500927643,30.5,30.5,"[2.0, 59.0]",
CGMacros-014,T2D,C05-15,6724.481570119355,27,216,44,mixT_grpTH,0,all,3,4,9,3.7430555555555554,0.25,0.42857142857142855,0.3157894736842105,1.0686456400742115,15.666666666666666,2.0,"[-14.0, 2.0, 59.0]",
CGMacros-014,T2D,native,6724.481570119355,27,216,44,mixT_grpTH,0,all,8,0,6,3.7430555555555554,0.5714285714285714,1.0,0.7272727272727273,0.0,-1.875,-17.5,"[-20.0, 45.0, -30.0, -25.0, -15.0, -25.0, 0.0, 55.0]",47.5
CGMacros-015,healthy,C05,3559.577787864775,27,216,44,mixed,0,all,3,5,13,3.5972222222222223,0.1875,0.375,0.25,1.3899613899613898,55.0,68.0,"[68.0, 96.0, 1.0]",
CGMacros-015,healthy,C05-15,3559.577787864775,27,216,44,mixed,0,all,4,4,12,3.5972222222222223,0.25,0.5,0.3333333333333333,1.111969111969112,38.75,34.5,"[-10.0, 68.0, 96.0, 1.0]",
CGMacros-015,healthy,native,3559.577787864775,27,216,44,mixed,0,all,10,0,8,3.5972222222222223,0.5555555555555556,1.0,0.7142857142857143,0.0,-14.5,-10.0,"[-40.0, -30.0, -10.0, -30.0, 0.0, 0.0, -5.0, -20.0, 0.0, -10.0]",55.0
CGMacros-015,healthy,C05,1333.5528973806613,22,70,14,grouped,0,healthy,5,6,11,3.5972222222222223,0.3125,0.45454545454545453,0.37037037037037035,1.667953667953668,66.4,80.0,"[80.0, 68.0, 96.0, 6.0, 82.0]",
CGMacros-015,healthy,C05-15,1333.5528973806613,22,70,14,grouped,0,healthy,6,4,10,3.5972222222222223,0.375,0.6,0.46153846153846156,1.111969111969112,40.166666666666664,37.0,"[-5.0, 68.0, 96.0, -6.0, 6.0, 82.0]",
CGMacros-015,healthy,native,1333.5528973806613,22,70,14,grouped,0,healthy,13,0,5,3.5972222222222223,0.7222222222222222,1.0,0.8387096774193549,0.0,-15.384615384615385,-10.0,"[-30.0, -25.0, -25.0, -5.0, -60.0, -30.0, 0.0, 0.0, -5.0, -10.0, 5.0, -5.0, -10.0]",45.0
CGMacros-015,healthy,C05,2241.3066671430643,27,77,16,cross,0,prediabetes,5,5,11,3.5972222222222223,0.3125,0.5,0.38461538461538464,1.3899613899613898,54.4,73.0,"[0.0, 73.0, 101.0, 11.0, 87.0]",
CGMacros-015,healthy,C05-15,2241.3066671430643,27,77,16,cross,0,prediabetes,7,3,9,3.5972222222222223,0.4375,0.7,0.5384615384615384,0.833976833976834,36.285714285714285,11.0,"[-12.0, 0.0, 73.0, 101.0, -6.0, 11.0, 87.0]",
CGMacros-015,healthy,native,2241.3066671430643,27,77,16,cross,0,prediabetes,13,0,5,3.5972222222222223,0.7222222222222222,1.0,0.8387096774193549,0.0,-9.23076923076923,0.0,"[-30.0, -20.0, -15.0, 0.0, -50.0, -20.0, 5.0, 5.0, 5.0, -10.0, 10.0, 0.0, 0.0]",65.0
CGMacros-015,healthy,C05,4740.471435005718,32,69,14,cross,0,T2D,2,6,14,3.5972222222222223,0.125,0.25,0.16666666666666666,1.667953667953668,69.5,69.5,"[58.0, 81.0]",
CGMacros-015,healthy,C05-15,4740.471435005718,32,69,14,cross,0,T2D,2,6,14,3.5972222222222223,0.125,0.25,0.16666666666666666,1.667953667953668,69.5,69.5,"[58.0, 81.0]",
CGMacros-015,healthy,native,4740.471435005718,32,69,14,cross,0,T2D,10,0,8,3.5972222222222223,0.5555555555555556,1.0,0.7142857142857143,0.0,-30.0,-25.0,"[-55.0, -50.0, -25.0, -40.0, -10.0, -15.0, -20.0, -40.0, -20.0, -25.0]",55.0
CGMacros-015,healthy,C05,1800.0725443790943,27,216,44,mixT_grpTH,0,all,5,6,11,3.5972222222222223,0.3125,0.45454545454545453,0.37037037037037035,1.667953667953668,69.6,77.0,"[106.0, 68.0, 96.0, 1.0, 77.0]",
CGMacros-015,healthy,C05-15,1800.0725443790943,27,216,44,mixT_grpTH,0,all,6,5,10,3.5972222222222223,0.375,0.5454545454545454,0.4444444444444444,1.3899613899613898,56.333333333333336,72.5,"[106.0, -10.0, 68.0, 96.0, 1.0, 77.0]",
CGMacros-015,healthy,native,1800.0725443790943,27,216,44,mixT_grpTH,0,all,12,3,6,3.5972222222222223,0.6666666666666666,0.8,0.7272727272727273,0.833976833976834,-15.0,-10.0,"[-40.0, -30.0, -25.0, -10.0, -30.0, 0.0, 0.0, -5.0, -20.0, 0.0, -10.0, -10.0]",55.0
CGMacros-016,prediabetes,C05,3572.48499103171,27,216,44,mixed,0,all,2,9,9,3.236111111111111,0.18181818181818182,0.18181818181818182,0.18181818181818182,2.781115879828326,48.0,48.0,"[63.0, 33.0]",
CGMacros-016,prediabetes,C05-15,3572.48499103171,27,216,44,mixed,0,all,3,8,8,3.236111111111111,0.2727272727272727,0.2727272727272727,0.2727272727272727,2.4721030042918453,27.0,33.0,"[63.0, -15.0, 33.0]",
CGMacros-016,prediabetes,native,3572.48499103171,27,216,44,mixed,0,all,8,4,3,3.236111111111111,0.7272727272727273,0.6666666666666666,0.6956521739130435,1.2360515021459226,-30.625,-25.0,"[-30.0, -25.0, -25.0, -25.0, -25.0, -30.0, -15.0, -70.0]",40.0
CGMacros-016,prediabetes,C05,1998.5621392268895,22,75,15,cross,0,healthy,2,8,9,3.236111111111111,0.18181818181818182,0.2,0.19047619047619047,2.4721030042918453,50.5,50.5,"[73.0, 28.0]",
CGMacros-016,prediabetes,C05-15,1998.5621392268895,22,75,15,cross,0,healthy,3,7,8,3.236111111111111,0.2727272727272727,0.3,0.2857142857142857,2.163090128755365,30.333333333333332,28.0,"[73.0, -10.0, 28.0]",
CGMacros-016,prediabetes,native,1998.5621392268895,22,75,15,cross,0,healthy,7,4,4,3.236111111111111,0.6363636363636364,0.6363636363636364,0.6363636363636364,1.2360515021459226,-26.428571428571427,-20.0,"[-25.0, -20.0, -20.0, -20.0, -25.0, -10.0, -65.0]",35.0
CGMacros-016,prediabetes,C05,3835.2518460501014,28,72,15,grouped,0,prediabetes,2,9,9,3.236111111111111,0.18181818181818182,0.18181818181818182,0.18181818181818182,2.781115879828326,50.5,50.5,"[68.0, 33.0]",
CGMacros-016,prediabetes,C05-15,3835.2518460501014,28,72,15,grouped,0,prediabetes,3,8,8,3.236111111111111,0.2727272727272727,0.2727272727272727,0.2727272727272727,2.4721030042918453,28.666666666666668,33.0,"[68.0, -15.0, 33.0]",
CGMacros-016,prediabetes,native,3835.2518460501014,28,72,15,grouped,0,prediabetes,8,4,3,3.236111111111111,0.7272727272727273,0.6666666666666666,0.6956521739130435,1.2360515021459226,-29.375,-25.0,"[-25.0, -25.0, -25.0, -25.0, -20.0, -30.0, -15.0, -70.0]",45.0
CGMacros-016,prediabetes,C05,5800.487283279988,32,69,14,cross,0,T2D,2,8,9,3.236111111111111,0.18181818181818182,0.2,0.19047619047619047,2.4721030042918453,33.0,33.0,"[43.0, 23.0]",
CGMacros-016,prediabetes,C05-15,5800.487283279988,32,69,14,cross,0,T2D,2,8,9,3.236111111111111,0.18181818181818182,0.2,0.19047619047619047,2.4721030042918453,33.0,33.0,"[43.0, 23.0]",
CGMacros-016,prediabetes,native,5800.487283279988,32,69,14,cross,0,T2D,8,4,3,3.236111111111111,0.7272727272727273,0.6666666666666666,0.6956521739130435,1.2360515021459226,-47.5,-42.5,"[-45.0, -50.0, -40.0, -40.0, -40.0, -45.0, -30.0, -90.0]",37.5
CGMacros-016,prediabetes,C05,3239.663709068587,27,216,44,mixT_grpTH,0,all,2,9,9,3.236111111111111,0.18181818181818182,0.18181818181818182,0.18181818181818182,2.781115879828326,48.0,48.0,"[63.0, 33.0]",
CGMacros-016,prediabetes,C05-15,3239.663709068587,27,216,44,mixT_grpTH,0,all,3,8,8,3.236111111111111,0.2727272727272727,0.2727272727272727,0.2727272727272727,2.4721030042918453,27.0,33.0,"[63.0, -15.0, 33.0]",
CGMacros-016,prediabetes,native,3239.663709068587,27,216,44,mixT_grpTH,0,all,8,4,3,3.236111111111111,0.7272727272727273,0.6666666666666666,0.6956521739130435,1.2360515021459226,-30.625,-25.0,"[-30.0, -25.0, -25.0, -25.0, -25.0, -30.0, -15.0, -70.0]",40.0
CGMacros-017,healthy,C05,3551.7102993172484,27,216,44,mixed,0,all,2,6,12,4.253472222222222,0.14285714285714285,0.25,0.18181818181818182,1.4106122448979592,50.5,50.5,"[9.0, 92.0]",
CGMacros-017,healthy,C05-15,3551.7102993172484,27,216,44,mixed,0,all,4,4,10,4.253472222222222,0.2857142857142857,0.5,0.36363636363636365,0.9404081632653061,20.25,2.0,"[-5.0, 9.0, 92.0, -15.0]",
CGMacros-017,healthy,native,3551.7102993172484,27,216,44,mixed,0,all,8,2,8,4.253472222222222,0.5,0.8,0.6153846153846154,0.47020408163265304,-18.125,-22.5,"[-5.0, 5.0, -25.0, -30.0, -25.0, -20.0, -30.0, -15.0]",42.5
CGMacros-017,healthy,C05,1283.7821883871002,21,70,14,grouped,0,healthy,8,6,6,4.253472222222222,0.5714285714285714,0.5714285714285714,0.5714285714285714,1.4106122448979592,50.25,46.5,"[10.0, 24.0, 69.0, 102.0, 88.0, 15.0, 0.0, 94.0]",
CGMacros-017,healthy,C05-15,1283.7821883871002,21,70,14,grouped,0,healthy,9,3,5,4.253472222222222,0.6428571428571429,0.75,0.6923076923076923,0.7053061224489796,24.22222222222222,10.0,"[10.0, 24.0, -11.0, 102.0, -2.0, 15.0, -14.0, 0.0, 94.0]",
CGMacros-017,healthy,native,1283.7821883871002,21,70,14,grouped,0,healthy,12,10,4,4.253472222222222,0.75,0.5454545454545454,0.631578947368421,2.351020408163265,-6.666666666666667,-12.5,"[10.0, 20.0, -10.0, -15.0, -20.0, -15.0, -5.0, 15.0, -20.0, -15.0, 0.0, -25.0]",37.5
CGMacros-017,healthy,C05,2241.3066671430643,27,77,16,cross,0,prediabetes,7,5,7,4.253472222222222,0.5,0.5833333333333334,0.5384615384615384,1.1755102040816325,46.857142857142854,19.0,"[5.0, 19.0, 107.0, 93.0, 15.0, 0.0, 89.0]",
CGMacros-017,healthy,C05-15,2241.3066671430643,27,77,16,cross,0,prediabetes,7,4,7,4.253472222222222,0.5,0.6363636363636364,0.56,0.9404081632653061,32.57142857142857,15.0,"[5.0, 19.0, 107.0, -7.0, 15.0, 0.0, 89.0]",
CGMacros-017,healthy,native,2241.3066671430643,27,77,16,cross,0,prediabetes,11,7,5,4.253472222222222,0.6875,0.6111111111111112,0.6470588235294118,1.6457142857142857,-8.181818181818182,-10.0,"[5.0, 15.0, -15.0, -20.0, -10.0, -10.0, 15.0, -20.0, -20.0, 0.0, -30.0]",55.0
CGMacros-017,healthy,C05,4740.471435005718,32,69,14,cross,0,T2D,3,7,11,4.253472222222222,0.21428571428571427,0.3,0.25,1.6457142857142857,83.0,72.0,"[72.0, 113.0, 64.0]",
CGMacros-017,healthy,C05-15,4740.471435005718,32,69,14,cross,0,T2D,4,6,10,4.253472222222222,0.2857142857142857,0.4,0.3333333333333333,1.4106122448979592,60.75,68.0,"[-6.0, 72.0, 113.0, 64.0]",
CGMacros-017,healthy,native,4740.471435005718,32,69,14,cross,0,T2D,10,3,6,4.253472222222222,0.625,0.7692307692307693,0.6896551724137931,0.7053061224489796,-39.5,-45.0,"[-25.0, -10.0, -40.0, -50.0, -45.0, -45.0, -45.0, -50.0, -30.0, -55.0]",35.0
CGMacros-017,healthy,C05,2117.535631381681,27,216,44,mixT_grpTH,0,all,4,8,10,4.253472222222222,0.2857142857142857,0.3333333333333333,0.3076923076923077,1.8808163265306121,65.75,81.0,"[9.0, 92.0, 83.0, 79.0]",
CGMacros-017,healthy,C05-15,2117.535631381681,27,216,44,mixT_grpTH,0,all,6,6,8,4.253472222222222,0.42857142857142855,0.5,0.46153846153846156,1.4106122448979592,40.5,44.0,"[-5.0, 9.0, 92.0, 83.0, -15.0, 79.0]",
CGMacros-017,healthy,native,2117.535631381681,27,216,44,mixT_grpTH,0,all,10,6,6,4.253472222222222,0.625,0.625,0.625,1.4106122448979592,-21.5,-25.0,"[-5.0, 5.0, -25.0, -30.0, -25.0, -20.0, -30.0, -30.0, -15.0, -40.0]",40.0
CGMacros-018,healthy,C05,3632.1156073265993,27,216,44,mixed,0,all,0,11,13,4.381944444444445,0.0,0.0,0.0,2.5103011093502374,,,[],
CGMacros-018,healthy,C05-15,3632.1156073265993,27,216,44,mixed,0,all,0,11,13,4.381944444444445,0.0,0.0,0.0,2.5103011093502374,,,[],
CGMacros-018,healthy,native,3632.1156073265993,27,216,44,mixed,0,all,9,5,5,4.381944444444445,0.6428571428571429,0.6428571428571429,0.6428571428571429,1.1410459587955626,-31.11111111111111,-30.0,"[-20.0, -40.0, -25.0, -20.0, -55.0, -30.0, -25.0, -30.0, -35.0]",35.0
CGMacros-018,healthy,C05,1252.2310771162156,23,70,14,grouped,0,healthy,3,14,10,4.381944444444445,0.23076923076923078,0.17647058823529413,0.2,3.194928684627575,39.333333333333336,32.0,"[32.0, 58.0, 28.0]",
CGMacros-018,healthy,C05-15,1252.2310771162156,23,70,14,grouped,0,healthy,6,11,7,4.381944444444445,0.46153846153846156,0.35294117647058826,0.4,2.5103011093502374,13.833333333333334,9.0,"[-14.0, -11.0, 32.0, -10.0, 58.0, 28.0]",
CGMacros-018,healthy,native,1252.2310771162156,23,70,14,grouped,0,healthy,11,14,3,4.381944444444445,0.7857142857142857,0.44,0.5641025641025641,3.194928684627575,-14.545454545454545,-20.0,"[-15.0, -35.0, -15.0, 30.0, 20.0, -10.0, -45.0, -20.0, -20.0, -20.0, -30.0]",35.0
CGMacros-018,healthy,C05,2241.3066671430643,27,77,16,cross,0,prediabetes,3,14,10,4.381944444444445,0.23076923076923078,0.17647058823529413,0.2,3.194928684627575,41.0,37.0,"[37.0, 63.0, 23.0]",
CGMacros-018,healthy,C05-15,2241.3066671430643,27,77,16,cross,0,prediabetes,6,11,7,4.381944444444445,0.46153846153846156,0.35294117647058826,0.4,2.5103011093502374,15.5,7.0,"[-9.0, -11.0, 37.0, -10.0, 63.0, 23.0]",
CGMacros-018,healthy,native,2241.3066671430643,27,77,16,cross,0,prediabetes,12,12,2,4.381944444444445,0.8571428571428571,0.5,0.631578947368421,2.73851030110935,-17.5,-20.0,"[-10.0, -30.0, -15.0, -75.0, 35.0, 25.0, -10.0, -45.0, -20.0, -20.0, -20.0, -25.0]",45.0
CGMacros-018,healthy,C05,4740.471435005718,32,69,14,cross,0,T2D,1,11,12,4.381944444444445,0.07692307692307693,0.08333333333333333,0.08,2.5103011093502374,7.0,7.0,[7.0],
CGMacros-018,healthy,C05-15,4740.471435005718,32,69,14,cross,0,T2D,1,11,12,4.381944444444445,0.07692307692307693,0.08333333333333333,0.08,2.5103011093502374,7.0,7.0,[7.0],
CGMacros-018,healthy,native,4740.471435005718,32,69,14,cross,0,T2D,10,5,4,4.381944444444445,0.7142857142857143,0.6666666666666666,0.6896551724137931,1.1410459587955626,-39.0,-45.0,"[-40.0, -55.0, -45.0, 5.0, 10.0, -75.0, -50.0, -45.0, -50.0, -45.0]",35.0
CGMacros-018,healthy,C05,2126.2436655759884,27,216,44,mixT_grpTH,0,all,2,14,11,4.381944444444445,0.15384615384615385,0.125,0.13793103448275862,3.194928684627575,40.0,40.0,"[27.0, 53.0]",
CGMacros-018,healthy,C05-15,2126.2436655759884,27,216,44,mixT_grpTH,0,all,2,14,11,4.381944444444445,0.15384615384615385,0.125,0.13793103448275862,3.194928684627575,40.0,40.0,"[27.0, 53.0]",
CGMacros-018,healthy,native,2126.2436655759884,27,216,44,mixT_grpTH,0,all,11,11,3,4.381944444444445,0.7857142857142857,0.5,0.6111111111111112,2.5103011093502374,-21.363636363636363,-25.0,"[-20.0, -40.0, -25.0, 25.0, 20.0, -20.0, -55.0, -30.0, -25.0, -30.0, -35.0]",40.0
CGMacros-019,healthy,C05,3553.4513974866677,27,216,44,mixed,0,all,5,6,12,3.7118055555555554,0.29411764705882354,0.45454545454545453,0.35714285714285715,1.616463985032741,78.0,75.0,"[75.0, 60.0, 108.0, 77.0, 70.0]",
CGMacros-019,healthy,C05-15,3553.4513974866677,27,216,44,mixed,0,all,6,5,11,3.7118055555555554,0.35294117647058826,0.5454545454545454,0.42857142857142855,1.3470533208606175,62.666666666666664,72.5,"[75.0, 60.0, -14.0, 108.0, 77.0, 70.0]",
CGMacros-019,healthy,native,3553.4513974866677,27,216,44,mixed,0,all,9,2,8,3.7118055555555554,0.5294117647058824,0.8181818181818182,0.6428571428571429,0.538821328344247,-29.444444444444443,-20.0,"[-75.0, -20.0, -35.0, -15.0, -20.0, -25.0, -20.0, -20.0, -35.0]",45.0
CGMacros-019,healthy,C05,1227.7889626475044,22,70,14,grouped,0,healthy,5,10,12,3.7118055555555554,0.29411764705882354,0.3333333333333333,0.3125,2.694106641721235,81.0,75.0,"[75.0, 65.0, 108.0, 82.0, 75.0]",
CGMacros-019,healthy,C05-15,1227.7889626475044,22,70,14,grouped,0,healthy,9,5,8,3.7118055555555554,0.5294117647058824,0.6428571428571429,0.5806451612903226,1.3470533208606175,18.77777777777778,-5.0,"[-5.0, 75.0, 65.0, -4.0, -9.0, -7.0, 82.0, -13.0, -15.0]",
CGMacros-019,healthy,native,1227.7889626475044,22,70,14,grouped,0,healthy,15,4,2,3.7118055555555554,0.8823529411764706,0.7894736842105263,0.8333333333333334,1.077642656688494,-19.333333333333332,-20.0,"[-70.0, -65.0, -20.0, -30.0, 65.0, -5.0, -20.0, -10.0, -10.0, -25.0, -15.0, -25.0, -15.0, -15.0, -30.0]",35.0
CGMacros-019,healthy,C05,2241.3066671430643,27,77,16,cross,0,prediabetes,6,9,11,3.7118055555555554,0.35294117647058826,0.4,0.375,2.4246959775491113,74.33333333333333,82.5,"[85.0, 70.0, 6.0, 118.0, 87.0, 80.0]",
CGMacros-019,healthy,C05-15,2241.3066671430643,27,77,16,cross,0,prediabetes,10,4,7,3.7118055555555554,0.5882352941176471,0.7142857142857143,0.6451612903225806,1.077642656688494,10.9,-4.5,"[85.0, 70.0, 6.0, -14.0, -4.0, -2.0, -13.0, -6.0, -8.0, -5.0]",
CGMacros-019,healthy,native,2241.3066671430643,27,77,16,cross,0,prediabetes,13,5,4,3.7118055555555554,0.7647058823529411,0.7222222222222222,0.7428571428571429,1.3470533208606175,-21.923076923076923,-15.0,"[-65.0, -10.0, -25.0, -75.0, -15.0, -5.0, -5.0, -15.0, -10.0, -20.0, -10.0, -5.0, -25.0]",50.0
CGMacros-019,healthy,C05,4740.471435005718,32,69,14,cross,0,T2D,5,6,12,3.7118055555555554,0.29411764705882354,0.45454545454545453,0.35714285714285715,1.616463985032741,60.0,60.0,"[60.0, 35.0, 88.0, 62.0, 55.0]",
CGMacros-019,healthy,C05-15,4740.471435005718,32,69,14,cross,0,T2D,5,6,12,3.7118055555555554,0.29411764705882354,0.45454545454545453,0.35714285714285715,1.616463985032741,60.0,60.0,"[60.0, 35.0, 88.0, 62.0, 55.0]",
CGMacros-019,healthy,native,4740.471435005718,32,69,14,cross,0,T2D,10,2,7,3.7118055555555554,0.5882352941176471,0.8333333333333334,0.6896551724137931,0.538821328344247,-38.5,-40.0,"[-90.0, -35.0, -50.0, 35.0, -35.0, -40.0, -45.0, -35.0, -40.0, -50.0]",40.0
CGMacros-019,healthy,C05,2087.504048492723,27,216,44,mixT_grpTH,0,all,5,8,12,3.7118055555555554,0.29411764705882354,0.38461538461538464,0.3333333333333333,2.155285313376988,78.0,75.0,"[75.0, 60.0, 108.0, 77.0, 70.0]",
CGMacros-019,healthy,C05-15,2087.504048492723,27,216,44,mixT_grpTH,0,all,6,7,11,3.7118055555555554,0.35294117647058826,0.46153846153846156,0.4,1.8858746492048644,62.666666666666664,72.5,"[75.0, 60.0, -14.0, 108.0, 77.0, 70.0]",
CGMacros-019,healthy,native,2087.504048492723,27,216,44,mixT_grpTH,0,all,11,5,6,3.7118055555555554,0.6470588235294118,0.6875,0.6666666666666666,1.3470533208606175,-29.09090909090909,-25.0,"[-75.0, -20.0, -35.0, -25.0, -15.0, -20.0, -25.0, -20.0, -30.0, -20.0, -35.0]",40.0
CGMacros-020,prediabetes,C05,3556.74872583833,27,216,44,mixed,0,all,5,8,7,3.861111111111111,0.4166666666666667,0.38461538461538464,0.4,2.0719424460431655,24.8,12.0,"[0.0, 12.0, 64.0, 3.0, 45.0]",
CGMacros-020,prediabetes,C05-15,3556.74872583833,27,216,44,mixed,0,all,8,4,4,3.861111111111111,0.6666666666666666,0.6666666666666666,0.6666666666666666,1.0359712230215827,4.875,-1.0,"[0.0, 12.0, -15.0, -2.0, 64.0, -13.0, 3.0, -10.0]",
CGMacros-020,prediabetes,native,3556.74872583833,27,216,44,mixed,0,all,12,3,3,3.861111111111111,0.8,0.8,0.8,0.776978417266187,-10.0,-12.5,"[0.0, 10.0, -15.0, -5.0, -25.0, -20.0, 0.0, -15.0, -20.0, -20.0, 0.0, -10.0]",52.5
CGMacros-020,prediabetes,C05,1998.5621392268895,22,75,15,cross,0,healthy,5,7,7,3.861111111111111,0.4166666666666667,0.4166666666666667,0.4166666666666667,1.8129496402877698,26.8,8.0,"[0.0, 7.0, 64.0, 8.0, 55.0]",
CGMacros-020,prediabetes,C05-15,1998.5621392268895,22,75,15,cross,0,healthy,8,3,4,3.861111111111111,0.6666666666666666,0.7272727272727273,0.6956521739130435,0.776978417266187,4.875,-1.0,"[0.0, 7.0, -15.0, -2.0, 64.0, -13.0, 8.0, -10.0]",
CGMacros-020,prediabetes,native,1998.5621392268895,22,75,15,cross,0,healthy,12,5,3,3.861111111111111,0.8,0.7058823529411765,0.75,1.2949640287769784,-5.0,-12.5,"[0.0, 5.0, -15.0, -5.0, -25.0, -25.0, 60.0, -15.0, -20.0, -15.0, 5.0, -10.0]",42.5
CGMacros-020,prediabetes,C05,3286.9704212675715,27,72,15,grouped,0,prediabetes,6,7,6,3.861111111111111,0.5,0.46153846153846156,0.48,1.8129496402877698,32.0,20.0,"[10.0, 22.0, 8.0, 74.0, 18.0, 60.0]",
CGMacros-020,prediabetes,C05-15,3286.9704212675715,27,72,15,grouped,0,prediabetes,10,2,2,3.861111111111111,0.8333333333333334,0.8333333333333334,0.8333333333333334,0.5179856115107914,9.8,2.5,"[10.0, 22.0, -5.0, 8.0, -12.0, 74.0, -3.0, -9.0, 18.0, -5.0]",
CGMacros-020,prediabetes,native,3286.9704212675715,27,72,15,grouped,0,prediabetes,12,5,3,3.861111111111111,0.8,0.7058823529411765,0.75,1.2949640287769784,0.0,-5.0,"[10.0, 20.0, -5.0, 5.0, -15.0, -10.0, 10.0, -5.0, -10.0, -10.0, 15.0, -5.0]",60.0
CGMacros-020,prediabetes,C05,5800.487283279988,32,69,14,cross,0,T2D,3,10,9,3.861111111111111,0.25,0.23076923076923078,0.24,2.5899280575539567,49.0,54.0,"[2.0, 54.0, 91.0]",
CGMacros-020,prediabetes,C05-15,5800.487283279988,32,69,14,cross,0,T2D,5,8,7,3.861111111111111,0.4166666666666667,0.38461538461538464,0.4,2.0719424460431655,24.0,2.0,"[-15.0, 2.0, 54.0, 91.0, -12.0]",
CGMacros-020,prediabetes,native,5800.487283279988,32,69,14,cross,0,T2D,12,3,3,3.861111111111111,0.8,0.8,0.8,0.776978417266187,-23.75,-27.5,"[-15.0, 0.0, -30.0, -20.0, -40.0, -30.0, -10.0, -30.0, -35.0, -35.0, -15.0, -25.0]",52.5
CGMacros-020,prediabetes,C05,3507.043631308563,27,216,44,mixT_grpTH,0,all,5,8,7,3.861111111111111,0.4166666666666667,0.38461538461538464,0.4,2.0719424460431655,24.8,12.0,"[0.0, 12.0, 64.0, 3.0, 45.0]",
CGMacros-020,prediabetes,C05-15,3507.043631308563,27,216,44,mixT_grpTH,0,all,8,4,4,3.861111111111111,0.6666666666666666,0.6666666666666666,0.6666666666666666,1.0359712230215827,4.875,-1.0,"[0.0, 12.0, -15.0, -2.0, 64.0, -13.0, 3.0, -10.0]",
CGMacros-020,prediabetes,native,3507.043631308563,27,216,44,mixT_grpTH,0,all,12,3,3,3.861111111111111,0.8,0.8,0.8,0.776978417266187,-10.0,-12.5,"[0.0, 10.0, -15.0, -5.0, -25.0, -20.0, 0.0, -15.0, -20.0, -20.0, 0.0, -10.0]",52.5
CGMacros-021,healthy,C05,3572.2754047311864,27,216,44,mixed,0,all,1,7,9,3.701388888888889,0.1,0.125,0.1111111111111111,1.8911819887429644,82.0,82.0,[82.0],
CGMacros-021,healthy,C05-15,3572.2754047311864,27,216,44,mixed,0,all,4,4,6,3.701388888888889,0.4,0.5,0.4444444444444444,1.0806754221388368,12.75,-8.0,"[82.0, -15.0, -14.0, -2.0]",
CGMacros-021,healthy,native,3572.2754047311864,27,216,44,mixed,0,all,9,2,5,3.701388888888889,0.6428571428571429,0.8181818181818182,0.72,0.5403377110694184,-25.0,-25.0,"[-45.0, -30.0, -25.0, -35.0, -15.0, -15.0, -35.0, -5.0, -20.0]",40.0
CGMacros-021,healthy,C05,1184.3867353645437,24,70,14,grouped,0,healthy,4,11,6,3.701388888888889,0.4,0.26666666666666666,0.32,2.971857410881801,64.75,73.5,"[55.0, 92.0, 104.0, 8.0]",
CGMacros-021,healthy,C05-15,1184.3867353645437,24,70,14,grouped,0,healthy,8,7,2,3.701388888888889,0.8,0.5333333333333333,0.64,1.8911819887429644,29.0,2.0,"[55.0, 92.0, -14.0, -5.0, -4.0, 104.0, 8.0, -4.0]",
CGMacros-021,healthy,native,1184.3867353645437,24,70,14,grouped,0,healthy,10,8,4,3.701388888888889,0.7142857142857143,0.5555555555555556,0.625,2.1613508442776737,-16.0,-17.5,"[-45.0, -20.0, -15.0, -25.0, -5.0, -5.0, -20.0, -25.0, 5.0, -5.0]",42.5
CGMacros-021,healthy,C05,2241.3066671430643,27,77,16,cross,0,prediabetes,3,9,7,3.701388888888889,0.3,0.25,0.2727272727272727,2.431519699812383,68.0,92.0,"[92.0, 104.0, 8.0]",
CGMacros-021,healthy,C05-15,2241.3066671430643,27,77,16,cross,0,prediabetes,7,5,3,3.701388888888889,0.7,0.5833333333333334,0.6363636363636364,1.350844277673546,24.571428571428573,-4.0,"[92.0, -14.0, -5.0, -4.0, 104.0, 8.0, -9.0]",
CGMacros-021,healthy,native,2241.3066671430643,27,77,16,cross,0,prediabetes,10,5,4,3.701388888888889,0.7142857142857143,0.6666666666666666,0.6896551724137931,1.350844277673546,-16.0,-17.5,"[-40.0, -20.0, -15.0, -25.0, -5.0, -5.0, -20.0, -25.0, 5.0, -10.0]",47.5
CGMacros-021,healthy,C05,4740.471435005718,32,69,14,cross,0,T2D,1,9,9,3.701388888888889,0.1,0.1,0.1,2.431519699812383,67.0,67.0,[67.0],
CGMacros-021,healthy,C05-15,4740.471435005718,32,69,14,cross,0,T2D,1,9,9,3.701388888888889,0.1,0.1,0.1,2.431519699812383,67.0,67.0,[67.0],
CGMacros-021,healthy,native,4740.471435005718,32,69,14,cross,0,T2D,9,5,5,3.701388888888889,0.6428571428571429,0.6428571428571429,0.6428571428571429,1.350844277673546,-41.666666666666664,-40.0,"[-45.0, -45.0, -40.0, -55.0, -35.0, -35.0, -60.0, -25.0, -35.0]",40.0
CGMacros-021,healthy,C05,2124.180273375059,27,216,44,mixT_grpTH,0,all,2,10,8,3.701388888888889,0.2,0.16666666666666666,0.18181818181818182,2.701688555347092,88.0,88.0,"[82.0, 94.0]",
CGMacros-021,healthy,C05-15,2124.180273375059,27,216,44,mixT_grpTH,0,all,5,7,5,3.701388888888889,0.5,0.4166666666666667,0.45454545454545453,1.8911819887429644,29.0,-2.0,"[82.0, -15.0, -14.0, 94.0, -2.0]",
CGMacros-021,healthy,native,2124.180273375059,27,216,44,mixT_grpTH,0,all,10,6,4,3.701388888888889,0.7142857142857143,0.625,0.6666666666666666,1.6210131332082551,-25.5,-27.5,"[-45.0, -30.0, -25.0, -35.0, -15.0, -15.0, -30.0, -35.0, -5.0, -20.0]",37.5
CGMacros-022,prediabetes,C05,3520.217966927121,27,216,44,mixed,0,all,3,9,12,3.8541666666666665,0.2,0.25,0.2222222222222222,2.3351351351351353,85.33333333333333,81.0,"[81.0, 100.0, 75.0]",
CGMacros-022,prediabetes,C05-15,3520.217966927121,27,216,44,mixed,0,all,5,7,10,3.8541666666666665,0.3333333333333333,0.4166666666666667,0.37037037037037035,1.8162162162162163,47.0,75.0,"[81.0, 100.0, -13.0, -8.0, 75.0]",
CGMacros-022,prediabetes,native,3520.217966927121,27,216,44,mixed,0,all,10,4,5,3.8541666666666665,0.6666666666666666,0.7142857142857143,0.6896551724137931,1.037837837837838,-27.0,-30.0,"[-30.0, -20.0, -40.0, -30.0, -20.0, -15.0, -30.0, -10.0, -30.0, -45.0]",35.0
CGMacros-022,prediabetes,C05,1998.5621392268895,22,75,15,cross,0,healthy,3,9,12,3.8541666666666665,0.2,0.25,0.2222222222222222,2.3351351351351353,85.33333333333333,81.0,"[81.0, 105.0, 70.0]",
CGMacros-022,prediabetes,C05-15,1998.5621392268895,22,75,15,cross,0,healthy,6,6,9,3.8541666666666665,0.4,0.5,0.4444444444444444,1.5567567567567568,37.166666666666664,31.0,"[-12.0, 81.0, 105.0, -13.0, -8.0, 70.0]",
CGMacros-022,prediabetes,native,1998.5621392268895,22,75,15,cross,0,healthy,10,4,5,3.8541666666666665,0.6666666666666666,0.7142857142857143,0.6896551724137931,1.037837837837838,-24.0,-22.5,"[-25.0, -15.0, -35.0, -25.0, -20.0, -15.0, -20.0, -10.0, -25.0, -50.0]",32.5
CGMacros-022,prediabetes,C05,3518.8447071596347,27,72,15,grouped,0,prediabetes,4,9,11,3.8541666666666665,0.26666666666666666,0.3076923076923077,0.2857142857142857,2.3351351351351353,73.25,90.5,"[91.0, 110.0, 2.0, 90.0]",
CGMacros-022,prediabetes,C05-15,3518.8447071596347,27,72,15,grouped,0,prediabetes,8,5,7,3.8541666666666665,0.5333333333333333,0.6153846153846154,0.5714285714285714,1.2972972972972974,17.125,-5.0,"[-7.0, 91.0, -8.0, -15.0, -3.0, -13.0, 2.0, 90.0]",
CGMacros-022,prediabetes,native,3518.8447071596347,27,72,15,grouped,0,prediabetes,11,4,4,3.8541666666666665,0.7333333333333333,0.7333333333333333,0.7333333333333333,1.037837837837838,-15.909090909090908,-15.0,"[-20.0, -10.0, -30.0, -20.0, -10.0, -15.0, -5.0, -15.0, 0.0, -20.0, -30.0]",50.0
CGMacros-022,prediabetes,C05,6920.598048654705,32,69,14,cross,0,T2D,3,8,12,3.8541666666666665,0.2,0.2727272727272727,0.23076923076923078,2.075675675675676,73.66666666666667,75.0,"[66.0, 80.0, 75.0]",
CGMacros-022,prediabetes,C05-15,6920.598048654705,32,69,14,cross,0,T2D,3,8,12,3.8541666666666665,0.2,0.2727272727272727,0.23076923076923078,2.075675675675676,73.66666666666667,75.0,"[66.0, 80.0, 75.0]",
CGMacros-022,prediabetes,native,6920.598048654705,32,69,14,cross,0,T2D,9,4,6,3.8541666666666665,0.6,0.6923076923076923,0.6428571428571429,1.037837837837838,-43.333333333333336,-45.0,"[-40.0, -55.0, -50.0, -40.0, -25.0, -50.0, -30.0, -55.0, -45.0]",35.0
CGMacros-022,prediabetes,C05,3147.4641086085103,27,216,44,mixT_grpTH,0,all,3,10,12,3.8541666666666665,0.2,0.23076923076923078,0.21428571428571427,2.5945945945945947,85.33333333333333,81.0,"[81.0, 100.0, 75.0]",
CGMacros-022,prediabetes,C05-15,3147.4641086085103,27,216,44,mixT_grpTH,0,all,5,8,10,3.8541666666666665,0.3333333333333333,0.38461538461538464,0.35714285714285715,2.075675675675676,47.0,75.0,"[81.0, 100.0, -13.0, -8.0, 75.0]",
CGMacros-022,prediabetes,native,3147.4641086085103,27,216,44,mixT_grpTH,0,all,11,4,4,3.8541666666666665,0.7333333333333333,0.7333333333333333,0.7333333333333333,1.037837837837838,-26.818181818181817,-30.0,"[-30.0, -20.0, -40.0, -30.0, -20.0, -25.0, -15.0, -30.0, -10.0, -30.0, -45.0]",35.0
CGMacros-023,prediabetes,C05,3515.934349456711,27,216,44,mixed,0,all,6,10,8,4.184027777777778,0.42857142857142855,0.375,0.4,2.3900414937759336,38.0,31.0,"[5.0, 72.0, 1.0, 0.0, 93.0, 57.0]",
CGMacros-023,prediabetes,C05-15,3515.934349456711,27,216,44,mixed,0,all,11,5,3,4.184027777777778,0.7857142857142857,0.6875,0.7333333333333333,1.1950207468879668,9.454545454545455,-2.0,"[-7.0, 5.0, 72.0, 1.0, -4.0, 0.0, -2.0, -7.0, -4.0, -7.0, 57.0]",
CGMacros-023,prediabetes,native,3515.934349456711,27,216,44,mixed,0,all,15,6,1,4.184027777777778,0.9375,0.7142857142857143,0.8108108108108109,1.4340248962655602,-12.666666666666666,-10.0,"[-25.0, -10.0, 5.0, -30.0, -30.0, 0.0, -5.0, 0.0, -25.0, -5.0, -10.0, -5.0, -10.0, -40.0, 0.0]",55.0
CGMacros-023,prediabetes,C05,1998.5621392268895,22,75,15,cross,0,healthy,7,10,7,4.184027777777778,0.5,0.4117647058823529,0.45161290322580644,2.3900414937759336,34.142857142857146,10.0,"[10.0, 72.0, 1.0, 5.0, 98.0, 1.0, 52.0]",
CGMacros-023,prediabetes,C05-15,1998.5621392268895,22,75,15,cross,0,healthy,11,5,3,4.184027777777778,0.7857142857142857,0.6875,0.7333333333333333,1.1950207468879668,11.727272727272727,1.0,"[-2.0, 10.0, 72.0, 1.0, -4.0, 5.0, -2.0, -2.0, 1.0, -2.0, 52.0]",
CGMacros-023,prediabetes,native,1998.5621392268895,22,75,15,cross,0,healthy,15,6,1,4.184027777777778,0.9375,0.7142857142857143,0.8108108108108109,1.4340248962655602,-8.0,-5.0,"[-20.0, -5.0, 10.0, -25.0, -20.0, 0.0, -5.0, 5.0, -20.0, -5.0, -5.0, 0.0, -5.0, -30.0, 5.0]",50.0
CGMacros-023,prediabetes,C05,3364.9782281402913,27,72,15,grouped,0,prediabetes,11,5,3,4.184027777777778,0.7857142857142857,0.6875,0.7333333333333333,1.1950207468879668,19.0,8.0,"[3.0, 15.0, 82.0, 11.0, 6.0, 10.0, 8.0, 3.0, 6.0, 3.0, 62.0]",
CGMacros-023,prediabetes,C05-15,3364.9782281402913,27,72,15,grouped,0,prediabetes,13,3,1,4.184027777777778,0.9285714285714286,0.8125,0.8666666666666667,0.7170124481327801,14.461538461538462,6.0,"[-6.0, 3.0, 15.0, 82.0, 11.0, 6.0, 10.0, -15.0, 8.0, 3.0, 6.0, 3.0, 62.0]",
CGMacros-023,prediabetes,native,3364.9782281402913,27,72,15,grouped,0,prediabetes,15,6,1,4.184027777777778,0.9375,0.7142857142857143,0.8108108108108109,1.4340248962655602,-2.3333333333333335,0.0,"[-10.0, 0.0, 15.0, -20.0, -20.0, 10.0, 5.0, 10.0, -15.0, 5.0, 0.0, 5.0, 0.0, -30.0, 10.0]",65.0
CGMacros-023,prediabetes,C05,5800.487283279988,32,69,14,cross,0,T2D,1,13,13,4.184027777777778,0.07142857142857142,0.07142857142857142,0.07142857142857142,3.1070539419087138,88.0,88.0,[88.0],
CGMacros-023,prediabetes,C05-15,5800.487283279988,32,69,14,cross,0,T2D,5,9,9,4.184027777777778,0.35714285714285715,0.35714285714285715,0.35714285714285715,2.15103734439834,7.0,-14.0,"[-10.0, -14.0, -14.0, -15.0, 88.0]",
CGMacros-023,prediabetes,native,5800.487283279988,32,69,14,cross,0,T2D,15,5,1,4.184027777777778,0.9375,0.75,0.8333333333333334,1.1950207468879668,-28.333333333333332,-25.0,"[-40.0, -25.0, -10.0, -45.0, -50.0, -15.0, -15.0, -15.0, -40.0, -20.0, -30.0, -25.0, -25.0, -55.0, -15.0]",55.0
CGMacros-023,prediabetes,C05,2943.2087372889036,27,216,44,mixT_grpTH,0,all,6,10,8,4.184027777777778,0.42857142857142855,0.375,0.4,2.3900414937759336,38.0,31.0,"[5.0, 72.0, 1.0, 0.0, 93.0, 57.0]",
CGMacros-023,prediabetes,C05-15,2943.2087372889036,27,216,44,mixT_grpTH,0,all,11,5,3,4.184027777777778,0.7857142857142857,0.6875,0.7333333333333333,1.1950207468879668,9.454545454545455,-2.0,"[-7.0, 5.0, 72.0, 1.0, -4.0, 0.0, -2.0, -7.0, -4.0, -7.0, 57.0]",
CGMacros-023,prediabetes,native,2943.2087372889036,27,216,44,mixT_grpTH,0,all,15,6,1,4.184027777777778,0.9375,0.7142857142857143,0.8108108108108109,1.4340248962655602,-12.666666666666666,-10.0,"[-25.0, -10.0, 5.0, -30.0, -30.0, 0.0, -5.0, 0.0, -25.0, -5.0, -10.0, -5.0, -10.0, -40.0, 0.0]",55.0
CGMacros-026,prediabetes,C05,3528.05132548829,27,216,44,mixed,0,all,1,16,10,5.065972222222222,0.09090909090909091,0.058823529411764705,0.07142857142857142,3.15832762165867,76.0,76.0,[76.0],
CGMacros-026,prediabetes,C05-15,3528.05132548829,27,216,44,mixed,0,all,3,14,8,5.065972222222222,0.2727272727272727,0.17647058823529413,0.21428571428571427,2.7635366689513363,15.666666666666666,-14.0,"[76.0, -14.0, -15.0]",
CGMacros-026,prediabetes,native,3528.05132548829,27,216,44,mixed,0,all,10,15,2,5.065972222222222,0.8333333333333334,0.4,0.5405405405405406,2.9609321453050033,-27.5,-27.5,"[-30.0, -25.0, -35.0, -35.0, -30.0, -15.0, -25.0, -15.0, -40.0, -25.0]",37.5
CGMacros-026,prediabetes,C05,1998.5621392268895,22,75,15,cross,0,healthy,2,16,9,5.065972222222222,0.18181818181818182,0.1111111111111111,0.13793103448275862,3.15832762165867,61.0,61.0,"[76.0, 46.0]",
CGMacros-026,prediabetes,C05-15,1998.5621392268895,22,75,15,cross,0,healthy,4,14,7,5.065972222222222,0.36363636363636365,0.2222222222222222,0.27586206896551724,2.7635366689513363,25.75,18.5,"[76.0, -9.0, -10.0, 46.0]",
CGMacros-026,prediabetes,native,1998.5621392268895,22,75,15,cross,0,healthy,10,17,2,5.065972222222222,0.8333333333333334,0.37037037037037035,0.5128205128205128,3.355723098012337,-22.0,-22.5,"[-25.0, -20.0, -30.0, -25.0, -25.0, -10.0, -20.0, -10.0, -35.0, -20.0]",32.5
CGMacros-026,prediabetes,C05,3693.2505929056133,27,72,15,grouped,0,prediabetes,1,16,10,5.065972222222222,0.09090909090909091,0.058823529411764705,0.07142857142857142,3.15832762165867,76.0,76.0,[76.0],
CGMacros-026,prediabetes,C05-15,3693.2505929056133,27,72,15,grouped,0,prediabetes,3,14,8,5.065972222222222,0.2727272727272727,0.17647058823529413,0.21428571428571427,2.7635366689513363,17.333333333333332,-10.0,"[76.0, -14.0, -10.0]",
CGMacros-026,prediabetes,native,3693.2505929056133,27,72,15,grouped,0,prediabetes,10,15,2,5.065972222222222,0.8333333333333334,0.4,0.5405405405405406,2.9609321453050033,-27.0,-27.5,"[-30.0, -25.0, -35.0, -35.0, -30.0, -15.0, -25.0, -10.0, -40.0, -25.0]",37.5
CGMacros-026,prediabetes,C05,5800.487283279988,32,69,14,cross,0,T2D,2,16,9,5.065972222222222,0.18181818181818182,0.1111111111111111,0.13793103448275862,3.15832762165867,83.5,83.5,"[106.0, 61.0]",
CGMacros-026,prediabetes,C05-15,5800.487283279988,32,69,14,cross,0,T2D,2,16,9,5.065972222222222,0.18181818181818182,0.1111111111111111,0.13793103448275862,3.15832762165867,83.5,83.5,"[106.0, 61.0]",
CGMacros-026,prediabetes,native,5800.487283279988,32,69,14,cross,0,T2D,10,16,2,5.065972222222222,0.8333333333333334,0.38461538461538464,0.5263157894736842,3.15832762165867,-44.5,-45.0,"[-45.0, -45.0, -55.0, -55.0, -50.0, -25.0, -45.0, -30.0, -55.0, -40.0]",35.0
CGMacros-026,prediabetes,C05,3187.60547315867,27,216,44,mixT_grpTH,0,all,1,16,10,5.065972222222222,0.09090909090909091,0.058823529411764705,0.07142857142857142,3.15832762165867,76.0,76.0,[76.0],
CGMacros-026,prediabetes,C05-15,3187.60547315867,27,216,44,mixT_grpTH,0,all,3,14,8,5.065972222222222,0.2727272727272727,0.17647058823529413,0.21428571428571427,2.7635366689513363,15.666666666666666,-14.0,"[76.0, -14.0, -15.0]",
CGMacros-026,prediabetes,native,3187.60547315867,27,216,44,mixT_grpTH,0,all,10,16,2,5.065972222222222,0.8333333333333334,0.38461538461538464,0.5263157894736842,3.15832762165867,-27.5,-27.5,"[-30.0, -25.0, -35.0, -35.0, -30.0, -15.0, -25.0, -15.0, -40.0, -25.0]",37.5
CGMacros-027,healthy,C05,3532.4627298714004,27,216,44,mixed,0,all,4,3,8,3.59375,0.3333333333333333,0.5714285714285714,0.42105263157894735,0.8347826086956521,18.0,16.5,"[39.0, 0.0, 8.0, 25.0]",
CGMacros-027,healthy,C05-15,3532.4627298714004,27,216,44,mixed,0,all,5,2,7,3.59375,0.4166666666666667,0.7142857142857143,0.5263157894736842,0.5565217391304348,13.0,8.0,"[-7.0, 39.0, 0.0, 8.0, 25.0]",
CGMacros-027,healthy,native,3532.4627298714004,27,216,44,mixed,0,all,7,0,6,3.59375,0.5384615384615384,1.0,0.7,0.0,0.7142857142857143,0.0,"[-10.0, 35.0, -25.0, 0.0, -25.0, 5.0, 25.0]",65.0
CGMacros-027,healthy,C05,1364.0507029063374,24,70,14,grouped,0,healthy,5,5,7,3.59375,0.4166666666666667,0.5,0.45454545454545453,1.391304347826087,35.6,30.0,"[49.0, 71.0, 10.0, 18.0, 30.0]",
CGMacros-027,healthy,C05-15,1364.0507029063374,24,70,14,grouped,0,healthy,7,3,5,3.59375,0.5833333333333334,0.7,0.6363636363636364,0.8347826086956521,23.285714285714285,18.0,"[-2.0, 49.0, 71.0, 10.0, -13.0, 18.0, 30.0]",
CGMacros-027,healthy,native,1364.0507029063374,24,70,14,grouped,0,healthy,9,1,4,3.59375,0.6923076923076923,0.9,0.782608695652174,0.2782608695652174,-3.888888888888889,-5.0,"[-5.0, -35.0, 45.0, -20.0, -60.0, 10.0, -15.0, 15.0, 30.0]",55.0
CGMacros-027,healthy,C05,2241.3066671430643,27,77,16,cross,0,prediabetes,7,3,5,3.59375,0.5833333333333334,0.7,0.6363636363636364,0.8347826086956521,27.571428571428573,18.0,"[3.0, 2.0, 49.0, 76.0, 10.0, 18.0, 35.0]",
CGMacros-027,healthy,C05-15,2241.3066671430643,27,77,16,cross,0,prediabetes,8,2,4,3.59375,0.6666666666666666,0.8,0.7272727272727273,0.5565217391304348,22.5,14.0,"[3.0, 2.0, 49.0, 76.0, 10.0, -13.0, 18.0, 35.0]",
CGMacros-027,healthy,native,2241.3066671430643,27,77,16,cross,0,prediabetes,9,2,4,3.59375,0.6923076923076923,0.8181818181818182,0.75,0.5565217391304348,2.2222222222222223,0.0,"[0.0, 0.0, 45.0, -20.0, -50.0, 10.0, -15.0, 15.0, 35.0]",65.0
CGMacros-027,healthy,C05,5332.754445726088,32,69,14,cross,0,T2D,2,5,10,3.59375,0.16666666666666666,0.2857142857142857,0.21052631578947367,1.391304347826087,12.0,12.0,"[19.0, 5.0]",
CGMacros-027,healthy,C05-15,5332.754445726088,32,69,14,cross,0,T2D,4,3,8,3.59375,0.3333333333333333,0.5714285714285714,0.42105263157894735,0.8347826086956521,-0.75,-3.5,"[19.0, -15.0, -12.0, 5.0]",
CGMacros-027,healthy,native,5332.754445726088,32,69,14,cross,0,T2D,7,1,6,3.59375,0.5384615384615384,0.875,0.6666666666666666,0.2782608695652174,-17.857142857142858,-15.0,"[-25.0, 15.0, -40.0, -15.0, -50.0, -15.0, 5.0]",65.0
CGMacros-027,healthy,C05,2141.995452573643,27,216,44,mixT_grpTH,0,all,5,6,7,3.59375,0.4166666666666667,0.45454545454545453,0.43478260869565216,1.6695652173913043,28.8,25.0,"[72.0, 39.0, 0.0, 8.0, 25.0]",
CGMacros-027,healthy,C05-15,2141.995452573643,27,216,44,mixT_grpTH,0,all,6,4,6,3.59375,0.5,0.6,0.5454545454545454,1.1130434782608696,9.5,4.0,"[-7.0, -8.0, 39.0, 0.0, 8.0, 25.0]",
CGMacros-027,healthy,native,2141.995452573643,27,216,44,mixT_grpTH,0,all,9,3,4,3.59375,0.6923076923076923,0.75,0.72,0.8347826086956521,-7.222222222222222,-10.0,"[-10.0, -10.0, 35.0, -25.0, -60.0, 0.0, -25.0, 5.0, 25.0]",55.0
CGMacros-028,T2D,C05,3575.714147989096,27,216,44,mixed,0,all,4,10,9,4.197916666666667,0.3076923076923077,0.2857142857142857,0.2962962962962963,2.3821339950372207,11.0,3.5,"[5.0, 0.0, 2.0, 37.0]",
CGMacros-028,T2D,C05-15,3575.714147989096,27,216,44,mixed,0,all,9,5,4,4.197916666666667,0.6923076923076923,0.6428571428571429,0.6666666666666666,1.1910669975186103,-2.5555555555555554,-12.0,"[5.0, -14.0, 0.0, 2.0, -13.0, 37.0, -14.0, -12.0, -14.0]",
CGMacros-028,T2D,native,3575.714147989096,27,216,44,mixed,0,all,12,3,1,4.197916666666667,0.9230769230769231,0.8,0.8571428571428571,0.7146401985111662,-9.583333333333334,-15.0,"[-30.0, 5.0, -20.0, -15.0, 0.0, 0.0, -15.0, 35.0, -15.0, -30.0, -15.0, -15.0]",50.0
CGMacros-028,T2D,C05,3508.4133789964726,22,75,15,cross,0,healthy,2,9,11,4.197916666666667,0.15384615384615385,0.18181818181818182,0.16666666666666666,2.1439205955334986,5.0,5.0,"[10.0, 0.0]",
CGMacros-028,T2D,C05-15,3508.4133789964726,22,75,15,cross,0,healthy,8,3,5,4.197916666666667,0.6153846153846154,0.7272727272727273,0.6666666666666666,0.7146401985111662,-9.0,-13.5,"[10.0, -15.0, -14.0, 0.0, -13.0, -14.0, -12.0, -14.0]",
CGMacros-028,T2D,native,3508.4133789964726,22,75,15,cross,0,healthy,10,1,3,4.197916666666667,0.7692307692307693,0.9090909090909091,0.8333333333333334,0.23821339950372206,-13.0,-15.0,"[-25.0, 10.0, -15.0, -15.0, 0.0, -15.0, -15.0, -25.0, -15.0, -15.0]",40.0
CGMacros-028,T2D,C05,6146.5411504187505,27,77,16,cross,0,prediabetes,3,9,10,4.197916666666667,0.23076923076923078,0.25,0.24,2.1439205955334986,12.333333333333334,12.0,"[15.0, 10.0, 12.0]",
CGMacros-028,T2D,C05-15,6146.5411504187505,27,77,16,cross,0,prediabetes,10,2,3,4.197916666666667,0.7692307692307693,0.8333333333333334,0.8,0.4764267990074441,-0.5,-3.5,"[-15.0, 15.0, -10.0, -4.0, 10.0, 12.0, -3.0, -4.0, -2.0, -4.0]",
CGMacros-028,T2D,native,6146.5411504187505,27,77,16,cross,0,prediabetes,11,1,2,4.197916666666667,0.8461538461538461,0.9166666666666666,0.88,0.23821339950372206,-3.1818181818181817,-5.0,"[-15.0, 15.0, -10.0, -5.0, 10.0, 10.0, -5.0, -5.0, -20.0, -5.0, -5.0]",60.0
CGMacros-028,T2D,C05,10621.738103170152,32,64,13,grouped,0,T2D,0,12,13,4.197916666666667,0.0,0.0,0.0,2.858560794044665,,,[],
CGMacros-028,T2D,C05-15,10621.738103170152,32,64,13,grouped,0,T2D,3,9,10,4.197916666666667,0.23076923076923078,0.25,0.24,2.1439205955334986,-11.0,-10.0,"[-10.0, -15.0, -8.0]",
CGMacros-028,T2D,native,10621.738103170152,32,64,13,grouped,0,T2D,11,1,2,4.197916666666667,0.8461538461538461,0.9166666666666666,0.88,0.23821339950372206,-28.636363636363637,-30.0,"[-40.0, -10.0, -45.0, -30.0, -15.0, -10.0, -25.0, -35.0, -45.0, -30.0, -30.0]",50.0
CGMacros-028,T2D,C05,5820.148230965482,27,216,44,mixT_grpTH,0,all,3,9,10,4.197916666666667,0.23076923076923078,0.25,0.24,2.1439205955334986,2.3333333333333335,2.0,"[5.0, 0.0, 2.0]",
CGMacros-028,T2D,C05-15,5820.148230965482,27,216,44,mixT_grpTH,0,all,8,4,5,4.197916666666667,0.6153846153846154,0.6666666666666666,0.64,0.9528535980148882,-7.5,-12.5,"[5.0, -14.0, 0.0, 2.0, -13.0, -14.0, -12.0, -14.0]",
CGMacros-028,T2D,native,5820.148230965482,27,216,44,mixT_grpTH,0,all,11,1,2,4.197916666666667,0.8461538461538461,0.9166666666666666,0.88,0.23821339950372206,-13.636363636363637,-15.0,"[-30.0, 5.0, -20.0, -15.0, 0.0, 0.0, -15.0, -15.0, -30.0, -15.0, -15.0]",50.0
CGMacros-029,prediabetes,C05,3506.2615975127374,27,216,44,mixed,0,all,3,5,5,3.9375,0.375,0.375,0.375,1.2698412698412698,3.3333333333333335,2.0,"[0.0, 2.0, 8.0]",
CGMacros-029,prediabetes,C05-15,3506.2615975127374,27,216,44,mixed,0,all,6,2,2,3.9375,0.75,0.75,0.75,0.5079365079365079,-1.5,-1.5,"[0.0, -3.0, 2.0, -13.0, -3.0, 8.0]",
CGMacros-029,prediabetes,native,3506.2615975127374,27,216,44,mixed,0,all,10,2,2,3.9375,0.8333333333333334,0.8333333333333334,0.8333333333333334,0.5079365079365079,-7.5,-5.0,"[0.0, -20.0, -10.0, -5.0, -5.0, 0.0, -15.0, -20.0, -5.0, 5.0]",60.0
CGMacros-029,prediabetes,C05,1998.5621392268895,22,75,15,cross,0,healthy,4,4,4,3.9375,0.5,0.5,0.5,1.0158730158730158,5.5,4.5,"[0.0, 7.0, 2.0, 13.0]",
CGMacros-029,prediabetes,C05-15,1998.5621392268895,22,75,15,cross,0,healthy,7,1,1,3.9375,0.875,0.875,0.875,0.25396825396825395,-0.5714285714285714,0.0,"[0.0, -15.0, -3.0, 7.0, -8.0, 2.0, 13.0]",
CGMacros-029,prediabetes,native,1998.5621392268895,22,75,15,cross,0,healthy,10,2,2,3.9375,0.8333333333333334,0.8333333333333334,0.8333333333333334,0.5079365079365079,-5.0,-5.0,"[0.0, -15.0, -10.0, -5.0, -5.0, 5.0, -10.0, -20.0, 0.0, 10.0]",50.0
CGMacros-029,prediabetes,C05,3477.42498346703,27,72,15,grouped,0,prediabetes,5,3,3,3.9375,0.625,0.625,0.625,0.7619047619047619,12.8,12.0,"[10.0, 7.0, 17.0, 12.0, 18.0]",
CGMacros-029,prediabetes,C05-15,3477.42498346703,27,72,15,grouped,0,prediabetes,7,1,1,3.9375,0.875,0.875,0.875,0.25396825396825395,7.285714285714286,10.0,"[10.0, -10.0, 7.0, 17.0, -3.0, 12.0, 18.0]",
CGMacros-029,prediabetes,native,3477.42498346703,27,72,15,grouped,0,prediabetes,10,2,2,3.9375,0.8333333333333334,0.8333333333333334,0.8333333333333334,0.5079365079365079,3.5,5.0,"[10.0, -10.0, 0.0, 5.0, 5.0, 15.0, -5.0, -10.0, 10.0, 15.0]",70.0
CGMacros-029,prediabetes,C05,5800.487283279988,32,69,14,cross,0,T2D,0,8,8,3.9375,0.0,0.0,0.0,2.0317460317460316,,,[],
CGMacros-029,prediabetes,C05-15,5800.487283279988,32,69,14,cross,0,T2D,2,6,6,3.9375,0.25,0.25,0.25,1.5238095238095237,-10.0,-10.0,"[-13.0, -7.0]",
CGMacros-029,prediabetes,native,5800.487283279988,32,69,14,cross,0,T2D,10,2,2,3.9375,0.8333333333333334,0.8333333333333334,0.8333333333333334,0.5079365079365079,-23.5,-20.0,"[-20.0, -35.0, -30.0, -20.0, -15.0, -15.0, -30.0, -40.0, -20.0, -10.0]",60.0
CGMacros-029,prediabetes,C05,3423.7251931403152,27,216,44,mixT_grpTH,0,all,3,5,5,3.9375,0.375,0.375,0.375,1.2698412698412698,3.3333333333333335,2.0,"[0.0, 2.0, 8.0]",
CGMacros-029,prediabetes,C05-15,3423.7251931403152,27,216,44,mixT_grpTH,0,all,6,2,2,3.9375,0.75,0.75,0.75,0.5079365079365079,-1.5,-1.5,"[0.0, -3.0, 2.0, -13.0, -3.0, 8.0]",
CGMacros-029,prediabetes,native,3423.7251931403152,27,216,44,mixT_grpTH,0,all,10,2,2,3.9375,0.8333333333333334,0.8333333333333334,0.8333333333333334,0.5079365079365079,-7.5,-5.0,"[0.0, -20.0, -10.0, -5.0, -5.0, 0.0, -15.0, -20.0, -5.0, 5.0]",60.0
CGMacros-030,T2D,C05,3389.934902718269,27,216,44,mixed,0,all,3,7,6,3.6527777777777777,0.3333333333333333,0.3,0.3157894736842105,1.9163498098859315,29.0,23.0,"[49.0, 23.0, 15.0]",
CGMacros-030,T2D,C05-15,3389.934902718269,27,216,44,mixed,0,all,5,5,4,3.6527777777777777,0.5555555555555556,0.5,0.5263157894736842,1.3688212927756653,12.8,15.0,"[-12.0, 49.0, 23.0, 15.0, -11.0]",
CGMacros-030,T2D,native,3389.934902718269,27,216,44,mixed,0,all,6,6,3,3.6527777777777777,0.6666666666666666,0.5,0.5714285714285714,1.6425855513307985,-10.833333333333334,-15.0,"[-15.0, -35.0, -35.0, 20.0, 15.0, -15.0]",50.0
CGMacros-030,T2D,C05,3538.8956859493337,22,75,15,cross,0,healthy,3,7,6,3.6527777777777777,0.3333333333333333,0.3,0.3157894736842105,1.9163498098859315,29.0,18.0,"[54.0, 18.0, 15.0]",
CGMacros-030,T2D,C05-15,3538.8956859493337,22,75,15,cross,0,healthy,5,5,4,3.6527777777777777,0.5555555555555556,0.5,0.5263157894736842,1.3688212927756653,13.8,15.0,"[-7.0, 54.0, 18.0, 15.0, -11.0]",
CGMacros-030,T2D,native,3538.8956859493337,22,75,15,cross,0,healthy,6,5,3,3.6527777777777777,0.6666666666666666,0.5454545454545454,0.6,1.3688212927756653,-9.166666666666666,-12.5,"[-10.0, -30.0, -30.0, 15.0, 15.0, -15.0]",42.5
CGMacros-030,T2D,C05,6269.156079759945,27,77,16,cross,0,prediabetes,3,6,6,3.6527777777777777,0.3333333333333333,0.3333333333333333,0.3333333333333333,1.6425855513307985,40.666666666666664,33.0,"[59.0, 33.0, 30.0]",
CGMacros-030,T2D,C05-15,6269.156079759945,27,77,16,cross,0,prediabetes,5,4,4,3.6527777777777777,0.5555555555555556,0.5555555555555556,0.5555555555555556,1.0950570342205324,23.8,30.0,"[-2.0, 59.0, 33.0, 30.0, -1.0]",
CGMacros-030,T2D,native,6269.156079759945,27,77,16,cross,0,prediabetes,6,4,3,3.6527777777777777,0.6666666666666666,0.6,0.631578947368421,1.0950570342205324,0.0,-5.0,"[-5.0, -25.0, -25.0, 30.0, 30.0, -5.0]",60.0
CGMacros-030,T2D,C05,9941.756846370125,32,64,13,grouped,0,T2D,3,7,6,3.6527777777777777,0.3333333333333333,0.3,0.3157894736842105,1.9163498098859315,15.666666666666666,8.0,"[39.0, 8.0, 0.0]",
CGMacros-030,T2D,C05-15,9941.756846370125,32,64,13,grouped,0,T2D,3,7,6,3.6527777777777777,0.3333333333333333,0.3,0.3157894736842105,1.9163498098859315,15.666666666666666,8.0,"[39.0, 8.0, 0.0]",
CGMacros-030,T2D,native,9941.756846370125,32,64,13,grouped,0,T2D,6,6,3,3.6527777777777777,0.6666666666666666,0.5,0.5714285714285714,1.6425855513307985,-25.0,-27.5,"[-30.0, -50.0, -50.0, 5.0, 0.0, -25.0]",52.5
CGMacros-030,T2D,C05,5994.859648963433,27,216,44,mixT_grpTH,0,all,3,6,6,3.6527777777777777,0.3333333333333333,0.3333333333333333,0.3333333333333333,1.6425855513307985,29.0,23.0,"[49.0, 23.0, 15.0]",
CGMacros-030,T2D,C05-15,5994.859648963433,27,216,44,mixT_grpTH,0,all,5,4,4,3.6527777777777777,0.5555555555555556,0.5555555555555556,0.5555555555555556,1.0950570342205324,12.8,15.0,"[-12.0, 49.0, 23.0, 15.0, -11.0]",
CGMacros-030,T2D,native,5994.859648963433,27,216,44,mixT_grpTH,0,all,6,4,3,3.6527777777777777,0.6666666666666666,0.6,0.631578947368421,1.0950570342205324,-10.833333333333334,-15.0,"[-15.0, -35.0, -35.0, 20.0, 15.0, -15.0]",50.0
CGMacros-031,healthy,C05,3559.8221394913307,27,216,44,mixed,0,all,4,1,13,3.2743055555555554,0.23529411764705882,0.8,0.36363636363636365,0.3054082714740191,10.25,11.5,"[14.0, 14.0, 4.0, 9.0]",
CGMacros-031,healthy,C05-15,3559.8221394913307,27,216,44,mixed,0,all,5,0,12,3.2743055555555554,0.29411764705882354,1.0,0.45454545454545453,0.0,7.0,9.0,"[-6.0, 14.0, 14.0, 4.0, 9.0]",
CGMacros-031,healthy,native,3559.8221394913307,27,216,44,mixed,0,all,5,0,13,3.2743055555555554,0.2777777777777778,1.0,0.43478260869565216,0.0,3.0,5.0,"[-10.0, 10.0, 10.0, 0.0, 5.0]",70.0
CGMacros-031,healthy,C05,1321.0377117324279,22,70,14,grouped,0,healthy,6,3,11,3.2743055555555554,0.35294117647058826,0.6666666666666666,0.46153846153846156,0.9162248144220573,28.833333333333332,16.5,"[19.0, 19.0, 14.0, 4.0, 103.0, 14.0]",
CGMacros-031,healthy,C05-15,1321.0377117324279,22,70,14,grouped,0,healthy,7,2,10,3.2743055555555554,0.4117647058823529,0.7777777777777778,0.5384615384615384,0.6108165429480382,24.571428571428573,14.0,"[19.0, -1.0, 19.0, 14.0, 4.0, 103.0, 14.0]",
CGMacros-031,healthy,native,1321.0377117324279,22,70,14,grouped,0,healthy,10,1,8,3.2743055555555554,0.5555555555555556,0.9090909090909091,0.6896551724137931,0.3054082714740191,2.0,5.0,"[-35.0, 15.0, -5.0, 15.0, 10.0, 0.0, 55.0, -20.0, 10.0, -25.0]",60.0
CGMacros-031,healthy,C05,2241.3066671430643,27,77,16,cross,0,prediabetes,9,2,8,3.2743055555555554,0.5294117647058824,0.8181818181818182,0.6428571428571429,0.6108165429480382,33.44444444444444,24.0,"[57.0, 29.0, 4.0, 24.0, 24.0, 14.0, 98.0, 19.0, 32.0]",
CGMacros-031,healthy,C05-15,2241.3066671430643,27,77,16,cross,0,prediabetes,10,1,7,3.2743055555555554,0.5882352941176471,0.9090909090909091,0.7142857142857143,0.3054082714740191,28.8,24.0,"[57.0, 29.0, 4.0, 24.0, 24.0, 14.0, 98.0, 19.0, -13.0, 32.0]",
CGMacros-031,healthy,native,2241.3066671430643,27,77,16,cross,0,prediabetes,10,2,8,3.2743055555555554,0.5555555555555556,0.8333333333333334,0.6666666666666666,0.6108165429480382,13.0,17.5,"[-25.0, 25.0, 0.0, 20.0, 20.0, 10.0, 50.0, 15.0, -15.0, 30.0]",82.5
CGMacros-031,healthy,C05,5332.754445726088,32,69,14,cross,0,T2D,2,4,15,3.2743055555555554,0.11764705882352941,0.3333333333333333,0.17391304347826086,1.2216330858960764,75.0,75.0,"[42.0, 108.0]",
CGMacros-031,healthy,C05-15,5332.754445726088,32,69,14,cross,0,T2D,5,1,12,3.2743055555555554,0.29411764705882354,0.8333333333333334,0.43478260869565216,0.3054082714740191,24.4,-6.0,"[42.0, -6.0, -11.0, 108.0, -11.0]",
CGMacros-031,healthy,native,5332.754445726088,32,69,14,cross,0,T2D,7,1,11,3.2743055555555554,0.3888888888888889,0.875,0.5384615384615384,0.3054082714740191,-1.4285714285714286,-10.0,"[40.0, -30.0, -10.0, -10.0, -15.0, 30.0, -15.0]",70.0
CGMacros-031,healthy,C05,2138.5167401574327,27,216,44,mixT_grpTH,0,all,8,3,9,3.2743055555555554,0.47058823529411764,0.7272727272727273,0.5714285714285714,0.9162248144220573,32.75,19.0,"[52.0, 24.0, 14.0, 14.0, 4.0, 118.0, 9.0, 27.0]",
CGMacros-031,healthy,C05-15,2138.5167401574327,27,216,44,mixT_grpTH,0,all,9,2,8,3.2743055555555554,0.5294117647058824,0.8181818181818182,0.6428571428571429,0.6108165429480382,28.444444444444443,14.0,"[52.0, 24.0, -6.0, 14.0, 14.0, 4.0, 118.0, 9.0, 27.0]",
CGMacros-031,healthy,native,2138.5167401574327,27,216,44,mixT_grpTH,0,all,10,2,8,3.2743055555555554,0.5555555555555556,0.8333333333333334,0.6666666666666666,0.6108165429480382,4.0,7.5,"[-35.0, 20.0, -10.0, 10.0, 10.0, 0.0, 40.0, 5.0, -25.0, 25.0]",72.5
CGMacros-032,healthy,C05,3661.046186433625,27,216,44,mixed,0,all,4,11,1,3.4652777777777777,0.8,0.26666666666666666,0.4,3.1743486973947896,85.0,96.0,"[97.0, 109.0, 39.0, 95.0]",
CGMacros-032,healthy,C05-15,3661.046186433625,27,216,44,mixed,0,all,4,11,1,3.4652777777777777,0.8,0.26666666666666666,0.4,3.1743486973947896,72.5,96.0,"[97.0, 109.0, -11.0, 95.0]",
CGMacros-032,healthy,native,3661.046186433625,27,216,44,mixed,0,all,5,15,3,3.4652777777777777,0.625,0.25,0.35714285714285715,4.328657314629258,-28.0,-15.0,"[-15.0, -75.0, -15.0, -20.0, -15.0]",50.0
CGMacros-032,healthy,C05,1309.2756694443342,23,70,14,grouped,0,healthy,4,18,1,3.4652777777777777,0.8,0.18181818181818182,0.2962962962962963,5.19438877755511,67.5,77.0,"[2.0, 114.0, 54.0, 100.0]",
CGMacros-032,healthy,C05-15,1309.2756694443342,23,70,14,grouped,0,healthy,4,17,1,3.4652777777777777,0.8,0.19047619047619047,0.3076923076923077,4.9058116232464934,23.75,0.5,"[2.0, -1.0, -6.0, 100.0]",
CGMacros-032,healthy,native,1309.2756694443342,23,70,14,grouped,0,healthy,7,21,1,3.4652777777777777,0.875,0.25,0.3888888888888889,6.060120240480962,-19.285714285714285,-10.0,"[-5.0, -65.0, -5.0, -10.0, -30.0, -10.0, -10.0]",45.0
CGMacros-032,healthy,C05,2241.3066671430643,27,77,16,cross,0,prediabetes,4,17,1,3.4652777777777777,0.8,0.19047619047619047,0.3076923076923077,4.9058116232464934,70.0,77.0,"[7.0, 119.0, 49.0, 105.0]",
CGMacros-032,healthy,C05-15,2241.3066671430643,27,77,16,cross,0,prediabetes,4,16,1,3.4652777777777777,0.8,0.2,0.32,4.617234468937876,27.5,3.0,"[7.0, -1.0, -1.0, 105.0]",
CGMacros-032,healthy,native,2241.3066671430643,27,77,16,cross,0,prediabetes,8,21,0,3.4652777777777777,1.0,0.27586206896551724,0.43243243243243246,6.060120240480962,-25.0,-10.0,"[-5.0, -70.0, -5.0, -10.0, -25.0, -10.0, -5.0, -70.0]",55.0
CGMacros-032,healthy,C05,4740.471435005718,32,69,14,cross,0,T2D,4,12,1,3.4652777777777777,0.8,0.25,0.38095238095238093,3.4629258517034067,98.75,98.0,"[97.0, 99.0, 114.0, 85.0]",
CGMacros-032,healthy,C05-15,4740.471435005718,32,69,14,cross,0,T2D,4,12,1,3.4652777777777777,0.8,0.25,0.38095238095238093,3.4629258517034067,67.5,91.0,"[97.0, 99.0, -11.0, 85.0]",
CGMacros-032,healthy,native,4740.471435005718,32,69,14,cross,0,T2D,5,16,3,3.4652777777777777,0.625,0.23809523809523808,0.3448275862068966,4.617234468937876,-43.0,-35.0,"[-35.0, -90.0, -35.0, -40.0, -15.0]",45.0
CGMacros-032,healthy,C05,2139.6259389105944,27,216,44,mixT_grpTH,0,all,4,18,1,3.4652777777777777,0.8,0.18181818181818182,0.2962962962962963,5.19438877755511,85.0,96.0,"[97.0, 109.0, 39.0, 95.0]",
CGMacros-032,healthy,C05-15,2139.6259389105944,27,216,44,mixT_grpTH,0,all,4,16,1,3.4652777777777777,0.8,0.2,0.32,4.617234468937876,17.5,-7.0,"[-8.0, -6.0, -11.0, 95.0]",
CGMacros-032,healthy,native,2139.6259389105944,27,216,44,mixT_grpTH,0,all,8,19,0,3.4652777777777777,1.0,0.2962962962962963,0.45714285714285713,5.482965931863728,-31.875,-17.5,"[-15.0, -75.0, -10.0, -15.0, -30.0, -20.0, -15.0, -75.0]",47.5
CGMacros-033,healthy,C05,3601.084271730313,27,216,44,mixed,0,all,3,16,10,3.8472222222222223,0.23076923076923078,0.15789473684210525,0.1875,4.15884476534296,48.0,30.0,"[114.0, 0.0, 30.0]",
CGMacros-033,healthy,C05-15,3601.084271730313,27,216,44,mixed,0,all,4,14,9,3.8472222222222223,0.3076923076923077,0.2222222222222222,0.25806451612903225,3.63898916967509,24.25,-1.0,"[-2.0, 114.0, 0.0, -15.0]",
CGMacros-033,healthy,native,3601.084271730313,27,216,44,mixed,0,all,10,14,3,3.8472222222222223,0.7692307692307693,0.4166666666666667,0.5405405405405406,3.63898916967509,-19.5,-22.5,"[-5.0, -25.0, -25.0, 0.0, -20.0, -20.0, -25.0, -30.0, -30.0, -15.0]",42.5
CGMacros-033,healthy,C05,1241.6592846439016,23,70,14,grouped,0,healthy,5,17,8,3.8472222222222223,0.38461538461538464,0.22727272727272727,0.2857142857142857,4.418772563176895,39.2,39.0,"[8.0, 94.0, 5.0, 39.0, 50.0]",
CGMacros-033,healthy,C05-15,1241.6592846439016,23,70,14,grouped,0,healthy,7,14,6,3.8472222222222223,0.5384615384615384,0.3333333333333333,0.4117647058823529,3.63898916967509,-6.142857142857143,-11.0,"[8.0, -11.0, 5.0, -11.0, -13.0, -11.0, -10.0]",
CGMacros-033,healthy,native,1241.6592846439016,23,70,14,grouped,0,healthy,11,21,2,3.8472222222222223,0.8461538461538461,0.34375,0.4888888888888889,5.458483754512636,-17.272727272727273,-15.0,"[5.0, -15.0, -70.0, -20.0, 5.0, -15.0, -15.0, -20.0, -20.0, -15.0, -10.0]",40.0
CGMacros-033,healthy,C05,2225.669593130211,27,77,16,cross,0,prediabetes,3,18,10,3.8472222222222223,0.23076923076923078,0.14285714285714285,0.17647058823529413,4.67870036101083,22.666666666666668,10.0,"[8.0, 10.0, 50.0]",
CGMacros-033,healthy,C05-15,2225.669593130211,27,77,16,cross,0,prediabetes,10,10,3,3.8472222222222223,0.7692307692307693,0.5,0.6060606060606061,2.5992779783393503,-4.9,-7.0,"[8.0, -11.0, -11.0, 10.0, -1.0, -8.0, -12.0, -13.0, -6.0, -5.0]",
CGMacros-033,healthy,native,2225.669593130211,27,77,16,cross,0,prediabetes,10,18,3,3.8472222222222223,0.7692307692307693,0.35714285714285715,0.4878048780487805,4.67870036101083,-14.0,-12.5,"[5.0, -15.0, -15.0, 10.0, -5.0, -75.0, -15.0, -15.0, -10.0, -5.0]",52.5
CGMacros-033,healthy,C05,4804.235778764254,32,69,14,cross,0,T2D,4,14,9,3.8472222222222223,0.3076923076923077,0.2222222222222222,0.25806451612903225,3.63898916967509,74.0,96.0,"[93.0, 99.0, 0.0, 104.0]",
CGMacros-033,healthy,C05-15,4804.235778764254,32,69,14,cross,0,T2D,5,13,8,3.8472222222222223,0.38461538461538464,0.2777777777777778,0.3225806451612903,3.3790613718411553,56.2,93.0,"[93.0, 99.0, 0.0, 104.0, -15.0]",
CGMacros-033,healthy,native,4804.235778764254,32,69,14,cross,0,T2D,10,13,3,3.8472222222222223,0.7692307692307693,0.43478260869565216,0.5555555555555556,3.3790613718411553,-34.0,-37.5,"[-20.0, -40.0, -40.0, 0.0, -30.0, -60.0, -35.0, -50.0, -50.0, -15.0]",42.5
CGMacros-033,healthy,C05,2154.193580810992,27,216,44,mixT_grpTH,0,all,4,16,9,3.8472222222222223,0.3076923076923077,0.2,0.24242424242424243,4.15884476534296,60.5,64.0,"[98.0, 114.0, 0.0, 30.0]",
CGMacros-033,healthy,C05-15,2154.193580810992,27,216,44,mixT_grpTH,0,all,4,14,9,3.8472222222222223,0.3076923076923077,0.2222222222222222,0.25806451612903225,3.63898916967509,24.25,-1.0,"[-2.0, 114.0, 0.0, -15.0]",
CGMacros-033,healthy,native,2154.193580810992,27,216,44,mixT_grpTH,0,all,10,18,3,3.8472222222222223,0.7692307692307693,0.35714285714285715,0.4878048780487805,4.67870036101083,-19.5,-22.5,"[-5.0, -25.0, -25.0, 0.0, -20.0, -20.0, -25.0, -30.0, -30.0, -15.0]",42.5
CGMacros-034,healthy,C05,3543.119717712234,27,216,44,mixed,0,all,3,4,14,4.284722222222222,0.17647058823529413,0.42857142857142855,0.25,0.93354943273906,82.33333333333333,66.0,"[119.0, 62.0, 66.0]",
CGMacros-034,healthy,C05-15,3543.119717712234,27,216,44,mixed,0,all,3,4,14,4.284722222222222,0.17647058823529413,0.42857142857142855,0.25,0.93354943273906,82.33333333333333,66.0,"[119.0, 62.0, 66.0]",
CGMacros-034,healthy,native,3543.119717712234,27,216,44,mixed,0,all,5,3,13,4.284722222222222,0.2777777777777778,0.625,0.38461538461538464,0.7001620745542949,-27.0,-25.0,"[-20.0, -35.0, -25.0, -30.0, -25.0]",40.0
CGMacros-034,healthy,C05,1245.2822893741104,23,70,14,grouped,0,healthy,5,11,12,4.284722222222222,0.29411764705882354,0.3125,0.30303030303030304,2.5672609400324147,69.2,86.0,"[3.0, 87.0, 84.0, 86.0, 86.0]",
CGMacros-034,healthy,C05-15,1245.2822893741104,23,70,14,grouped,0,healthy,10,6,7,4.284722222222222,0.5882352941176471,0.625,0.6060606060606061,1.4003241491085898,30.8,-0.5,"[3.0, 87.0, 84.0, -7.0, -4.0, -14.0, -6.0, 86.0, 86.0, -7.0]",
CGMacros-034,healthy,native,1245.2822893741104,23,70,14,grouped,0,healthy,12,9,6,4.284722222222222,0.6666666666666666,0.5714285714285714,0.6153846153846154,2.1004862236628847,-17.916666666666668,-10.0,"[20.0, 0.0, -30.0, -10.0, -10.0, -5.0, -15.0, -10.0, -65.0, -20.0, -5.0, -65.0]",45.0
CGMacros-034,healthy,C05,2241.3066671430643,27,77,16,cross,0,prediabetes,5,8,12,4.284722222222222,0.29411764705882354,0.38461538461538464,0.3333333333333333,1.86709886547812,62.8,72.0,"[72.0, 76.0, 94.0, 1.0, 71.0]",
CGMacros-034,healthy,C05-15,2241.3066671430643,27,77,16,cross,0,prediabetes,7,6,10,4.284722222222222,0.4117647058823529,0.5384615384615384,0.4666666666666667,1.4003241491085898,41.857142857142854,71.0,"[-7.0, 72.0, -14.0, 76.0, 94.0, 1.0, 71.0]",
CGMacros-034,healthy,native,2241.3066671430643,27,77,16,cross,0,prediabetes,11,6,7,4.284722222222222,0.6111111111111112,0.6470588235294118,0.6285714285714286,1.4003241491085898,-22.272727272727273,-15.0,"[10.0, -10.0, -40.0, -25.0, -15.0, -20.0, -70.0, -15.0, 15.0, 0.0, -75.0]",50.0
CGMacros-034,healthy,C05,5332.754445726088,32,69,14,cross,0,T2D,5,3,12,4.284722222222222,0.29411764705882354,0.625,0.4,0.7001620745542949,80.4,84.0,"[99.0, 47.0, 116.0, 56.0, 84.0]",
CGMacros-034,healthy,C05-15,5332.754445726088,32,69,14,cross,0,T2D,5,3,12,4.284722222222222,0.29411764705882354,0.625,0.4,0.7001620745542949,80.4,84.0,"[99.0, 47.0, 116.0, 56.0, 84.0]",
CGMacros-034,healthy,native,5332.754445726088,32,69,14,cross,0,T2D,6,3,12,4.284722222222222,0.3333333333333333,0.6666666666666666,0.4444444444444444,0.7001620745542949,-34.166666666666664,-40.0,"[-40.0, -50.0, -45.0, -40.0, -35.0, 5.0]",40.0
CGMacros-034,healthy,C05,2443.070166985064,27,216,44,mixT_grpTH,0,all,5,6,12,4.284722222222222,0.29411764705882354,0.45454545454545453,0.35714285714285715,1.4003241491085898,79.4,66.0,"[119.0, 62.0, 66.0, 89.0, 61.0]",
CGMacros-034,healthy,C05-15,2443.070166985064,27,216,44,mixT_grpTH,0,all,5,6,12,4.284722222222222,0.29411764705882354,0.45454545454545453,0.35714285714285715,1.4003241491085898,79.4,66.0,"[119.0, 62.0, 66.0, 89.0, 61.0]",
CGMacros-034,healthy,native,2443.070166985064,27,216,44,mixT_grpTH,0,all,7,7,11,4.284722222222222,0.3888888888888889,0.5,0.4375,1.633711507293355,-17.857142857142858,-25.0,"[0.0, -20.0, -35.0, -25.0, -30.0, -25.0, 10.0]",40.0
CGMacros-035,T2D,C05,3422.3935022560654,27,216,44,mixed,0,all,3,11,4,3.920138888888889,0.42857142857142855,0.21428571428571427,0.2857142857142857,2.8060230292294066,19.666666666666668,18.0,"[4.0, 37.0, 18.0]",
CGMacros-035,T2D,C05-15,3422.3935022560654,27,216,44,mixed,0,all,4,10,3,3.920138888888889,0.5714285714285714,0.2857142857142857,0.38095238095238093,2.5509300265721877,14.5,11.0,"[4.0, 37.0, -1.0, 18.0]",
CGMacros-035,T2D,native,3422.3935022560654,27,216,44,mixed,0,all,9,11,1,3.920138888888889,0.9,0.45,0.6,2.8060230292294066,-3.888888888888889,-5.0,"[0.0, -10.0, 35.0, -5.0, 5.0, -30.0, -35.0, -10.0, 15.0]",60.0
CGMacros-035,T2D,C05,3384.2856400866294,22,75,15,cross,0,healthy,3,8,4,3.920138888888889,0.42857142857142855,0.2727272727272727,0.3333333333333333,2.0407440212577503,24.666666666666668,28.0,"[42.0, 4.0, 28.0]",
CGMacros-035,T2D,C05-15,3384.2856400866294,22,75,15,cross,0,healthy,4,7,3,3.920138888888889,0.5714285714285714,0.36363636363636365,0.4444444444444444,1.7856510186005314,18.25,16.0,"[-1.0, 42.0, 4.0, 28.0]",
CGMacros-035,T2D,native,3384.2856400866294,22,75,15,cross,0,healthy,8,6,2,3.920138888888889,0.8,0.5714285714285714,0.6666666666666666,1.5305580159433128,1.25,-5.0,"[-5.0, -10.0, 40.0, 0.0, -5.0, -25.0, -10.0, 25.0]",50.0
CGMacros-035,T2D,C05,6146.5411504187505,27,77,16,cross,0,prediabetes,4,6,3,3.920138888888889,0.5714285714285714,0.4,0.47058823529411764,1.5305580159433128,24.5,21.0,"[9.0, 47.0, 14.0, 28.0]",
CGMacros-035,T2D,C05-15,6146.5411504187505,27,77,16,cross,0,prediabetes,5,5,2,3.920138888888889,0.7142857142857143,0.5,0.5882352941176471,1.2754650132860939,16.8,14.0,"[9.0, 47.0, 14.0, -14.0, 28.0]",
CGMacros-035,T2D,native,6146.5411504187505,27,77,16,cross,0,prediabetes,8,6,2,3.920138888888889,0.8,0.5714285714285714,0.6666666666666666,1.5305580159433128,10.0,7.5,"[5.0, 0.0, 45.0, 10.0, 10.0, -15.0, 0.0, 25.0]",72.5
CGMacros-035,T2D,C05,11053.618230659107,33,64,13,grouped,0,T2D,1,7,6,3.920138888888889,0.14285714285714285,0.125,0.13333333333333333,1.7856510186005314,17.0,17.0,[17.0],
CGMacros-035,T2D,C05-15,11053.618230659107,33,64,13,grouped,0,T2D,2,6,5,3.920138888888889,0.2857142857142857,0.25,0.26666666666666666,1.5305580159433128,5.5,5.5,"[-6.0, 17.0]",
CGMacros-035,T2D,native,11053.618230659107,33,64,13,grouped,0,T2D,7,5,3,3.920138888888889,0.7,0.5833333333333334,0.6363636363636364,1.2754650132860939,-19.285714285714285,-25.0,"[-10.0, -30.0, 15.0, -25.0, -10.0, -50.0, -25.0]",55.0
CGMacros-035,T2D,C05,5997.749457988761,27,216,44,mixT_grpTH,0,all,3,7,4,3.920138888888889,0.42857142857142855,0.3,0.35294117647058826,1.7856510186005314,19.666666666666668,18.0,"[4.0, 37.0, 18.0]",
CGMacros-035,T2D,C05-15,5997.749457988761,27,216,44,mixT_grpTH,0,all,4,6,3,3.920138888888889,0.5714285714285714,0.4,0.47058823529411764,1.5305580159433128,14.5,11.0,"[4.0, 37.0, -1.0, 18.0]",
CGMacros-035,T2D,native,5997.749457988761,27,216,44,mixT_grpTH,0,all,8,6,2,3.920138888888889,0.8,0.5714285714285714,0.6666666666666666,1.5305580159433128,0.0,-2.5,"[0.0, -10.0, 35.0, -5.0, 5.0, -30.0, -10.0, 15.0]",62.5
CGMacros-036,T2D,C05,3522.7046330688536,27,216,44,mixed,0,all,5,6,7,3.954861111111111,0.4166666666666667,0.45454545454545453,0.43478260869565216,1.5171202809482,45.2,10.0,"[9.0, 109.0, 6.0, 10.0, 92.0]",
CGMacros-036,T2D,C05-15,3522.7046330688536,27,216,44,mixed,0,all,6,3,6,3.954861111111111,0.5,0.6666666666666666,0.5714285714285714,0.7585601404741,-0.16666666666666666,2.0,"[9.0, -11.0, -2.0, 6.0, 10.0, -13.0]",
CGMacros-036,T2D,native,3522.7046330688536,27,216,44,mixed,0,all,8,3,4,3.954861111111111,0.6666666666666666,0.7272727272727273,0.6956521739130435,0.7585601404741,-8.75,-10.0,"[5.0, -15.0, -5.0, -30.0, 5.0, 10.0, -25.0, -15.0]",55.0
CGMacros-036,T2D,C05,3384.2856400866294,22,75,15,cross,0,healthy,2,4,10,3.954861111111111,0.16666666666666666,0.3333333333333333,0.2222222222222222,1.0114135206321335,25.5,25.5,"[14.0, 37.0]",
CGMacros-036,T2D,C05-15,3384.2856400866294,22,75,15,cross,0,healthy,4,2,8,3.954861111111111,0.3333333333333333,0.6666666666666666,0.4444444444444444,0.5057067603160668,9.25,4.0,"[14.0, -6.0, 37.0, -8.0]",
CGMacros-036,T2D,native,3384.2856400866294,22,75,15,cross,0,healthy,5,1,7,3.954861111111111,0.4166666666666667,0.8333333333333334,0.5555555555555556,0.2528533801580334,-12.0,-10.0,"[10.0, -10.0, -30.0, -20.0, -10.0]",45.0
CGMacros-036,T2D,C05,6691.664222005977,27,77,16,cross,0,prediabetes,2,3,10,3.954861111111111,0.16666666666666666,0.4,0.23529411764705882,0.7585601404741,11.5,11.5,"[19.0, 4.0]",
CGMacros-036,T2D,C05-15,6691.664222005977,27,77,16,cross,0,prediabetes,4,1,8,3.954861111111111,0.3333333333333333,0.8,0.47058823529411764,0.2528533801580334,2.25,0.5,"[19.0, 4.0, -11.0, -3.0]",
CGMacros-036,T2D,native,6691.664222005977,27,77,16,cross,0,prediabetes,5,0,7,3.954861111111111,0.4166666666666667,1.0,0.5882352941176471,0.0,-5.0,-5.0,"[15.0, 0.0, -20.0, -15.0, -5.0]",60.0
CGMacros-036,T2D,C05,12081.739926955182,33,64,13,grouped,0,T2D,1,8,11,3.954861111111111,0.08333333333333333,0.1111111111111111,0.09523809523809523,2.022827041264267,82.0,82.0,[82.0],
CGMacros-036,T2D,C05-15,12081.739926955182,33,64,13,grouped,0,T2D,3,6,9,3.954861111111111,0.25,0.3333333333333333,0.2857142857142857,1.5171202809482,22.0,-5.0,"[-11.0, -5.0, 82.0]",
CGMacros-036,T2D,native,12081.739926955182,33,64,13,grouped,0,T2D,7,2,5,3.954861111111111,0.5833333333333334,0.7777777777777778,0.6666666666666666,0.5057067603160668,-30.0,-35.0,"[-15.0, -35.0, -25.0, -50.0, -5.0, -45.0, -35.0]",45.0
CGMacros-036,T2D,C05,4444.646266249896,27,216,44,mixT_grpTH,0,all,5,6,7,3.954861111111111,0.4166666666666667,0.45454545454545453,0.43478260869565216,1.5171202809482,45.2,10.0,"[9.0, 109.0, 6.0, 10.0, 92.0]",
CGMacros-036,T2D,C05-15,4444.646266249896,27,216,44,mixT_grpTH,0,all,6,3,6,3.954861111111111,0.5,0.6666666666666666,0.5714285714285714,0.7585601404741,-0.16666666666666666,2.0,"[9.0, -11.0, -2.0, 6.0, 10.0, -13.0]",
CGMacros-036,T2D,native,4444.646266249896,27,216,44,mixT_grpTH,0,all,8,3,4,3.954861111111111,0.6666666666666666,0.7272727272727273,0.6956521739130435,0.7585601404741,-8.75,-10.0,"[5.0, -15.0, -5.0, -30.0, 5.0, 10.0, -25.0, -15.0]",55.0
CGMacros-038,T2D,C05,3530.278078347197,27,216,44,mixed,0,all,4,3,9,3.6805555555555554,0.3076923076923077,0.5714285714285714,0.4,0.8150943396226416,37.75,40.0,"[25.0, 70.0, 1.0, 55.0]",
CGMacros-038,T2D,C05-15,3530.278078347197,27,216,44,mixed,0,all,5,2,8,3.6805555555555554,0.38461538461538464,0.7142857142857143,0.5,0.5433962264150943,28.6,25.0,"[-8.0, 25.0, 70.0, 1.0, 55.0]",
CGMacros-038,T2D,native,3530.278078347197,27,216,44,mixed,0,all,9,5,5,3.6805555555555554,0.6428571428571429,0.6428571428571429,0.6428571428571429,1.358490566037736,-5.0,-10.0,"[-30.0, -20.0, -10.0, -35.0, 25.0, -20.0, 0.0, 55.0, -10.0]",55.0
CGMacros-038,T2D,C05,3508.4133789964726,22,75,15,cross,0,healthy,0,5,13,3.6805555555555554,0.0,0.0,0.0,1.358490566037736,,,[],
CGMacros-038,T2D,C05-15,3508.4133789964726,22,75,15,cross,0,healthy,3,2,10,3.6805555555555554,0.23076923076923078,0.6,0.3333333333333333,0.5433962264150943,-10.0,-13.0,"[-14.0, -3.0, -13.0]",
CGMacros-038,T2D,native,3508.4133789964726,22,75,15,cross,0,healthy,6,1,8,3.6805555555555554,0.42857142857142855,0.8571428571428571,0.5714285714285714,0.27169811320754716,-16.666666666666668,-15.0,"[-30.0, -15.0, -5.0, -30.0, -15.0, -5.0]",40.0
CGMacros-038,T2D,C05,6691.664222005977,27,77,16,cross,0,prediabetes,1,6,12,3.6805555555555554,0.07692307692307693,0.14285714285714285,0.1,1.630188679245283,2.0,2.0,[2.0],
CGMacros-038,T2D,C05-15,6691.664222005977,27,77,16,cross,0,prediabetes,3,4,10,3.6805555555555554,0.23076923076923078,0.42857142857142855,0.3,1.0867924528301887,-5.0,-8.0,"[-9.0, 2.0, -8.0]",
CGMacros-038,T2D,native,6691.664222005977,27,77,16,cross,0,prediabetes,6,3,8,3.6805555555555554,0.42857142857142855,0.6666666666666666,0.5217391304347826,0.8150943396226416,-10.833333333333334,-10.0,"[-20.0, -10.0, 0.0, -25.0, -10.0, 0.0]",55.0
CGMacros-038,T2D,C05,11048.509385450787,32,64,13,grouped,0,T2D,1,3,12,3.6805555555555554,0.07692307692307693,0.25,0.11764705882352941,0.8150943396226416,5.0,5.0,[5.0],
CGMacros-038,T2D,C05-15,11048.509385450787,32,64,13,grouped,0,T2D,2,2,11,3.6805555555555554,0.15384615384615385,0.5,0.23529411764705882,0.5433962264150943,-4.5,-4.5,"[5.0, -14.0]",
CGMacros-038,T2D,native,11048.509385450787,32,64,13,grouped,0,T2D,8,1,6,3.6805555555555554,0.5714285714285714,0.8888888888888888,0.6956521739130435,0.27169811320754716,-30.0,-37.5,"[-40.0, -40.0, -20.0, -55.0, 5.0, -40.0, -15.0, -35.0]",42.5
CGMacros-038,T2D,C05,6697.900109951253,27,216,44,mixT_grpTH,0,all,1,2,12,3.6805555555555554,0.07692307692307693,0.3333333333333333,0.125,0.5433962264150943,25.0,25.0,[25.0],
CGMacros-038,T2D,C05-15,6697.900109951253,27,216,44,mixT_grpTH,0,all,2,1,11,3.6805555555555554,0.15384615384615385,0.6666666666666666,0.25,0.27169811320754716,8.5,8.5,"[-8.0, 25.0]",
CGMacros-038,T2D,native,6697.900109951253,27,216,44,mixT_grpTH,0,all,7,1,7,3.6805555555555554,0.5,0.875,0.6363636363636364,0.27169811320754716,-14.285714285714286,-20.0,"[-30.0, -20.0, -10.0, -35.0, 25.0, -20.0, -10.0]",45.0
CGMacros-039,T2D,C05,3411.425737158661,27,216,44,mixed,0,all,6,8,6,4.774305555555555,0.5,0.42857142857142855,0.46153846153846156,1.6756363636363638,10.5,3.5,"[3.0, 4.0, 43.0, 0.0, 1.0, 12.0]",
CGMacros-039,T2D,C05-15,3411.425737158661,27,216,44,mixed,0,all,7,6,5,4.774305555555555,0.5833333333333334,0.5384615384615384,0.56,1.2567272727272727,2.4285714285714284,1.0,"[3.0, 4.0, -2.0, 0.0, 1.0, 12.0, -1.0]",
CGMacros-039,T2D,native,3411.425737158661,27,216,44,mixed,0,all,11,9,2,4.774305555555555,0.8461538461538461,0.55,0.6666666666666666,1.8850909090909092,-6.818181818181818,-5.0,"[0.0, -20.0, 0.0, -5.0, -15.0, 0.0, 0.0, 10.0, -20.0, -5.0, -20.0]",60.0
CGMacros-039,T2D,C05,3540.1281020622046,22,75,15,cross,0,healthy,2,3,10,4.774305555555555,0.16666666666666666,0.4,0.23529411764705882,0.6283636363636363,9.0,9.0,"[6.0, 12.0]",
CGMacros-039,T2D,C05-15,3540.1281020622046,22,75,15,cross,0,healthy,3,2,9,4.774305555555555,0.25,0.6,0.35294117647058826,0.41890909090909095,5.666666666666667,6.0,"[6.0, 12.0, -1.0]",
CGMacros-039,T2D,native,3540.1281020622046,22,75,15,cross,0,healthy,7,0,6,4.774305555555555,0.5384615384615384,1.0,0.7,0.0,-10.0,-15.0,"[-25.0, -15.0, 5.0, 10.0, -20.0, -5.0, -20.0]",40.0
CGMacros-039,T2D,C05,6691.664222005977,27,77,16,cross,0,prediabetes,4,4,8,4.774305555555555,0.3333333333333333,0.5,0.4,0.8378181818181819,25.0,16.5,"[58.0, 11.0, 22.0, 9.0]",
CGMacros-039,T2D,C05-15,6691.664222005977,27,77,16,cross,0,prediabetes,7,1,5,4.774305555555555,0.5833333333333334,0.875,0.7,0.20945454545454548,10.428571428571429,9.0,"[-10.0, 58.0, 11.0, 22.0, -9.0, 9.0, -8.0]",
CGMacros-039,T2D,native,6691.664222005977,27,77,16,cross,0,prediabetes,8,1,5,4.774305555555555,0.6153846153846154,0.8888888888888888,0.7272727272727273,0.20945454545454548,6.875,0.0,"[-10.0, 55.0, -5.0, 10.0, 20.0, -10.0, 5.0, -10.0]",65.0
CGMacros-039,T2D,C05,10011.247740289153,32,64,13,grouped,0,T2D,1,7,11,4.774305555555555,0.08333333333333333,0.125,0.1,1.4661818181818183,18.0,18.0,[18.0],
CGMacros-039,T2D,C05-15,10011.247740289153,32,64,13,grouped,0,T2D,4,4,8,4.774305555555555,0.3333333333333333,0.5,0.4,0.8378181818181819,-2.25,-6.5,"[18.0, -10.0, -14.0, -3.0]",
CGMacros-039,T2D,native,10011.247740289153,32,64,13,grouped,0,T2D,9,1,4,4.774305555555555,0.6923076923076923,0.9,0.782608695652174,0.20945454545454548,-18.88888888888889,-20.0,"[-35.0, 15.0, -30.0, -10.0, -15.0, -5.0, -35.0, -20.0, -35.0]",60.0
CGMacros-039,T2D,C05,6014.090833772363,27,216,44,mixT_grpTH,0,all,4,4,8,4.774305555555555,0.3333333333333333,0.5,0.4,0.8378181818181819,14.0,6.5,"[43.0, 0.0, 1.0, 12.0]",
CGMacros-039,T2D,C05-15,6014.090833772363,27,216,44,mixT_grpTH,0,all,5,3,7,4.774305555555555,0.4166666666666667,0.625,0.5,0.6283636363636363,11.0,1.0,"[43.0, 0.0, 1.0, 12.0, -1.0]",
CGMacros-039,T2D,native,6014.090833772363,27,216,44,mixT_grpTH,0,all,9,1,4,4.774305555555555,0.6923076923076923,0.9,0.782608695652174,0.20945454545454548,-3.3333333333333335,-5.0,"[-20.0, 40.0, -15.0, 0.0, 0.0, 10.0, -20.0, -5.0, -20.0]",60.0
CGMacros-041,prediabetes,C05,3505.033783963532,27,216,44,mixed,0,all,4,11,13,4.215277777777778,0.23529411764705882,0.26666666666666666,0.25,2.609555189456343,25.5,28.0,"[43.0, 16.0, 3.0, 40.0]",
CGMacros-041,prediabetes,C05-15,3505.033783963532,27,216,44,mixed,0,all,12,2,5,4.215277777777778,0.7058823529411765,0.8571428571428571,0.7741935483870968,0.4744645799011532,0.08333333333333333,-3.0,"[-1.0, 43.0, -4.0, -6.0, 16.0, 3.0, -15.0, -13.0, -11.0, -2.0, -7.0, -2.0]",
CGMacros-041,prediabetes,native,3505.033783963532,27,216,44,mixed,0,all,14,2,4,4.215277777777778,0.7777777777777778,0.875,0.8235294117647058,0.4744645799011532,-4.642857142857143,-7.5,"[-5.0, 40.0, -5.0, -10.0, -10.0, 15.0, 0.0, -15.0, -25.0, -15.0, -15.0, -5.0, -10.0, -5.0]",57.5
CGMacros-041,prediabetes,C05,1936.7227184398562,22,75,15,cross,0,healthy,4,11,13,4.215277777777778,0.23529411764705882,0.26666666666666666,0.25,2.609555189456343,31.75,35.5,"[48.0, 26.0, 8.0, 45.0]",
CGMacros-041,prediabetes,C05-15,1936.7227184398562,22,75,15,cross,0,healthy,12,2,5,4.215277777777778,0.7058823529411765,0.8571428571428571,0.7741935483870968,0.4744645799011532,1.75,-3.0,"[-1.0, 48.0, -4.0, -6.0, 26.0, 8.0, -15.0, -13.0, -11.0, -2.0, -7.0, -2.0]",
CGMacros-041,prediabetes,native,1936.7227184398562,22,75,15,cross,0,healthy,14,2,4,4.215277777777778,0.7777777777777778,0.875,0.8235294117647058,0.4744645799011532,-2.857142857142857,-5.0,"[-5.0, 45.0, -5.0, -5.0, -10.0, 25.0, 5.0, -15.0, -25.0, -15.0, -15.0, -5.0, -10.0, -5.0]",50.0
CGMacros-041,prediabetes,C05,3709.5420535883313,27,72,15,grouped,0,prediabetes,10,5,7,4.215277777777778,0.5882352941176471,0.6666666666666666,0.625,1.186161449752883,19.0,8.5,"[9.0, 53.0, 6.0, 4.0, 31.0, 13.0, 55.0, 8.0, 3.0, 8.0]",
CGMacros-041,prediabetes,C05-15,3709.5420535883313,27,72,15,grouped,0,prediabetes,13,1,4,4.215277777777778,0.7647058823529411,0.9285714285714286,0.8387096774193549,0.2372322899505766,8.692307692307692,6.0,"[9.0, 53.0, 6.0, 4.0, 31.0, 13.0, -5.0, -13.0, -3.0, -1.0, 8.0, 3.0, 8.0]",
CGMacros-041,prediabetes,native,3709.5420535883313,27,72,15,grouped,0,prediabetes,14,2,4,4.215277777777778,0.7777777777777778,0.875,0.8235294117647058,0.4744645799011532,5.714285714285714,2.5,"[5.0, 50.0, 5.0, 0.0, 0.0, 30.0, 10.0, -5.0, -15.0, -5.0, -5.0, 5.0, 0.0, 5.0]",67.5
CGMacros-041,prediabetes,C05,5673.107236637952,32,69,14,cross,0,T2D,1,13,16,4.215277777777778,0.058823529411764705,0.07142857142857142,0.06451612903225806,3.084019769357496,28.0,28.0,[28.0],
CGMacros-041,prediabetes,C05-15,5673.107236637952,32,69,14,cross,0,T2D,4,10,13,4.215277777777778,0.23529411764705882,0.2857142857142857,0.25806451612903225,2.372322899505766,1.25,-5.5,"[28.0, -4.0, -12.0, -7.0]",
CGMacros-041,prediabetes,native,5673.107236637952,32,69,14,cross,0,T2D,14,1,4,4.215277777777778,0.7777777777777778,0.9333333333333333,0.8484848484848485,0.2372322899505766,-18.928571428571427,-22.5,"[-20.0, 25.0, -20.0, -25.0, -25.0, -5.0, -15.0, -20.0, -40.0, -30.0, -30.0, -25.0, -25.0, -10.0]",57.5
CGMacros-041,prediabetes,C05,3569.6578565475975,27,216,44,mixT_grpTH,0,all,4,11,13,4.215277777777778,0.23529411764705882,0.26666666666666666,0.25,2.609555189456343,25.5,28.0,"[43.0, 16.0, 3.0, 40.0]",
CGMacros-041,prediabetes,C05-15,3569.6578565475975,27,216,44,mixT_grpTH,0,all,12,2,5,4.215277777777778,0.7058823529411765,0.8571428571428571,0.7741935483870968,0.4744645799011532,0.08333333333333333,-3.0,"[-1.0, 43.0, -4.0, -6.0, 16.0, 3.0, -15.0, -13.0, -11.0, -2.0, -7.0, -2.0]",
CGMacros-041,prediabetes,native,3569.6578565475975,27,216,44,mixT_grpTH,0,all,14,2,4,4.215277777777778,0.7777777777777778,0.875,0.8235294117647058,0.4744645799011532,-4.642857142857143,-7.5,"[-5.0, 40.0, -5.0, -10.0, -10.0, 15.0, 0.0, -15.0, -25.0, -15.0, -15.0, -5.0, -10.0, -5.0]",57.5
CGMacros-042,T2D,C05,3516.144016208924,27,216,44,mixed,0,all,4,13,4,4.368055555555555,0.5,0.23529411764705882,0.32,2.976152623211447,77.25,80.5,"[80.0, 35.0, 81.0, 113.0]",
CGMacros-042,T2D,C05-15,3516.144016208924,27,216,44,mixed,0,all,4,13,4,4.368055555555555,0.5,0.23529411764705882,0.32,2.976152623211447,77.25,80.5,"[80.0, 35.0, 81.0, 113.0]",
CGMacros-042,T2D,native,3516.144016208924,27,216,44,mixed,0,all,3,18,5,4.368055555555555,0.375,0.14285714285714285,0.20689655172413793,4.120826709062003,-5.0,-20.0,"[35.0, -20.0, -30.0]",45.0
CGMacros-042,T2D,C05,3384.2856400866294,22,75,15,cross,0,healthy,2,10,6,4.368055555555555,0.25,0.16666666666666666,0.2,2.289348171701113,62.5,62.5,"[80.0, 45.0]",
CGMacros-042,T2D,C05-15,3384.2856400866294,22,75,15,cross,0,healthy,3,9,5,4.368055555555555,0.375,0.25,0.3,2.0604133545310015,36.666666666666664,45.0,"[80.0, 45.0, -15.0]",
CGMacros-042,T2D,native,3384.2856400866294,22,75,15,cross,0,healthy,3,9,5,4.368055555555555,0.375,0.25,0.3,2.0604133545310015,0.0,-15.0,"[45.0, -15.0, -30.0]",40.0
CGMacros-042,T2D,C05,6146.5411504187505,27,77,16,cross,0,prediabetes,2,11,6,4.368055555555555,0.25,0.15384615384615385,0.19047619047619047,2.518282988871224,70.0,70.0,"[90.0, 50.0]",
CGMacros-042,T2D,C05-15,6146.5411504187505,27,77,16,cross,0,prediabetes,3,10,5,4.368055555555555,0.375,0.23076923076923078,0.2857142857142857,2.289348171701113,43.333333333333336,50.0,"[90.0, 50.0, -10.0]",
CGMacros-042,T2D,native,6146.5411504187505,27,77,16,cross,0,prediabetes,3,10,5,4.368055555555555,0.375,0.23076923076923078,0.2857142857142857,2.289348171701113,6.666666666666667,-10.0,"[50.0, -10.0, -20.0]",55.0
CGMacros-042,T2D,C05,10865.61795491814,32,64,13,grouped,0,T2D,4,9,4,4.368055555555555,0.5,0.3076923076923077,0.38095238095238093,2.0604133545310015,64.75,70.5,"[70.0, 20.0, 71.0, 98.0]",
CGMacros-042,T2D,C05-15,10865.61795491814,32,64,13,grouped,0,T2D,4,9,4,4.368055555555555,0.5,0.3076923076923077,0.38095238095238093,2.0604133545310015,64.75,70.5,"[70.0, 20.0, 71.0, 98.0]",
CGMacros-042,T2D,native,10865.61795491814,32,64,13,grouped,0,T2D,3,11,5,4.368055555555555,0.375,0.21428571428571427,0.2727272727272727,2.518282988871224,-21.666666666666668,-35.0,"[20.0, -35.0, -50.0]",45.0
CGMacros-042,T2D,C05,5717.525530081912,27,216,44,mixT_grpTH,0,all,3,11,5,4.368055555555555,0.375,0.21428571428571427,0.2727272727272727,2.518282988871224,76.0,80.0,"[80.0, 35.0, 113.0]",
CGMacros-042,T2D,C05-15,5717.525530081912,27,216,44,mixT_grpTH,0,all,3,11,5,4.368055555555555,0.375,0.21428571428571427,0.2727272727272727,2.518282988871224,76.0,80.0,"[80.0, 35.0, 113.0]",
CGMacros-042,T2D,native,5717.525530081912,27,216,44,mixT_grpTH,0,all,3,12,5,4.368055555555555,0.375,0.2,0.2608695652173913,2.7472178060413355,-5.0,-20.0,"[35.0, -20.0, -30.0]",45.0
CGMacros-043,prediabetes,C05,3598.019022476019,27,216,44,mixed,0,all,1,10,15,3.732638888888889,0.0625,0.09090909090909091,0.07407407407407407,2.6790697674418604,66.0,66.0,[66.0],
CGMacros-043,prediabetes,C05-15,3598.019022476019,27,216,44,mixed,0,all,5,6,11,3.732638888888889,0.3125,0.45454545454545453,0.37037037037037035,1.6074418604651164,9.0,-4.0,"[-10.0, -4.0, -5.0, -2.0, 66.0]",
CGMacros-043,prediabetes,native,3598.019022476019,27,216,44,mixed,0,all,12,2,8,3.732638888888889,0.6,0.8571428571428571,0.7058823529411765,0.5358139534883721,-9.583333333333334,-15.0,"[-10.0, 50.0, -5.0, -5.0, -35.0, -5.0, -25.0, -25.0, -25.0, -35.0, -20.0, 25.0]",50.0
CGMacros-043,prediabetes,C05,1998.5621392268895,22,75,15,cross,0,healthy,4,8,12,3.732638888888889,0.25,0.3333333333333333,0.2857142857142857,2.1432558139534885,47.25,57.5,"[1.0, 73.0, 66.0, 49.0]",
CGMacros-043,prediabetes,C05-15,1998.5621392268895,22,75,15,cross,0,healthy,5,6,11,3.732638888888889,0.3125,0.45454545454545453,0.37037037037037035,1.6074418604651164,20.8,1.0,"[-10.0, 1.0, -2.0, 66.0, 49.0]",
CGMacros-043,prediabetes,native,1998.5621392268895,22,75,15,cross,0,healthy,14,2,6,3.732638888888889,0.7,0.875,0.7777777777777778,0.5358139534883721,-7.142857142857143,-17.5,"[-10.0, -15.0, 0.0, -30.0, -5.0, -30.0, -25.0, 65.0, -20.0, -20.0, -25.0, 15.0, -20.0, 20.0]",37.5
CGMacros-043,prediabetes,C05,3317.2739834495733,27,72,15,grouped,0,prediabetes,5,7,11,3.732638888888889,0.3125,0.4166666666666667,0.35714285714285715,1.8753488372093023,26.4,8.0,"[6.0, 5.0, 37.0, 8.0, 76.0]",
CGMacros-043,prediabetes,C05-15,3317.2739834495733,27,72,15,grouped,0,prediabetes,9,3,7,3.732638888888889,0.5625,0.75,0.6428571428571429,0.8037209302325582,10.444444444444445,5.0,"[-5.0, 6.0, 5.0, 37.0, 8.0, 76.0, -12.0, -6.0, -15.0]",
CGMacros-043,prediabetes,native,3317.2739834495733,27,72,15,grouped,0,prediabetes,13,3,7,3.732638888888889,0.65,0.8125,0.7222222222222222,0.8037209302325582,-3.4615384615384617,-10.0,"[-5.0, 5.0, 5.0, 35.0, -20.0, 5.0, -25.0, -15.0, -15.0, -10.0, -25.0, -15.0, 35.0]",55.0
CGMacros-043,prediabetes,C05,5800.487283279988,32,69,14,cross,0,T2D,2,9,14,3.732638888888889,0.125,0.18181818181818182,0.14814814814814814,2.4111627906976745,68.0,68.0,"[80.0, 56.0]",
CGMacros-043,prediabetes,C05-15,5800.487283279988,32,69,14,cross,0,T2D,3,8,13,3.732638888888889,0.1875,0.2727272727272727,0.2222222222222222,2.1432558139534885,41.333333333333336,56.0,"[80.0, -12.0, 56.0]",
CGMacros-043,prediabetes,native,5800.487283279988,32,69,14,cross,0,T2D,14,1,6,3.732638888888889,0.7,0.9333333333333333,0.8,0.26790697674418606,-15.0,-25.0,"[-25.0, 30.0, -25.0, -25.0, 10.0, -45.0, -10.0, -15.0, -35.0, 40.0, -40.0, -50.0, -40.0, 20.0]",55.0
CGMacros-043,prediabetes,C05,3541.8919502585377,27,216,44,mixT_grpTH,0,all,1,10,15,3.732638888888889,0.0625,0.09090909090909091,0.07407407407407407,2.6790697674418604,66.0,66.0,[66.0],
CGMacros-043,prediabetes,C05-15,3541.8919502585377,27,216,44,mixT_grpTH,0,all,5,6,11,3.732638888888889,0.3125,0.45454545454545453,0.37037037037037035,1.6074418604651164,9.0,-4.0,"[-10.0, -4.0, -5.0, -2.0, 66.0]",
CGMacros-043,prediabetes,native,3541.8919502585377,27,216,44,mixT_grpTH,0,all,12,2,8,3.732638888888889,0.6,0.8571428571428571,0.7058823529411765,0.5358139534883721,-9.583333333333334,-15.0,"[-10.0, 50.0, -5.0, -5.0, -35.0, -5.0, -25.0, -25.0, -25.0, -35.0, -20.0, 25.0]",50.0
CGMacros-044,prediabetes,C05,3512.7348845069246,27,216,44,mixed,0,all,8,3,6,3.7222222222222223,0.5714285714285714,0.7272727272727273,0.64,0.8059701492537313,32.5,11.0,"[6.0, 16.0, 0.0, 3.0, 99.0, 17.0, 0.0, 119.0]",
CGMacros-044,prediabetes,C05-15,3512.7348845069246,27,216,44,mixed,0,all,9,2,5,3.7222222222222223,0.6428571428571429,0.8181818181818182,0.72,0.5373134328358209,27.666666666666668,6.0,"[6.0, 16.0, 0.0, 3.0, 99.0, -11.0, 17.0, 0.0, 119.0]",
CGMacros-044,prediabetes,native,3512.7348845069246,27,216,44,mixed,0,all,11,1,3,3.7222222222222223,0.7857142857142857,0.9166666666666666,0.8461538461538461,0.26865671641791045,2.272727272727273,0.0,"[5.0, 15.0, 0.0, 0.0, -20.0, 40.0, -15.0, 15.0, 15.0, -30.0, 0.0]",65.0
CGMacros-044,prediabetes,C05,1998.5621392268895,22,75,15,cross,0,healthy,7,3,7,3.7222222222222223,0.5,0.7,0.5833333333333334,0.8059701492537313,20.857142857142858,8.0,"[1.0, 21.0, 5.0, 8.0, 94.0, 17.0, 0.0]",
CGMacros-044,prediabetes,C05-15,1998.5621392268895,22,75,15,cross,0,healthy,8,2,6,3.7222222222222223,0.5714285714285714,0.8,0.6666666666666666,0.5373134328358209,17.5,6.5,"[1.0, 21.0, 5.0, 8.0, 94.0, -6.0, 17.0, 0.0]",
CGMacros-044,prediabetes,native,1998.5621392268895,22,75,15,cross,0,healthy,10,1,4,3.7222222222222223,0.7142857142857143,0.9090909090909091,0.8,0.26865671641791045,6.0,5.0,"[0.0, 20.0, 5.0, 5.0, 35.0, -10.0, 15.0, 15.0, -25.0, 0.0]",60.0
CGMacros-044,prediabetes,C05,3623.942242277175,26,72,15,grouped,0,prediabetes,7,4,7,3.7222222222222223,0.5,0.6363636363636364,0.56,1.0746268656716418,24.428571428571427,10.0,"[6.0, 21.0, 10.0, 8.0, 99.0, 22.0, 5.0]",
CGMacros-044,prediabetes,C05-15,3623.942242277175,26,72,15,grouped,0,prediabetes,9,2,5,3.7222222222222223,0.6428571428571429,0.8181818181818182,0.72,0.5373134328358209,11.333333333333334,8.0,"[6.0, 21.0, 10.0, 8.0, -11.0, 42.0, -1.0, 22.0, 5.0]",
CGMacros-044,prediabetes,native,3623.942242277175,26,72,15,grouped,0,prediabetes,11,1,3,3.7222222222222223,0.7857142857142857,0.9166666666666666,0.8461538461538461,0.26865671641791045,7.2727272727272725,5.0,"[5.0, 20.0, 10.0, 5.0, -15.0, 40.0, -5.0, 20.0, 20.0, -25.0, 5.0]",70.0
CGMacros-044,prediabetes,C05,5800.487283279988,32,69,14,cross,0,T2D,5,8,9,3.7222222222222223,0.35714285714285715,0.38461538461538464,0.37037037037037035,2.1492537313432836,59.0,78.0,"[89.0, 2.0, 78.0, 22.0, 104.0]",
CGMacros-044,prediabetes,C05-15,5800.487283279988,32,69,14,cross,0,T2D,10,2,4,3.7222222222222223,0.7142857142857143,0.8333333333333334,0.7692307692307693,0.5373134328358209,22.0,-3.5,"[-9.0, -4.0, -15.0, -7.0, 89.0, 2.0, 78.0, -15.0, -3.0, 104.0]",
CGMacros-044,prediabetes,native,5800.487283279988,32,69,14,cross,0,T2D,13,1,1,3.7222222222222223,0.9285714285714286,0.9285714285714286,0.9285714285714286,0.26865671641791045,-13.076923076923077,-10.0,"[-10.0, -5.0, -15.0, -10.0, -35.0, 30.0, -30.0, 0.0, 0.0, -50.0, -15.0, -5.0, -25.0]",70.0
CGMacros-044,prediabetes,C05,3438.2668154134662,27,216,44,mixT_grpTH,0,all,8,3,6,3.7222222222222223,0.5714285714285714,0.7272727272727273,0.64,0.8059701492537313,32.5,11.0,"[6.0, 16.0, 0.0, 3.0, 99.0, 17.0, 0.0, 119.0]",
CGMacros-044,prediabetes,C05-15,3438.2668154134662,27,216,44,mixT_grpTH,0,all,9,2,5,3.7222222222222223,0.6428571428571429,0.8181818181818182,0.72,0.5373134328358209,27.666666666666668,6.0,"[6.0, 16.0, 0.0, 3.0, 99.0, -11.0, 17.0, 0.0, 119.0]",
CGMacros-044,prediabetes,native,3438.2668154134662,27,216,44,mixT_grpTH,0,all,11,1,3,3.7222222222222223,0.7857142857142857,0.9166666666666666,0.8461538461538461,0.26865671641791045,2.272727272727273,0.0,"[5.0, 15.0, 0.0, 0.0, -20.0, 40.0, -15.0, 15.0, 15.0, -30.0, 0.0]",65.0
CGMacros-045,prediabetes,C05,3448.92618457193,27,216,44,mixed,0,all,3,11,9,3.732638888888889,0.25,0.21428571428571427,0.23076923076923078,2.9469767441860464,71.66666666666667,90.0,"[98.0, 90.0, 27.0]",
CGMacros-045,prediabetes,C05-15,3448.92618457193,27,216,44,mixed,0,all,6,8,6,3.732638888888889,0.5,0.42857142857142855,0.46153846153846156,2.1432558139534885,29.333333333333332,7.5,"[98.0, 90.0, -12.0, 27.0, -15.0, -12.0]",
CGMacros-045,prediabetes,native,3448.92618457193,27,216,44,mixed,0,all,9,10,3,3.732638888888889,0.75,0.47368421052631576,0.5806451612903226,2.6790697674418604,-26.11111111111111,-20.0,"[-50.0, -20.0, -15.0, -20.0, -30.0, -25.0, -45.0, -15.0, -15.0]",45.0
CGMacros-045,prediabetes,C05,2273.752686144575,22,75,15,cross,0,healthy,2,9,10,3.732638888888889,0.16666666666666666,0.18181818181818182,0.17391304347826086,2.4111627906976745,63.5,63.5,"[95.0, 32.0]",
CGMacros-045,prediabetes,C05-15,2273.752686144575,22,75,15,cross,0,healthy,5,6,7,3.732638888888889,0.4166666666666667,0.45454545454545453,0.43478260869565216,1.6074418604651164,17.6,-12.0,"[95.0, -12.0, 32.0, -15.0, -12.0]",
CGMacros-045,prediabetes,native,2273.752686144575,22,75,15,cross,0,healthy,8,8,4,3.732638888888889,0.6666666666666666,0.5,0.5714285714285714,2.1432558139534885,-26.25,-22.5,"[-50.0, -20.0, -15.0, -25.0, -25.0, -45.0, -15.0, -15.0]",32.5
CGMacros-045,prediabetes,C05,3686.3945705236147,28,72,15,grouped,0,prediabetes,3,11,9,3.732638888888889,0.25,0.21428571428571427,0.23076923076923078,2.9469767441860464,73.33333333333333,90.0,"[98.0, 90.0, 32.0]",
CGMacros-045,prediabetes,C05-15,3686.3945705236147,28,72,15,grouped,0,prediabetes,6,8,6,3.732638888888889,0.5,0.42857142857142855,0.46153846153846156,2.1432558139534885,30.166666666666668,10.0,"[98.0, 90.0, -12.0, 32.0, -15.0, -12.0]",
CGMacros-045,prediabetes,native,3686.3945705236147,28,72,15,grouped,0,prediabetes,9,10,3,3.732638888888889,0.75,0.47368421052631576,0.5806451612903226,2.6790697674418604,-26.11111111111111,-20.0,"[-50.0, -20.0, -15.0, -20.0, -30.0, -25.0, -45.0, -15.0, -15.0]",50.0
CGMacros-045,prediabetes,C05,5800.487283279988,32,69,14,cross,0,T2D,3,10,9,3.732638888888889,0.25,0.23076923076923078,0.24,2.6790697674418604,85.33333333333333,88.0,"[88.0, 70.0, 98.0]",
CGMacros-045,prediabetes,C05-15,5800.487283279988,32,69,14,cross,0,T2D,3,10,9,3.732638888888889,0.25,0.23076923076923078,0.24,2.6790697674418604,85.33333333333333,88.0,"[88.0, 70.0, 98.0]",
CGMacros-045,prediabetes,native,5800.487283279988,32,69,14,cross,0,T2D,9,10,3,3.732638888888889,0.75,0.47368421052631576,0.5806451612903226,2.6790697674418604,-42.77777777777778,-35.0,"[-70.0, -35.0, -35.0, -25.0, -55.0, -45.0, -55.0, -35.0, -30.0]",45.0
CGMacros-045,prediabetes,C05,3369.347979652932,27,216,44,mixT_grpTH,0,all,3,11,9,3.732638888888889,0.25,0.21428571428571427,0.23076923076923078,2.9469767441860464,71.66666666666667,90.0,"[98.0, 90.0, 27.0]",
CGMacros-045,prediabetes,C05-15,3369.347979652932,27,216,44,mixT_grpTH,0,all,6,8,6,3.732638888888889,0.5,0.42857142857142855,0.46153846153846156,2.1432558139534885,29.333333333333332,7.5,"[98.0, 90.0, -12.0, 27.0, -15.0, -12.0]",
CGMacros-045,prediabetes,native,3369.347979652932,27,216,44,mixT_grpTH,0,all,9,10,3,3.732638888888889,0.75,0.47368421052631576,0.5806451612903226,2.6790697674418604,-26.11111111111111,-20.0,"[-50.0, -20.0, -15.0, -20.0, -30.0, -25.0, -45.0, -15.0, -15.0]",45.0
CGMacros-046,T2D,C05,3454.09075803835,27,216,44,mixed,0,all,3,9,8,3.7152777777777777,0.2727272727272727,0.25,0.2608695652173913,2.4224299065420563,27.333333333333332,2.0,"[80.0, 2.0, 0.0]",
CGMacros-046,T2D,C05-15,3454.09075803835,27,216,44,mixed,0,all,5,7,6,3.7152777777777777,0.45454545454545453,0.4166666666666667,0.43478260869565216,1.8841121495327102,13.0,0.0,"[80.0, -6.0, -11.0, 2.0, 0.0]",
CGMacros-046,T2D,native,3454.09075803835,27,216,44,mixed,0,all,8,6,3,3.7152777777777777,0.7272727272727273,0.5714285714285714,0.64,1.6149532710280374,-22.5,-17.5,"[-10.0, -20.0, -15.0, -80.0, -20.0, -35.0, 0.0, 0.0]",47.5
CGMacros-046,T2D,C05,3384.2856400866294,22,75,15,cross,0,healthy,1,7,10,3.7152777777777777,0.09090909090909091,0.125,0.10526315789473684,1.8841121495327102,85.0,85.0,[85.0],
CGMacros-046,T2D,C05-15,3384.2856400866294,22,75,15,cross,0,healthy,5,3,6,3.7152777777777777,0.45454545454545453,0.625,0.5263157894736842,0.8074766355140187,11.0,-6.0,"[85.0, -11.0, -12.0, -6.0, -1.0]",
CGMacros-046,T2D,native,3384.2856400866294,22,75,15,cross,0,healthy,5,4,6,3.7152777777777777,0.45454545454545453,0.5555555555555556,0.5,1.0766355140186916,-23.0,-15.0,"[-15.0, -15.0, -10.0, -40.0, -35.0]",40.0
CGMacros-046,T2D,C05,6146.5411504187505,27,77,16,cross,0,prediabetes,3,5,8,3.7152777777777777,0.2727272727272727,0.375,0.3157894736842105,1.3457943925233644,38.666666666666664,19.0,"[90.0, 19.0, 7.0]",
CGMacros-046,T2D,C05-15,6146.5411504187505,27,77,16,cross,0,prediabetes,6,2,5,3.7152777777777777,0.5454545454545454,0.75,0.631578947368421,0.5383177570093458,17.0,3.0,"[90.0, 19.0, -7.0, -1.0, -6.0, 7.0]",
CGMacros-046,T2D,native,6146.5411504187505,27,77,16,cross,0,prediabetes,6,3,5,3.7152777777777777,0.5454545454545454,0.6666666666666666,0.6,0.8074766355140187,-5.0,-7.5,"[15.0, -10.0, -5.0, -10.0, -25.0, 5.0]",57.5
CGMacros-046,T2D,C05,10704.540262720737,32,64,13,grouped,0,T2D,1,9,10,3.7152777777777777,0.09090909090909091,0.1,0.09523809523809523,2.4224299065420563,70.0,70.0,[70.0],
CGMacros-046,T2D,C05-15,10704.540262720737,32,64,13,grouped,0,T2D,2,8,9,3.7152777777777777,0.18181818181818182,0.2,0.19047619047619047,2.1532710280373832,31.0,31.0,"[70.0, -8.0]",
CGMacros-046,T2D,native,10704.540262720737,32,64,13,grouped,0,T2D,7,4,4,3.7152777777777777,0.6363636363636364,0.6363636363636364,0.6363636363636364,1.0766355140186916,-30.714285714285715,-35.0,"[-25.0, -40.0, -35.0, -35.0, -50.0, -10.0, -20.0]",45.0
CGMacros-046,T2D,C05,4459.408761708852,27,216,44,mixT_grpTH,0,all,3,8,8,3.7152777777777777,0.2727272727272727,0.2727272727272727,0.2727272727272727,2.1532710280373832,27.333333333333332,2.0,"[80.0, 2.0, 0.0]",
CGMacros-046,T2D,C05-15,4459.408761708852,27,216,44,mixT_grpTH,0,all,5,6,6,3.7152777777777777,0.45454545454545453,0.45454545454545453,0.45454545454545453,1.6149532710280374,13.0,0.0,"[80.0, -6.0, -11.0, 2.0, 0.0]",
CGMacros-046,T2D,native,4459.408761708852,27,216,44,mixT_grpTH,0,all,8,5,3,3.7152777777777777,0.7272727272727273,0.6153846153846154,0.6666666666666666,1.3457943925233644,-22.5,-17.5,"[-10.0, -20.0, -15.0, -80.0, -20.0, -35.0, 0.0, 0.0]",47.5
CGMacros-047,T2D,C05,3463.602800924502,27,217,44,mixed,0,all,5,7,4,3.861111111111111,0.5555555555555556,0.4166666666666667,0.47619047619047616,1.8129496402877698,29.0,30.0,"[34.0, 30.0, 11.0, 67.0, 3.0]",
CGMacros-047,T2D,C05-15,3463.602800924502,27,217,44,mixed,0,all,5,7,4,3.861111111111111,0.5555555555555556,0.4166666666666667,0.47619047619047616,1.8129496402877698,29.0,30.0,"[34.0, 30.0, 11.0, 67.0, 3.0]",
CGMacros-047,T2D,native,3463.602800924502,27,217,44,mixed,0,all,7,8,2,3.861111111111111,0.7777777777777778,0.4666666666666667,0.5833333333333334,2.0719424460431655,0.0,0.0,"[-20.0, -25.0, 30.0, 30.0, 10.0, -25.0, 0.0]",65.0
CGMacros-047,T2D,C05,3384.2856400866294,22,75,15,cross,0,healthy,2,4,7,3.861111111111111,0.2222222222222222,0.3333333333333333,0.26666666666666666,1.0359712230215827,25.5,25.5,"[35.0, 16.0]",
CGMacros-047,T2D,C05-15,3384.2856400866294,22,75,15,cross,0,healthy,2,4,7,3.861111111111111,0.2222222222222222,0.3333333333333333,0.26666666666666666,1.0359712230215827,25.5,25.5,"[35.0, 16.0]",
CGMacros-047,T2D,native,3384.2856400866294,22,75,15,cross,0,healthy,4,5,5,3.861111111111111,0.4444444444444444,0.4444444444444444,0.4444444444444444,1.2949640287769784,1.25,-2.5,"[-20.0, -25.0, 35.0, 15.0]",52.5
CGMacros-047,T2D,C05,6146.5411504187505,27,77,16,cross,0,prediabetes,4,4,5,3.861111111111111,0.4444444444444444,0.5,0.47058823529411764,1.0359712230215827,30.75,30.5,"[49.0, 40.0, 21.0, 13.0]",
CGMacros-047,T2D,C05-15,6146.5411504187505,27,77,16,cross,0,prediabetes,6,2,3,3.861111111111111,0.6666666666666666,0.75,0.7058823529411765,0.5179856115107914,17.333333333333332,17.0,"[-7.0, -12.0, 49.0, 40.0, 21.0, 13.0]",
CGMacros-047,T2D,native,6146.5411504187505,27,77,16,cross,0,prediabetes,6,4,3,3.861111111111111,0.6666666666666666,0.6,0.631578947368421,1.0359712230215827,15.0,15.0,"[-10.0, -15.0, 45.0, 40.0, 20.0, 10.0]",80.0
CGMacros-047,T2D,C05,10038.558906805672,32,65,13,grouped,0,T2D,3,6,6,3.861111111111111,0.3333333333333333,0.3333333333333333,0.3333333333333333,1.553956834532374,47.333333333333336,19.0,"[19.0, 10.0, 113.0]",
CGMacros-047,T2D,C05-15,10038.558906805672,32,65,13,grouped,0,T2D,4,5,5,3.861111111111111,0.4444444444444444,0.4444444444444444,0.4444444444444444,1.2949640287769784,34.5,14.5,"[19.0, 10.0, -4.0, 113.0]",
CGMacros-047,T2D,native,10038.558906805672,32,65,13,grouped,0,T2D,5,6,4,3.861111111111111,0.5555555555555556,0.45454545454545453,0.5,1.553956834532374,-11.0,-5.0,"[-30.0, -45.0, 15.0, 10.0, -5.0]",75.0
CGMacros-047,T2D,C05,6002.45876271433,27,217,44,mixT_grpTH,0,all,3,5,6,3.861111111111111,0.3333333333333333,0.375,0.35294117647058826,1.2949640287769784,25.0,30.0,"[34.0, 30.0, 11.0]",
CGMacros-047,T2D,C05-15,6002.45876271433,27,217,44,mixT_grpTH,0,all,3,5,6,3.861111111111111,0.3333333333333333,0.375,0.35294117647058826,1.2949640287769784,25.0,30.0,"[34.0, 30.0, 11.0]",
CGMacros-047,T2D,native,6002.45876271433,27,217,44,mixT_grpTH,0,all,5,5,4,3.861111111111111,0.5555555555555556,0.5,0.5263157894736842,1.2949640287769784,5.0,10.0,"[-20.0, -25.0, 30.0, 30.0, 10.0]",75.0
CGMacros-048,healthy,C05,3629.6601666062343,27,216,44,mixed,0,all,1,13,12,3.9583333333333335,0.07692307692307693,0.07142857142857142,0.07407407407407407,3.2842105263157895,69.0,69.0,[69.0],
CGMacros-048,healthy,C05-15,3629.6601666062343,27,216,44,mixed,0,all,2,12,11,3.9583333333333335,0.15384615384615385,0.14285714285714285,0.14814814814814814,3.031578947368421,29.5,29.5,"[-10.0, 69.0]",
CGMacros-048,healthy,native,3629.6601666062343,27,216,44,mixed,0,all,12,3,2,3.9583333333333335,0.8571428571428571,0.8,0.8275862068965517,0.7578947368421053,-22.083333333333332,-20.0,"[-20.0, -20.0, -20.0, -30.0, -30.0, -25.0, -20.0, -20.0, -20.0, -30.0, -10.0, -20.0]",45.0
CGMacros-048,healthy,C05,1297.9160137946237,22,70,14,grouped,0,healthy,4,17,9,3.9583333333333335,0.3076923076923077,0.19047619047619047,0.23529411764705882,4.294736842105263,82.25,76.5,"[73.0, 79.0, 103.0, 74.0]",
CGMacros-048,healthy,C05-15,1297.9160137946237,22,70,14,grouped,0,healthy,6,13,7,3.9583333333333335,0.46153846153846156,0.3157894736842105,0.375,3.2842105263157895,10.5,-6.0,"[-12.0, -11.0, -6.0, 103.0, -5.0, -6.0]",
CGMacros-048,healthy,native,1297.9160137946237,22,70,14,grouped,0,healthy,14,11,0,3.9583333333333335,1.0,0.56,0.717948717948718,2.7789473684210524,-18.928571428571427,-20.0,"[-20.0, -35.0, -15.0, -10.0, -25.0, -25.0, -20.0, -20.0, -20.0, -20.0, -25.0, -5.0, -10.0, -15.0]",35.0
CGMacros-048,healthy,C05,2241.3066671430643,27,77,16,cross,0,prediabetes,5,13,8,3.9583333333333335,0.38461538461538464,0.2777777777777778,0.3225806451612903,3.2842105263157895,43.0,9.0,"[94.0, 4.0, 108.0, 0.0, 9.0]",
CGMacros-048,healthy,C05-15,2241.3066671430643,27,77,16,cross,0,prediabetes,11,6,2,3.9583333333333335,0.8461538461538461,0.6470588235294118,0.7333333333333333,1.5157894736842106,4.909090909090909,-7.0,"[-7.0, -12.0, -6.0, 4.0, 108.0, -12.0, -13.0, -8.0, -9.0, 0.0, 9.0]",
CGMacros-048,healthy,native,2241.3066671430643,27,77,16,cross,0,prediabetes,14,8,0,3.9583333333333335,1.0,0.6363636363636364,0.7777777777777778,2.0210526315789474,-15.714285714285714,-12.5,"[-10.0, -15.0, -10.0, 0.0, -20.0, -20.0, -15.0, -15.0, -10.0, -80.0, -20.0, 0.0, 5.0, -10.0]",52.5
CGMacros-048,healthy,C05,4740.471435005718,32,69,14,cross,0,T2D,1,12,12,3.9583333333333335,0.07692307692307693,0.07692307692307693,0.07692307692307693,3.031578947368421,4.0,4.0,[4.0],
CGMacros-048,healthy,C05-15,4740.471435005718,32,69,14,cross,0,T2D,1,12,12,3.9583333333333335,0.07692307692307693,0.07692307692307693,0.07692307692307693,3.031578947368421,4.0,4.0,[4.0],
CGMacros-048,healthy,native,4740.471435005718,32,69,14,cross,0,T2D,13,3,1,3.9583333333333335,0.9285714285714286,0.8125,0.8666666666666667,0.7578947368421053,-34.61538461538461,-35.0,"[-40.0, -35.0, -35.0, -50.0, -45.0, -45.0, -35.0, -25.0, -30.0, -55.0, -25.0, 0.0, -30.0]",45.0
CGMacros-048,healthy,C05,2111.4749255590177,27,216,44,mixT_grpTH,0,all,2,14,11,3.9583333333333335,0.15384615384615385,0.125,0.13793103448275862,3.536842105263158,46.5,46.5,"[89.0, 4.0]",
CGMacros-048,healthy,C05-15,2111.4749255590177,27,216,44,mixT_grpTH,0,all,4,13,9,3.9583333333333335,0.3076923076923077,0.23529411764705882,0.26666666666666666,3.2842105263157895,19.25,-1.0,"[89.0, -6.0, -10.0, 4.0]",
CGMacros-048,healthy,native,2111.4749255590177,27,216,44,mixT_grpTH,0,all,14,7,0,3.9583333333333335,1.0,0.6666666666666666,0.8,1.768421052631579,-19.642857142857142,-20.0,"[-20.0, -20.0, -20.0, -10.0, -30.0, -30.0, -25.0, -20.0, -20.0, -20.0, -30.0, -10.0, 0.0, -20.0]",45.0
CGMacros-049,T2D,C05,3589.980631260998,27,216,44,mixed,0,all,5,9,5,3.9270833333333335,0.5,0.35714285714285715,0.4166666666666667,2.291777188328912,11.2,6.0,"[2.0, 27.0, 1.0, 6.0, 20.0]",
CGMacros-049,T2D,C05-15,3589.980631260998,27,216,44,mixed,0,all,9,5,1,3.9270833333333335,0.9,0.6428571428571429,0.75,1.273209549071618,2.7777777777777777,1.0,"[2.0, -4.0, -11.0, 27.0, 1.0, -3.0, 6.0, -13.0, 20.0]",
CGMacros-049,T2D,native,3589.980631260998,27,216,44,mixed,0,all,10,8,0,3.9270833333333335,1.0,0.5555555555555556,0.7142857142857143,2.037135278514589,-1.0,-2.5,"[0.0, -5.0, -15.0, 25.0, 0.0, -5.0, 5.0, -15.0, -20.0, 20.0]",62.5
CGMacros-049,T2D,C05,2639.519206627572,22,75,15,cross,0,healthy,5,7,5,3.9270833333333335,0.5,0.4166666666666667,0.45454545454545453,1.782493368700265,13.2,6.0,"[2.0, 1.0, 27.0, 6.0, 30.0]",
CGMacros-049,T2D,C05-15,2639.519206627572,22,75,15,cross,0,healthy,8,4,2,3.9270833333333335,0.8,0.6666666666666666,0.7272727272727273,1.0185676392572944,5.5,1.5,"[2.0, 1.0, -11.0, 27.0, -3.0, 6.0, -8.0, 30.0]",
CGMacros-049,T2D,native,2639.519206627572,22,75,15,cross,0,healthy,9,4,1,3.9270833333333335,0.9,0.6923076923076923,0.782608695652174,1.0185676392572944,1.6666666666666667,0.0,"[0.0, 0.0, -15.0, 25.0, -5.0, 5.0, -10.0, -15.0, 30.0]",55.0
CGMacros-049,T2D,C05,6146.5411504187505,27,77,16,cross,0,prediabetes,7,4,3,3.9270833333333335,0.7,0.6363636363636364,0.6666666666666666,1.0185676392572944,15.714285714285714,12.0,"[12.0, 6.0, 37.0, 7.0, 16.0, 2.0, 30.0]",
CGMacros-049,T2D,C05-15,6146.5411504187505,27,77,16,cross,0,prediabetes,8,3,2,3.9270833333333335,0.8,0.7272727272727273,0.7619047619047619,0.7639257294429708,13.625,9.5,"[12.0, 6.0, -1.0, 37.0, 7.0, 16.0, 2.0, 30.0]",
CGMacros-049,T2D,native,6146.5411504187505,27,77,16,cross,0,prediabetes,9,3,1,3.9270833333333335,0.9,0.75,0.8181818181818182,0.7639257294429708,9.444444444444445,5.0,"[10.0, 5.0, -5.0, 35.0, 5.0, 15.0, 0.0, -10.0, 30.0]",70.0
CGMacros-049,T2D,C05,10878.8621895588,32,64,13,grouped,0,T2D,3,7,7,3.9270833333333335,0.3,0.3,0.3,1.782493368700265,43.0,12.0,"[117.0, 12.0, 0.0]",
CGMacros-049,T2D,C05-15,10878.8621895588,32,64,13,grouped,0,T2D,4,6,6,3.9270833333333335,0.4,0.4,0.4,1.5278514588859415,-2.5,-4.5,"[-13.0, 12.0, -9.0, 0.0]",
CGMacros-049,T2D,native,10878.8621895588,32,64,13,grouped,0,T2D,9,3,1,3.9270833333333335,0.9,0.75,0.8181818181818182,0.7639257294429708,-18.333333333333332,-25.0,"[-15.0, -25.0, -30.0, 10.0, -25.0, -10.0, -30.0, -40.0, 0.0]",55.0
CGMacros-049,T2D,C05,4562.960464194388,27,216,44,mixT_grpTH,0,all,5,8,5,3.9270833333333335,0.5,0.38461538461538464,0.43478260869565216,2.037135278514589,11.2,6.0,"[2.0, 27.0, 1.0, 6.0, 20.0]",
CGMacros-049,T2D,C05-15,4562.960464194388,27,216,44,mixT_grpTH,0,all,9,4,1,3.9270833333333335,0.9,0.6923076923076923,0.782608695652174,1.0185676392572944,2.7777777777777777,1.0,"[2.0, -4.0, -11.0, 27.0, 1.0, -3.0, 6.0, -13.0, 20.0]",
CGMacros-049,T2D,native,4562.960464194388,27,216,44,mixT_grpTH,0,all,10,4,0,3.9270833333333335,1.0,0.7142857142857143,0.8333333333333334,1.0185676392572944,-1.0,-2.5,"[0.0, -5.0, -15.0, 25.0, 0.0, -5.0, 5.0, -15.0, -20.0, 20.0]",62.5
